country/economy code,year,"reporting data level: rural, urban, or national coverage",income or consumption used in survey,"Prosperity Gap, z=28/day","Inequality, z=ybar","Mean, $/day 2021 PPPs"
AGO,2000,national,consumption,9.60920241805924,2.875986576080322,8.380260818148001
AGO,2008,national,consumption,6.838755590243519,1.807796239852905,7.401681958898
AGO,2018,national,consumption,10.96424214766085,2.434865474700928,6.218052215342
ALB,1996,national,consumption,4.209428087906208,1.269147515296936,8.442032597856
ALB,2002,national,consumption,4.429309761017079,1.364912986755371,8.628333842450999
ALB,2005,national,consumption,3.860996725132536,1.344995975494385,9.753929077405999
ALB,2008,national,consumption,3.45062798655983,1.316423296928406,10.682071072609
ALB,2012,national,consumption,3.634575084843396,1.314640998840332,10.127717460025
ALB,2014,national,consumption,3.839190183916707,1.479709982872009,10.791827595527
ALB,2015,national,consumption,3.029822473380472,1.410029768943787,13.030741705777
ALB,2016,national,consumption,3.038517368712439,1.447189092636108,13.335877223746
ALB,2016,national,income,4.95816415280841,1.87395167350769,10.582676521098
ALB,2017,national,consumption,3.028759545091204,1.428637862205505,13.207340743472
ALB,2017,national,income,4.545554794050248,1.798551440238953,11.078832396219
ALB,2018,national,consumption,2.701914763052627,1.367429256439209,14.170698885466
ALB,2018,national,income,4.062998715300984,1.682698011398315,11.596248899589
ALB,2019,national,consumption,2.5514344132287,1.333290219306946,14.631818313763
ALB,2020,national,consumption,2.512495131905294,1.33226466178894,14.847157669537
ARE,2013,national,income,.5748088427742175,1.5327467918396,74.662923281709
ARE,2018,national,income,.4853310626780448,1.407130360603333,81.18098022359899
ARG,1980,urban,income,1.394109200999341,1.766507983207703,35.479446616861
ARG,1986,urban,income,2.39731941867981,3.290042638778687,38.426751195005
ARG,1987,urban,income,2.362485903596686,2.963577270507813,35.124087320527
ARG,1991,urban,income,2.672737908523467,2.379152297973633,24.924353573377
ARG,1992,urban,income,3.056260312847208,2.743726253509521,25.136711188063
ARG,1993,urban,income,3.084788729256581,2.775161266326904,25.189574506685
ARG,1994,urban,income,3.387769846578072,3.011034488677979,24.88627255791
ARG,1995,urban,income,4.164076339790459,3.515842199325562,23.641156783667
ARG,1996,urban,income,4.816166409860052,3.983744144439697,23.160503034754
ARG,1997,urban,income,4.184862295585788,3.626927614212036,24.26698022729
ARG,1998,urban,income,4.110240500915554,3.459010124206543,23.56365321875
ARG,1999,urban,income,4.459001542539606,3.577045202255249,22.4618141485
ARG,2000,urban,income,4.750332016669541,3.727355718612671,21.970245449563
ARG,2001,urban,income,6.386010902396044,4.614911079406738,20.234463726807
ARG,2002,urban,income,6.683960141530135,3.392637729644775,14.21221215811
ARG,2003,urban,income,4.178647783672582,2.998393297195435,20.09143048403
ARG,2004,urban,income,3.467751681257039,2.68218207359314,21.657000030013
ARG,2005,urban,income,3.037686157532771,2.584425449371338,23.822049824862
ARG,2006,urban,income,2.67506376919801,2.523067474365234,26.409047556263
ARG,2007,urban,income,2.563577645275552,2.494079113006592,27.240919456524
ARG,2008,urban,income,2.422590708370057,2.412328243255615,27.881386718032
ARG,2009,urban,income,2.266943377818016,2.336231470108032,28.855805974706
ARG,2010,urban,income,2.061167197076765,2.189151763916016,29.738611527974
ARG,2011,urban,income,1.878112493758721,2.12175178527832,31.632317994989
ARG,2012,urban,income,1.855473125573051,2.07738733291626,31.348795342755
ARG,2013,urban,income,1.859015429900168,2.083046197891235,31.374293028925
ARG,2014,urban,income,1.958569211218645,2.04683518409729,29.261862045081
ARG,2016,urban,income,1.935746481245869,2.099107980728149,30.362976939534
ARG,2017,urban,income,1.821132650837008,2.067561388015747,31.788854206097
ARG,2018,urban,income,2.045903798547096,2.093378782272339,28.649738426926
ARG,2019,urban,income,2.181640760610727,2.173870325088501,27.900270272614
ARG,2020,urban,income,2.434027964720769,2.115760803222656,24.338792585339
ARG,2021,urban,income,2.184794682060009,2.063437700271606,26.444706440931
ARG,2022,urban,income,2.118253761456187,1.889494776725769,24.976164920963
ARG,2023,urban,income,2.256163772472789,2.014606475830078,25.002166108131
ARM,1996,national,income,6.395968845500204,1.777097105979919,7.779700173736
ARM,1999,national,consumption,7.057371099228077,1.477742433547974,5.86291814573
ARM,2001,national,consumption,7.336791267411955,1.459732294082642,5.570896405766
ARM,2002,national,consumption,6.844450152809113,1.428456902503967,5.843682676151
ARM,2003,national,consumption,6.37851301304108,1.368201494216919,6.006045835904
ARM,2004,national,consumption,5.673264068517273,1.508772253990173,7.446440739557
ARM,2005,national,consumption,4.954477917186211,1.451845407485962,8.205036226135
ARM,2006,national,consumption,4.648482013811982,1.314834475517273,7.919868259221
ARM,2007,national,consumption,4.306181468048842,1.356752634048462,8.821985935063999
ARM,2008,national,consumption,4.048958872343474,1.303910851478577,9.017010602576001
ARM,2009,national,consumption,4.454571304241199,1.274995088577271,8.014208292604
ARM,2010,national,consumption,4.479575752570859,1.309008002281189,8.182074942536
ARM,2011,national,consumption,4.368818860883485,1.303239345550537,8.352532837318
ARM,2012,national,consumption,4.235189393589575,1.308779120445251,8.652698199084
ARM,2013,national,consumption,4.19576170899193,1.345356702804565,8.978104855772999
ARM,2014,national,consumption,4.13253538527244,1.359061241149902,9.208321225408
ARM,2015,national,consumption,3.92801042364345,1.384833455085754,9.871495153213001
ARM,2016,national,consumption,3.778563825197728,1.402408123016357,10.392156820555
ARM,2017,national,consumption,3.856619159719018,1.392632246017456,10.110850974985
ARM,2018,national,consumption,3.937541612320816,1.421500444412231,10.108340425185
ARM,2019,national,consumption,4.058038005417999,1.31708288192749,9.087721708675
ARM,2020,national,consumption,3.971914796323488,1.218495488166809,8.589779973334
ARM,2021,national,consumption,3.986770433676355,1.273140788078308,8.941558378416
ARM,2022,national,consumption,4.033831269068731,1.277099132537842,8.864717634701
ARM,2023,national,consumption,3.988693455173574,1.260498762130737,8.848503041633
AUS,1981,national,income,1.323352548825181,1.971529722213745,41.714381638434
AUS,1985,national,income,1.388917873517111,2.138110637664795,43.103412771498
AUS,1989,national,income,1.279052243332741,2.023581743240356,44.298649289365
AUS,1995,national,income,1.539601638651447,2.242926359176636,40.791029659062
AUS,2001,national,income,1.423965656510753,2.390034914016724,46.996199929082
AUS,2003,national,income,1.49273266751138,2.583821058273315,48.466140135834
AUS,2004,national,income,1.159855587796837,2.185050249099731,52.749161652118
AUS,2008,national,income,.9387957478773123,2.236144542694092,66.69400262994399
AUS,2010,national,income,.9153617303352137,2.172478914260864,66.453958052202
AUS,2014,national,income,.8889965861444933,2.255564451217651,71.04167371177
AUS,2016,national,income,.877269179226275,2.174403429031372,69.400929557533
AUS,2018,national,income,.9250261769516545,2.322459936141968,70.299496994373
AUT,1994,national,income,.6609184256849633,1.482200264930725,62.793843116719
AUT,1995,national,income,.6459305493218152,1.417775750160217,61.458188180154
AUT,1996,national,income,.6492945884063027,1.367357730865479,58.96555756068
AUT,1997,national,income,.6684912230040744,1.40637731552124,58.906631684949
AUT,1998,national,income,.6732467071320102,1.485183000564575,61.768031325149
AUT,1999,national,income,.6206634244161759,1.409904837608337,63.605060232624
AUT,2000,national,income,.6285708292150923,1.387699246406555,61.815754241409
AUT,2003,national,income,.8002287465457921,1.875053882598877,65.608127640031
AUT,2004,national,income,.6187162266808643,1.529927492141724,69.23686270441701
AUT,2005,national,income,.6563451890531296,1.551139831542969,66.17236709846
AUT,2006,national,income,.5925348709410583,1.433588862419128,67.74367275536
AUT,2007,national,income,.8161250756092495,2.056520700454712,70.556072278768
AUT,2008,national,income,.7306896131217535,1.872024655342102,71.73591989607
AUT,2009,national,income,.9610044651464815,2.549638748168945,74.28673726467601
AUT,2010,national,income,.8107467457438907,2.172725200653076,75.03737019812
AUT,2011,national,income,.8245426392751301,2.168260335922241,73.630260111989
AUT,2012,national,income,.9535148892262038,2.450093507766724,71.94708486850401
AUT,2013,national,income,.6952410194194236,1.873968958854675,75.471858921231
AUT,2014,national,income,.6625537806032932,1.7583327293396,74.30840748915401
AUT,2015,national,income,1.085561173925974,2.870181798934937,74.030920433397
AUT,2016,national,income,1.034348827014357,2.858656406402588,77.384319311311
AUT,2017,national,income,.7275319689718406,1.983781337738037,76.34836663815901
AUT,2018,national,income,.9542215098527478,2.629174709320068,77.148639707553
AUT,2019,national,income,.9040950246341112,2.541011333465576,78.69561593340499
AUT,2020,national,income,1.050403375311848,2.959883451461792,78.899915336934
AUT,2021,national,income,.8774696686921089,2.467999458312988,78.75369899501899
AUT,2022,national,income,.6075141654000773,1.78840708732605,82.42671819028099
AZE,1995,national,consumption,7.105008116214719,1.557480216026306,6.137846158126
AZE,2001,national,consumption,5.544971986566217,1.483954191207886,7.493404299686
AZE,2002,national,consumption,3.568582275989317,1.205323219299316,9.457271410725999
AZE,2003,national,consumption,3.511682559859861,1.235704302787781,9.852747253993
AZE,2004,national,consumption,3.37821299616812,1.223315715789795,10.139337360526
AZE,2005,national,consumption,3.03230026709063,1.220999479293823,11.274604137995
BDI,1992,national,consumption,19.31335849471988,1.390512228012085,2.015928139458
BDI,1998,national,consumption,27.19342292015041,1.798936486244202,1.852294268762
BDI,2006,national,consumption,16.91419040017014,1.357027888298035,2.246444056831
BDI,2013,national,consumption,17.07646169609309,1.561321377754211,2.560073515275
BDI,2020,national,consumption,16.37579386523829,1.53062641620636,2.617127478681
BEL,1985,national,income,1.013873794159518,1.435555100440979,39.645508888696
BEL,1988,national,income,1.316802445645862,1.960620164871216,41.689902909776
BEL,1992,national,income,1.486933223695306,2.382348537445068,44.861301918904
BEL,1995,national,income,1.04249267844624,2.001541137695313,53.758795155086
BEL,1997,national,income,.95318943046857,1.799492597579956,52.860210834251
BEL,2000,national,income,.9339553354050012,2.115731477737427,63.429675068732
BEL,2003,national,income,.8046511057001183,1.633922338485718,56.856723408531
BEL,2004,national,income,.6454341666960276,1.414217710494995,61.351097540573
BEL,2005,national,income,.7392112433886312,1.617844104766846,61.281043102162
BEL,2006,national,income,.7195577390649671,1.54816460609436,60.243407845302
BEL,2007,national,income,.6816907953075595,1.509312987327576,61.994034204514
BEL,2008,national,income,.6554579812072056,1.470698595046997,62.825631627486
BEL,2009,national,income,.646948930125509,1.466643929481506,63.476461454597
BEL,2010,national,income,.6902375571176966,1.553232431411743,63.00802949075
BEL,2011,national,income,.6859625763683812,1.506000399589539,61.472759875116
BEL,2012,national,income,.7109696548861597,1.605256319046021,63.219544214366
BEL,2013,national,income,.7120143491184825,1.604268908500671,63.087954401588
BEL,2014,national,income,.6245743869128972,1.424130082130432,63.844506519155
BEL,2015,national,income,.6170270872714986,1.423573136329651,64.600156299042
BEL,2016,national,income,.6358518711406554,1.451147437095642,63.901875959863
BEL,2017,national,income,.6598764863609243,1.522631406784058,64.608577268259
BEL,2018,national,income,.6073285225968189,1.434240818023682,66.12359142941401
BEL,2019,national,income,.5886936614791752,1.438486218452454,68.418629339359
BEL,2020,national,income,.5453225642388229,1.32711386680603,68.14166597737599
BEL,2021,national,income,.5352209246609358,1.354074001312256,70.838175178675
BEL,2022,national,income,.5339725261001048,1.304250836372375,68.39120112056
BEN,2003,national,consumption,14.99871221252635,1.550835967063904,2.895142269667
BEN,2011,national,consumption,15.38388695104313,1.727642774581909,3.144458658033
BEN,2015,national,consumption,21.50545110618601,2.424146890640259,3.156228300571
BEN,2018,national,consumption,8.784156713966807,1.534003853797913,4.889724541559
BEN,2021,national,consumption,7.677359538988205,1.444121599197388,5.266837511912
BFA,1994,national,consumption,30.46798273664939,1.877686738967896,1.725589466892
BFA,1998,national,consumption,26.52745358257688,1.975492000579834,2.085152088522
BFA,2003,national,consumption,16.35185151802269,1.772277116775513,3.034748735544
BFA,2009,national,consumption,14.57699319478792,1.596959471702576,3.067495764776
BFA,2014,national,consumption,11.16187374292975,1.412683486938477,3.54377207572
BFA,2018,national,consumption,10.16525791635434,1.681536316871643,4.631758202829
BFA,2021,national,consumption,9.41446280342965,1.503656387329102,4.472095852488
BGD,1983,national,consumption,9.994564885492249,1.233114838600159,3.454599223698
BGD,1985,national,consumption,9.065553655572128,1.234706282615662,3.813531544899
BGD,1988,national,consumption,10.18485375022598,1.273735284805298,3.501728198152
BGD,1991,national,consumption,10.31152894222749,1.260746717453003,3.423440760237
BGD,1995,national,consumption,9.165298452033477,1.360483646392822,4.156279550776
BGD,2000,national,consumption,8.950449489109436,1.371992349624634,4.29205094892
BGD,2005,national,consumption,7.962667766732402,1.362407326698303,4.790782031515
BGD,2010,national,consumption,7.335757512879842,1.343437552452087,5.12779375429
BGD,2016,national,consumption,6.760531143399986,1.356920957565308,5.619941051066
BGD,2022,national,consumption,5.180379215257757,1.389496445655823,7.510242042438
BGR,1989,national,consumption,1.195287181195845,1.185917258262634,27.780506293205
BGR,1992,national,income,1.589253549026821,1.340605854988098,23.619240879314
BGR,1994,national,consumption,2.100266934360409,1.202929735183716,16.037024118456
BGR,1995,national,consumption,2.761872745781674,1.464781165122986,14.850022442746
BGR,1997,national,consumption,4.110752122836288,1.225447773933411,8.347021816839
BGR,2001,national,consumption,3.548413563307351,1.493665337562561,11.786289417743
BGR,2003,national,consumption,3.371935684334083,1.329410076141357,11.039202772225
BGR,2006,national,income,5.068126116822681,2.226314067840576,12.29977159812
BGR,2007,national,consumption,2.568377021618382,1.348694562911987,14.703233808497
BGR,2007,national,income,2.816427206424289,1.750945806503296,17.407331135929
BGR,2008,national,income,2.391003750505808,1.634404182434082,19.139792655919
BGR,2009,national,income,2.240257335753697,1.597992539405823,19.972612802858
BGR,2010,national,income,2.542158309748263,1.736475706100464,19.125999923264
BGR,2011,national,income,2.890506338256543,1.829481363296509,17.721973539752
BGR,2012,national,income,2.802397717653458,1.864641070365906,18.630456809773
BGR,2013,national,income,2.631901672876464,1.955483555793762,20.803794128731
BGR,2014,national,income,2.458103074352028,1.946627616882324,22.17383559327
BGR,2015,national,income,3.019812067746731,2.282477140426636,21.163356598862
BGR,2016,national,income,2.340510895898177,2.113988637924194,25.290069069443
BGR,2017,national,income,2.118446447288688,1.904052019119263,25.166298822923
BGR,2018,national,income,1.80727513563512,1.883574843406677,29.182106837764
BGR,2019,national,income,1.806526356217435,1.945193648338318,30.149253859106
BGR,2020,national,income,1.470390601383777,1.782403230667114,33.94151842188
BGR,2021,national,income,1.56215862487292,1.868087768554688,33.483447499818
BGR,2022,national,income,1.468720065573221,1.857440233230591,35.410645109638
BIH,2001,national,consumption,2.609306145299382,1.348551869392395,14.471069762133
BIH,2004,national,consumption,1.892392785625932,1.479736804962158,21.894308149437
BIH,2007,national,consumption,1.694910118473626,1.44420599937439,23.858356318276
BIH,2011,national,consumption,1.786162056376766,1.451388955116272,22.752073335317
BLR,1993,national,income,4.927724742358445,1.156376242637634,6.570686269098
BLR,1995,national,income,3.733452766439592,1.308030366897583,9.809914197507
BLR,1998,national,consumption,9.340360596123718,1.403514862060547,4.207376705649
BLR,1999,national,consumption,8.906750032737653,1.419980883598328,4.463969948545
BLR,2000,national,consumption,7.928352103292024,1.403090476989746,4.955195334111
BLR,2001,national,consumption,6.247881339581034,1.372579216957092,6.151239946472
BLR,2002,national,consumption,5.653607673514864,1.364326357841492,6.756948641531
BLR,2003,national,consumption,5.346285685076991,1.331178069114685,6.971753773748
BLR,2004,national,consumption,4.516765569616667,1.263036012649536,7.829720001671
BLR,2005,national,consumption,3.768740180629435,1.296102643013,9.629444343518999
BLR,2006,national,consumption,3.288677142323023,1.307729363441467,11.13408850165
BLR,2007,national,consumption,2.915118020368171,1.33216655254364,12.79559285189
BLR,2008,national,consumption,2.719351872706689,1.291316747665405,13.296135310488
BLR,2009,national,consumption,2.687855934284114,1.289063692092896,13.428466843576
BLR,2010,national,consumption,2.407307812511885,1.302483439445496,15.149511426031
BLR,2011,national,consumption,2.297057113429246,1.27313768863678,15.518923834469
BLR,2012,national,consumption,2.022306745226858,1.255212545394897,17.379140093971
BLR,2013,national,consumption,1.814601916777244,1.255618333816528,19.374669638484
BLR,2014,national,consumption,1.756360422020612,1.265668272972107,20.177357742614
BLR,2015,national,consumption,1.919054914504285,1.238768339157104,18.074268881683
BLR,2016,national,consumption,1.98187191107939,1.229042172431946,17.363978377852
BLR,2017,national,consumption,1.929947273018997,1.22908079624176,17.831710828015
BLR,2018,national,consumption,1.769633595515918,1.223578095436096,19.36004507197
BLR,2019,national,consumption,1.682588821784024,1.2262362241745,20.405825177586
BLR,2020,national,consumption,1.645069737071733,1.207199931144714,20.547213299425
BLZ,1993,national,income,7.96454157703635,3.646639585494995,12.820061303584
BLZ,1994,national,income,7.971454801344596,3.548440933227539,12.464016543086
BLZ,1995,national,consumption,6.63863561906838,3.751184701919556,15.821499921738
BLZ,1996,national,income,8.923306663795403,3.193468570709229,10.020626377447
BLZ,1997,national,income,11.0213798761644,4.076838970184326,10.357277133387
BLZ,1998,national,income,8.925428947516632,3.007150888442993,9.433745731597
BLZ,1999,national,income,9.145543164292732,3.088909387588501,9.457006493012001
BLZ,2018,national,consumption,2.395857883750063,1.70475697517395,19.923216493468
BOL,1990,urban,income,3.866650966265143,1.723683953285217,12.481900423753
BOL,1992,urban,income,6.316047314332184,2.384343862533569,10.570159508263
BOL,1997,national,income,8.658268027222306,4.724880695343018,15.279805747141
BOL,1999,national,income,12.92022181743378,6.174591541290283,13.381238446728
BOL,2000,national,income,14.6959681786854,6.558383464813232,12.495586068227
BOL,2001,national,income,10.04672137162023,4.649216175079346,12.957267089059
BOL,2002,national,income,11.30516271406824,5.228936195373535,12.950739123146
BOL,2004,national,income,6.045305203911398,3.216447591781616,14.897599141427
BOL,2005,national,income,8.29448410723281,4.694735527038574,15.848194429456
BOL,2006,national,income,7.151030281923409,4.3116135597229,16.882207709886
BOL,2007,national,income,5.941103980629151,3.568377256393433,16.817507398651
BOL,2008,national,income,5.027483626572884,3.166460514068604,17.635242245112
BOL,2009,national,income,4.760084474296502,3.169278144836426,18.642482140448
BOL,2011,national,income,3.68717022040128,2.696886539459229,20.479885058611
BOL,2012,national,income,4.146970175812304,3.104569673538208,20.961797707205
BOL,2013,national,income,3.599878640968273,2.970882654190063,23.107644125755
BOL,2014,national,income,3.29080817824699,2.730804204940796,23.23517913781
BOL,2015,national,income,3.613877533542753,2.891008138656616,22.399271956982
BOL,2016,national,income,3.806266631687048,2.9011549949646,21.341736254782
BOL,2017,national,income,3.411709214440648,2.627391338348389,21.563080226972
BOL,2018,national,income,3.060131838991607,2.315403461456299,21.185785019174
BOL,2019,national,income,2.515096192462063,1.990375876426697,22.158407027688
BOL,2020,national,income,2.661680664049079,2.104937314987183,22.143245162844
BOL,2021,national,income,2.462967010777185,1.943352341651917,22.092811154598
BOL,2022,national,income,2.635222833556345,2.044160604476929,21.719793397578
BOL,2023,national,income,2.359819082290099,1.932726502418518,22.932410922947
BRA,1981,national,income,9.928946089514577,3.420699596405029,9.646501115473001
BRA,1982,national,income,9.857899884730154,3.46092963218689,9.830291494319001
BRA,1983,national,income,11.51054187195572,3.412986040115356,8.302268546261001
BRA,1984,national,income,11.24988619856437,3.314599514007568,8.24975358929
BRA,1985,national,income,10.18068124811903,3.164821863174438,8.704231767074999
BRA,1986,national,income,6.607576077642899,3.672873020172119,15.564019377409
BRA,1987,national,income,8.831714788197964,3.855102777481079,12.222187640996
BRA,1988,national,income,9.785231652349948,4.211236476898193,12.050263396171
BRA,1989,national,income,9.123620946749506,4.55848503112793,13.98979382192
BRA,1990,national,income,9.630210172026334,3.773185729980469,10.97060183901
BRA,1992,national,income,10.40690128189839,3.247293710708618,8.736916051478
BRA,1993,national,income,9.946869210573817,3.903974533081055,10.989516603159
BRA,1995,national,income,7.478863234256041,3.934513092041016,14.730362330931
BRA,1996,national,income,8.048682944415868,4.257483959197998,14.81106241436
BRA,1997,national,income,7.940816182802921,4.151780605316162,14.639534947379
BRA,1998,national,income,7.359030253622721,3.964767694473267,15.085343199932
BRA,1999,national,income,7.566999408695173,3.823254585266113,14.14710431678
BRA,2001,national,income,6.611999665989464,3.741547584533691,15.844425296044
BRA,2002,national,income,6.109684333077312,3.510443925857544,16.08797194327
BRA,2003,national,income,6.444938055775207,3.522285461425781,15.3025508943
BRA,2004,national,income,5.965012795361572,3.276363134384155,15.379374962575
BRA,2005,national,income,5.581300993844322,3.220518350601196,16.156539634436
BRA,2006,national,income,5.066011794423529,3.140029430389404,17.355037547984
BRA,2007,national,income,5.099719063125611,3.268600940704346,17.946248867716
BRA,2008,national,income,4.535029395206139,3.062572956085205,18.908817626581
BRA,2009,national,income,4.370471120338582,3.041984796524048,19.488876702232
BRA,2011,national,income,4.039483103307379,3.026757955551147,20.980214143526
BRA,2012,national,income,3.65231581329497,2.935497045516968,22.504602646373
BRA,2013,national,income,3.328714321479179,2.789038419723511,23.460431498904
BRA,2014,national,income,3.183223180799811,2.723038673400879,23.952164477308
BRA,2015,national,income,3.348716574879653,2.778903484344482,23.235558462455
BRA,2016,national,income,3.615323159138319,2.998565196990967,23.223325449937
BRA,2017,national,income,3.725452759330361,3.084985494613647,23.186334364087
BRA,2018,national,income,3.677405063732113,3.151150465011597,23.993064113868
BRA,2019,national,income,3.704445406633564,3.189772367477417,24.109850117652
BRA,2020,national,income,2.669097253473903,2.289737939834595,24.02035531894
BRA,2021,national,income,3.788005412628451,2.962471961975098,21.897861469171
BRA,2022,national,income,3.209155308706871,2.792077302932739,24.360979280819
BRA,2023,national,income,2.993853048934151,2.730041742324829,25.532705148945
BRB,2016,national,consumption,2.809121601173647,1.847780227661133,18.417801893074
BTN,2003,national,consumption,6.580869924060359,1.613633751869202,6.865618794373
BTN,2007,national,consumption,5.275426676698779,1.564465999603271,8.303602868472
BTN,2012,national,consumption,3.876730783230739,1.572789430618286,11.359598039071
BTN,2017,national,consumption,3.52859948079145,1.555484294891357,12.34301654912
BTN,2022,national,consumption,2.017121442419168,1.302029967308044,18.073696454173
BWA,1985,national,consumption,12.92300009039165,2.440651655197144,5.288109819325
BWA,1993,national,consumption,10.7534932280818,2.842566967010498,7.401490162202
BWA,2002,national,consumption,9.363394708696131,3.359291553497314,10.045519246834
BWA,2009,national,consumption,6.622089750249676,2.764364004135132,11.688483934382
BWA,2015,national,consumption,6.385478395227926,2.530253887176514,11.095035628769
CAF,1992,national,consumption,44.70734167858731,2.910173177719116,1.822627960517
CAF,2008,national,consumption,19.74436664777499,2.632960319519043,3.733869435394
CAF,2021,national,consumption,18.22540490662775,1.791887044906616,2.75290659881
CAN,1971,national,income,2.550953218401267,3.283612728118896,36.041882448869
CAN,1973,national,income,2.187618409049504,3.161369562149048,40.463340168364
CAN,1975,national,income,2.007529376788049,3.236536502838135,45.141567031806
CAN,1977,national,income,1.774747758440802,3.025737524032593,47.736728185948
CAN,1979,national,income,1.686731084923114,2.983514547348022,49.526807700055
CAN,1981,national,income,1.350166318721347,2.507843255996704,52.008119706192
CAN,1982,national,income,1.235994961556768,2.250202655792236,50.975671696203
CAN,1984,national,income,1.311080046231927,2.390826940536499,51.05954986595
CAN,1985,national,income,1.147220764695563,2.148497581481934,52.437975627727
CAN,1986,national,income,1.561666521119525,2.8922438621521,51.856673192253
CAN,1987,national,income,1.259800870393758,2.383459806442261,52.974145888728
CAN,1988,national,income,1.236144436716402,2.396107912063599,54.274417473252
CAN,1989,national,income,1.817309394557918,3.575446128845215,55.088302303516
CAN,1990,national,income,1.698864798092021,3.325200080871582,54.804596331023
CAN,1991,national,income,1.809222810967814,3.42765212059021,53.047229718567
CAN,1992,national,income,1.380385070661845,2.643614053726196,53.623582073574
CAN,1993,national,income,1.786840904273246,3.317355871200562,51.983341844235
CAN,1994,national,income,1.493108896724722,2.831066846847534,53.090483448561
CAN,1995,national,income,1.351566179752037,2.555840253829956,52.948594744704
CAN,1996,national,income,.8904458643775024,1.619138836860657,50.913694380747
CAN,1997,national,income,.8929916246174653,1.650081396102905,51.738760836684
CAN,1998,national,income,.8984900837594814,1.720467686653137,53.615613144836
CAN,1999,national,income,.8741202783231683,1.7162024974823,54.973750716198
CAN,2000,national,income,.807419561748267,1.635600209236145,56.719960892754
CAN,2001,national,income,.7740903453019193,1.627691626548767,58.876030405619
CAN,2002,national,income,.7637850663496135,1.619833827018738,59.382342798415
CAN,2003,national,income,.7665687188344155,1.628106832504272,59.468891163067
CAN,2004,national,income,.7614602237645091,1.653446793556213,60.799645529425
CAN,2005,national,income,.7549990022716613,1.679306268692017,62.278988411851
CAN,2006,national,income,.7257305018788699,1.660090923309326,64.049322586551
CAN,2007,national,income,.666499945933308,1.584895730018616,66.58227383893799
CAN,2008,national,income,.6747790443015317,1.632892608642578,67.756985321822
CAN,2009,national,income,.6891298170489575,1.675411581993103,68.073564262641
CAN,2010,national,income,.6611140162935097,1.606902599334717,68.05675125532299
CAN,2011,national,income,.6437059716096566,1.573244452476501,68.43317614135999
CAN,2012,national,income,.6636410761351769,1.63880455493927,69.14359382392
CAN,2013,national,income,.695669564499509,1.750948429107666,70.47391340148999
CAN,2014,national,income,.648700175123443,1.639796376228333,70.778922797267
CAN,2015,national,income,.6703133930277766,1.707755088806152,71.33550111022301
CAN,2016,national,income,.6475350130333025,1.635578274726868,70.72388382423
CAN,2017,national,income,.6278860539685889,1.6437087059021,73.29967320266
CAN,2018,national,income,.607883044084639,1.597243309020996,73.571409375588
CAN,2019,national,income,.5954740857388141,1.564517140388489,73.565721583018
CAN,2020,national,income,.5049980427895657,1.40302848815918,77.791978493158
CHE,1982,national,income,1.033878420558084,2.982370138168335,80.770001212162
CHE,1992,national,income,1.04859791659977,2.869627475738525,76.625716342307
CHE,2000,national,income,.5555572483590105,1.503236889839172,75.762909230164
CHE,2002,national,income,.50157978672304,1.402352929115295,78.28441869504999
CHE,2004,national,income,.5365169231175118,1.449434995651245,75.64380084427999
CHE,2006,national,income,.5505920127955749,1.559092044830322,79.286613238161
CHE,2007,national,income,.5280352117485304,1.534337162971497,81.360937051866
CHE,2008,national,income,.5257852625427877,1.5385502576828,81.933463509766
CHE,2009,national,income,.504947208058111,1.471332907676697,81.587383712239
CHE,2010,national,income,.5151976604505045,1.506862759590149,81.895087561804
CHE,2011,national,income,.4759356901876773,1.411800146102905,83.058291698872
CHE,2012,national,income,.4559446800942331,1.385938405990601,85.111807592076
CHE,2013,national,income,.4722663087181772,1.428846478462219,84.714285561192
CHE,2014,national,income,.4658231955564915,1.426352620124817,85.736116846494
CHE,2015,national,income,.470033289591466,1.432627320289612,85.341964250819
CHE,2016,national,income,.4899060923021623,1.520185470581055,86.884391714275
CHE,2017,national,income,.4648630393743981,1.437849760055542,86.605711418822
CHE,2018,national,income,.4956126241700652,1.505637884140015,85.06211767254
CHE,2019,national,income,.4767290537657856,1.489006519317627,87.45467192196701
CHE,2020,national,income,.4774001108359052,1.507429599761963,88.412271337135
CHE,2021,national,income,.4657223133350725,1.488774061203003,89.507574629703
CHL,1987,national,income,7.400980923159129,2.951489686965942,11.166318929049
CHL,1990,national,income,6.297265964605741,2.999257802963257,13.335822571172
CHL,1992,national,income,5.159871534861241,2.619214296340942,14.213144863576
CHL,1994,national,income,5.218031395926713,2.971713304519653,15.94623797373
CHL,1996,national,income,4.429454966391594,2.731128215789795,17.264334291332
CHL,1998,national,income,4.338033787679836,2.86841082572937,18.514264520491
CHL,2000,national,income,4.844065827425736,2.758919954299927,15.947297856092
CHL,2003,national,income,4.814099485638163,2.699899196624756,15.703285039332
CHL,2006,national,income,3.282266113714469,2.128570079803467,18.158175666237
CHL,2009,national,income,3.034214816858762,2.124569654464722,19.605713760475
CHL,2011,national,income,2.668169886925933,2.002276420593262,21.012056612852
CHL,2013,national,income,2.169834535584006,1.990505933761597,25.68590684526
CHL,2015,national,income,2.012159338081716,1.936550617218018,26.94787406764
CHL,2017,national,income,1.876618562764757,1.972812414169312,29.435256235866
CHL,2020,national,income,2.509407070865177,2.647208690643311,29.53759340378
CHL,2022,national,income,1.686207563981143,1.973333120346069,32.767809609865
CHN,1981,national,income,27.48521191611343,1.290212512016296,1.314377780717
CHN,1984,national,income,20.36223356413979,1.269431471824646,1.745588449709
CHN,1987,national,income,17.47378768320489,1.337079048156738,2.142535622369
CHN,1990,national,consumption,18.03473204248698,1.363880395889282,2.117505960668
CHN,1993,national,consumption,16.50847972053232,1.409352779388428,2.390400389246
CHN,1996,national,consumption,13.01047779810976,1.452511429786682,3.125966621546
CHN,1999,national,consumption,12.81257825175299,1.572477340698242,3.436417420515
CHN,2002,national,consumption,11.05099529876712,1.721561074256897,4.361933907718
CHN,2005,national,consumption,8.282451022797114,1.678111910820007,5.67309510545
CHN,2008,national,consumption,7.251579243297193,1.80936336517334,6.986364217867
CHN,2010,national,consumption,6.305942582399434,1.848913669586182,8.209650052878001
CHN,2011,national,consumption,5.664416900315994,1.781709432601929,8.807237481368
CHN,2012,national,consumption,5.2008126169081,1.787093281745911,9.621306410442999
CHN,2013,national,consumption,4.204048472104635,1.624954700469971,10.822599508838
CHN,2014,national,consumption,3.872191089162178,1.612400889396667,11.659348318609
CHN,2015,national,consumption,3.550457477713463,1.582593441009521,12.48081892226
CHN,2016,national,consumption,3.320306864698004,1.577541708946228,13.303338959815
CHN,2017,national,consumption,3.181652422529033,1.596492290496826,14.049864366983
CHN,2018,national,consumption,2.950467869052641,1.574594736099243,14.942935951202
CHN,2019,national,consumption,2.739408219451182,1.546611547470093,15.808203670444
CHN,2020,national,consumption,2.746475783595968,1.490179300308228,15.192203511149
CHN,2021,national,consumption,2.381830580072657,1.457361459732056,17.132252170575
CIV,1985,national,consumption,5.984243930308042,2.103842496871948,9.843781177659
CIV,1986,national,consumption,5.319569167603289,1.550243616104126,8.159837515516999
CIV,1987,national,consumption,6.230598472806727,1.65951406955719,7.457773757711
CIV,1988,national,consumption,7.314096689050078,1.539321899414063,5.892868714322
CIV,1992,national,consumption,10.00540674301647,1.69780695438385,4.751290649716
CIV,1995,national,consumption,9.23593870739688,1.628499627113342,4.937017400849
CIV,1998,national,consumption,10.53469754797908,1.61374843120575,4.289155505081
CIV,2002,national,consumption,10.55117568347631,1.718775868415833,4.561171648967
CIV,2008,national,consumption,12.14334551606134,1.897984862327576,4.376353674571
CIV,2015,national,consumption,11.56463017417648,1.779368996620178,4.308164817838
CIV,2018,national,consumption,6.878634636450689,1.524301767349243,6.204785248105
CIV,2021,national,consumption,6.710200905919705,1.455066204071045,6.071629413816
CMR,1996,national,consumption,11.51654902137347,1.733955979347229,4.215739087821
CMR,2001,national,consumption,7.970361224823997,1.698491454124451,5.966826360885
CMR,2007,national,consumption,8.519441614969695,1.715352058410645,5.637676559767
CMR,2014,national,consumption,7.826141112937489,2.050983428955078,7.337912560066
CMR,2021,national,consumption,7.308449222641608,1.788948535919189,6.853787582893
COD,2004,national,consumption,41.36222903907864,1.661168217658997,1.124521392455
COD,2012,national,consumption,21.86816657972141,1.769743204116821,2.26597916622
COD,2020,national,consumption,26.06788284095201,1.816099524497986,1.950706381655
COG,2005,national,consumption,12.85093767682541,1.965373396873474,4.282213098842
COG,2011,national,consumption,10.56385624853568,2.188250303268433,5.800060932361
COL,1980,urban,income,8.295779646185789,2.871366262435913,9.691464382698999
COL,1988,urban,income,6.459230804398196,2.54790210723877,11.044853496108
COL,1989,urban,income,6.268033881742024,2.419851541519165,10.809743962945
COL,1991,urban,income,5.98367056931531,2.386681795120239,11.168243697869
COL,1992,national,income,8.25687645464377,3.264107942581177,11.068958465948
COL,1996,national,income,11.7721599152734,4.22386360168457,10.046429568271
COL,1999,national,income,13.21140730322082,4.535341739654541,9.612114919183
COL,2000,national,income,13.94117215869954,5.340480804443359,10.726032365094
COL,2001,national,income,12.38491078376923,3.949573755264282,8.929258085484999
COL,2002,national,income,7.370851137181456,2.962317705154419,11.253095817102
COL,2003,national,income,7.282603711773115,2.776331186294556,10.674379143768
COL,2004,national,income,6.699081886239918,2.708105564117432,11.31900690088
COL,2005,national,income,6.365783885727708,2.713118314743042,11.933693492126
COL,2008,national,income,6.687670361310177,3.224857330322266,13.501862546984
COL,2009,national,income,6.177754010895028,3.004542112350464,13.61776113236
COL,2010,national,income,5.613107917959621,2.948535442352295,14.708249663584
COL,2011,national,income,5.171020346440564,2.818382263183594,15.260953475109
COL,2012,national,income,5.10892147966387,2.823461532592773,15.474287755635
COL,2013,national,income,4.894067287966556,2.839929103851318,16.247838124655
COL,2014,national,income,4.650428634557799,2.825624227523804,17.012942825234
COL,2015,national,income,4.482599816246435,2.666844367980957,16.658109952248
COL,2016,national,income,4.5128223586937,2.645554065704346,16.414454205067
COL,2017,national,income,4.389806503456373,2.554185390472412,16.291650044354
COL,2018,national,income,4.437879220968048,2.625957012176514,16.568002523562
COL,2019,national,income,4.635899418862921,2.749658584594727,16.607443894695
COL,2020,national,income,6.822887630692972,3.548802852630615,14.563698346165
COL,2021,national,income,5.297240681785938,3.219953775405884,17.019937271439
COL,2022,national,income,4.890169289602349,3.230201721191406,18.495402368818
COL,2023,national,income,4.589687720656525,3.144290685653687,19.182162649579
COM,2004,national,consumption,7.862969928089857,2.42790961265564,8.645775269389
COM,2014,national,consumption,9.046701102987152,2.065674543380737,6.393367776383
CPV,2001,national,consumption,9.479297365710378,2.299024105072021,6.790869615098
CPV,2007,national,consumption,7.259939021394238,1.965728402137756,7.581385274354
CPV,2015,national,consumption,5.650096344403825,1.760746121406555,8.725672958405999
CRI,1981,national,income,11.0645168042447,2.572317123413086,6.50953690322
CRI,1986,national,income,8.291773521046764,1.996652603149414,6.742378341452
CRI,1989,national,income,8.207354442990983,3.183627605438232,10.86118223867
CRI,1990,national,income,7.778602485163239,3.112807273864746,11.204918451658
CRI,1991,national,income,8.326769242143644,3.056458950042725,10.277798150029
CRI,1992,national,income,7.489194580052859,2.92048454284668,10.918873001755
CRI,1993,national,income,7.139631208404054,3.225708723068237,12.650491446978
CRI,1994,national,income,6.034307609788106,3.07910943031311,14.287482620821
CRI,1995,national,income,6.225128331417391,3.030651092529297,13.631563286345
CRI,1996,national,income,6.72276959574971,3.101305723190308,12.916783614543
CRI,1997,national,income,5.687101086897528,2.767624139785767,13.626182467374
CRI,1998,national,income,4.950205540602837,2.707081079483032,15.312146494323
CRI,1999,national,income,5.495976147114205,2.927995443344116,14.917072464354
CRI,2000,national,income,5.716550623517833,3.020158529281616,14.792913063143
CRI,2001,national,income,4.342680791880681,3.126672506332397,20.159628181532
CRI,2002,national,income,4.274032583432782,3.127378463745117,20.488050135137
CRI,2003,national,income,4.055457668459134,2.908495664596558,20.081057205465
CRI,2004,national,income,4.019948010479371,2.694984197616577,18.771276165466
CRI,2005,national,income,3.464176625833769,2.413966655731201,19.511437416895
CRI,2006,national,income,3.52673500811974,2.557916641235352,20.308207103931
CRI,2007,national,income,2.954943226940869,2.386142015457153,22.610240391161
CRI,2008,national,income,3.071412497985622,2.497726202011108,22.7700883232
CRI,2009,national,income,3.10476913612585,2.759883880615234,24.889691470407
CRI,2010,national,income,2.64737636050861,2.401941776275635,25.404159576049
CRI,2011,national,income,2.673645170528132,2.50224494934082,26.204993942124
CRI,2012,national,income,2.503306160148688,2.419897556304932,27.067058449393
CRI,2013,national,income,2.481349109068801,2.472312688827515,27.898031651709
CRI,2014,national,income,2.518155729162264,2.45177960395813,27.261946859985
CRI,2015,national,income,2.521638374734276,2.456796646118164,27.280005468349
CRI,2016,national,income,2.397608119602844,2.425289154052734,28.323266246225
CRI,2017,national,income,2.263503640691022,2.32610011100769,28.774330454213
CRI,2018,national,income,2.437465952952779,2.446479320526123,28.103540962942
CRI,2019,national,income,2.30447787561916,2.302724599838257,27.97869648155
CRI,2020,national,income,3.008995327058532,2.608272790908813,24.271103693195
CRI,2021,national,income,2.359468993612909,2.325619459152222,27.598305756989
CRI,2022,national,income,2.30563406821516,2.207603216171265,26.809498525425
CRI,2023,national,income,2.140405481805086,2.184595108032227,28.578073817868
CRI,2024,national,income,1.953855527384396,2.14465856552124,30.73432952841
CYP,2004,national,income,.8015465769776379,1.427954792976379,49.881984445996
CYP,2005,national,income,.7055543663913375,1.342062830924988,53.259906579229
CYP,2006,national,income,.6417764298760682,1.340935230255127,58.503530459703
CYP,2007,national,income,.6461689145742966,1.352690696716309,58.615228203706
CYP,2008,national,income,.6569559047584906,1.364676117897034,58.163618283248
CYP,2009,national,income,.7577553797468615,1.55691659450531,57.529996950883
CYP,2010,national,income,.6770559736697993,1.412944674491882,58.433057179021
CYP,2011,national,income,.6753629428735177,1.402926921844482,58.164213942711
CYP,2012,national,income,.7257921796981758,1.423898339271545,54.931915449807
CYP,2013,national,income,.8228036149568776,1.54929256439209,52.722413782911
CYP,2014,national,income,.8930853667096667,1.567267894744873,49.136960951915
CYP,2015,national,income,.8011440825085777,1.432500004768372,50.065902740111
CYP,2016,national,income,.7731513136361261,1.428669333457947,51.739862194856
CYP,2017,national,income,.7274995679358364,1.372221231460571,52.814042990439
CYP,2018,national,income,.7024463237893958,1.426592469215393,56.864968716631
CYP,2019,national,income,.8195149012572999,1.676124334335327,57.267392395227
CYP,2020,national,income,.6558567334303859,1.376599550247192,58.770130616849
CYP,2021,national,income,.6331354198239521,1.363542199134827,60.301764628637
CYP,2022,national,income,.6363936508830379,1.353232383728027,59.539417447658
CZE,1992,national,income,1.542588006725302,1.148994207382202,20.855754885962
CZE,1993,national,income,1.513749894983292,1.221642136573792,22.59685115289
CZE,1996,national,income,1.371759485575851,1.253291249275208,25.581857125907
CZE,2002,national,income,1.246778756851089,1.25819993019104,28.256495801109
CZE,2004,national,income,1.194996742103595,1.297889828681946,30.410891421468
CZE,2005,national,income,1.146638842537439,1.278698444366455,31.224788848357
CZE,2006,national,income,1.095600303440467,1.28916072845459,32.946776880074
CZE,2007,national,income,1.038501017108856,1.286581635475159,34.688734173995
CZE,2008,national,income,1.008805899228991,1.280532598495483,35.541934483474
CZE,2009,national,income,.9891685901442341,1.273786187171936,36.056555850833
CZE,2010,national,income,1.002482716413118,1.28862738609314,35.99220755634
CZE,2011,national,income,1.011596857350274,1.298959136009216,35.953902435326
CZE,2012,national,income,1.027890728190508,1.297647714614868,35.348246900891
CZE,2013,national,income,1.009168606320252,1.282451152801514,35.582391629901
CZE,2014,national,income,.9755994537068469,1.268727540969849,36.412864746023
CZE,2015,national,income,.9396299384224936,1.272369623184204,37.91529751694
CZE,2016,national,income,.8960885808562599,1.258428812026978,39.322012742099
CZE,2017,national,income,.8538916308492551,1.239477753639221,40.64377262445
CZE,2018,national,income,.8163026519990313,1.240987300872803,42.567108489466
CZE,2019,national,income,.7803658336816669,1.241460084915161,44.544341571653
CZE,2020,national,income,.7837155383264254,1.268014192581177,45.30265702215
CZE,2021,national,income,.7468122021170103,1.274463415145874,47.783066450991
CZE,2022,national,income,.7961878585786553,1.272655129432678,44.75620002479
DEU,1991,national,income,.6414409815955495,1.329825878143311,58.049184554316
DEU,1992,national,income,.6422655871122958,1.351226687431335,58.90763483137
DEU,1993,national,income,.6237079473595181,1.317178964614868,59.131859703624
DEU,1994,national,income,.7179257851958359,1.482519745826721,57.820117692097
DEU,1995,national,income,.6761316786760052,1.411590337753296,58.456849790358
DEU,1996,national,income,.6264071877158482,1.322126269340515,59.098195562493
DEU,1997,national,income,.644159804682503,1.338670134544373,58.188611167875
DEU,1998,national,income,.617119541806437,1.324745416641235,60.106458406979
DEU,1999,national,income,.6122566595197725,1.3526771068573,61.861246640239
DEU,2000,national,income,.5989318850865093,1.344945907592773,62.876071454735
DEU,2001,national,income,.608853010172367,1.36728823184967,62.879005198909
DEU,2002,national,income,.5961966539583785,1.362535357475281,63.990613874111
DEU,2003,national,income,.6136768883283833,1.39199960231781,63.512231330198
DEU,2004,national,income,.5992938561846854,1.371127963066101,64.061367103224
DEU,2005,national,income,.614205159215952,1.407932162284851,64.18393145881601
DEU,2006,national,income,.594930703964052,1.376202583312988,64.770016766092
DEU,2007,national,income,.5881490990075566,1.374724864959717,65.446494738921
DEU,2008,national,income,.5958262070787242,1.383855819702148,65.032321532423
DEU,2009,national,income,.5873901092772,1.37446129322052,65.51849826468001
DEU,2010,national,income,.5891676618326357,1.383983969688416,65.773384841614
DEU,2011,national,income,.5802627080704322,1.371603846549988,66.18537986163599
DEU,2012,national,income,.5894334127398502,1.391075968742371,66.080622277327
DEU,2013,national,income,.5839161664174516,1.390218377113342,66.663878158385
DEU,2014,national,income,.5954353471373884,1.415694355964661,66.57220319472501
DEU,2015,national,income,.5754474799504262,1.421128630638123,69.148971601447
DEU,2016,national,income,.5689593997771976,1.433141231536865,70.52868012854201
DEU,2017,national,income,.612149652962106,1.546805262565613,70.751566431116
DEU,2018,national,income,.5555727218335216,1.454300999641418,73.294506217522
DEU,2019,national,income,.5795197998086582,1.541915416717529,74.49897508218
DEU,2020,national,income,.5816840596601439,1.654367446899414,79.63479113465
DJI,2002,national,consumption,8.717136762607916,1.694570183753967,5.443067672316
DJI,2012,national,consumption,9.927981592861576,2.371967315673828,6.689686315459
DJI,2013,national,consumption,9.645169726852457,2.057933568954468,5.974196564283
DJI,2017,national,consumption,8.301349842526415,1.85828959941864,6.267909254429
DNK,1987,national,income,1.164096317385194,2.276938199996948,54.767179366587
DNK,1992,national,income,1.15160242642822,2.214182138442993,53.835507861008
DNK,1995,national,income,.6112567382453351,1.218047618865967,55.79543154228
DNK,2000,national,income,.5723028603803888,1.217999339103699,59.590795380236
DNK,2003,national,income,.7734983089016089,1.608139038085938,58.213305764599
DNK,2004,national,income,.7796525590096841,1.649335145950317,59.233289396063
DNK,2005,national,income,.7095232489685245,1.518260598182678,59.915296369355
DNK,2006,national,income,.5971937329468303,1.318145632743835,61.802521855903
DNK,2007,national,income,.5913710781467305,1.329276442527771,62.938044920301
DNK,2008,national,income,.6410552861094712,1.425840973854065,62.277851564322
DNK,2009,national,income,.7127883351821725,1.608568906784058,63.1883640379
DNK,2010,national,income,.5575941049856299,1.320730328559875,66.321449995143
DNK,2011,national,income,.5689644515099889,1.326175332069397,65.264022041171
DNK,2012,national,income,.57817104640927,1.339603781700134,64.87510286302501
DNK,2013,national,income,.8127483222337091,1.928992986679077,66.455754095202
DNK,2014,national,income,.6196297993454549,1.480764389038086,66.913184764036
DNK,2015,national,income,.6661682190960696,1.607381224632263,67.560525314065
DNK,2016,national,income,.6895959449074189,1.691905856132507,68.69727897928701
DNK,2017,national,income,.5876192008356668,1.476608276367188,70.360247997862
DNK,2018,national,income,.6604094739246783,1.675639867782593,71.043675302355
DNK,2019,national,income,.7228847331461004,1.83405327796936,71.039666911548
DNK,2020,national,income,.6128388587414026,1.599024891853333,73.05786292012399
DNK,2021,national,income,.6292337607948044,1.683364748954773,74.907319906322
DNK,2022,national,income,.6854349636263791,1.759223580360413,71.864236985658
DOM,1986,national,income,3.802636680930601,2.238837003707886,16.485254500792
DOM,1989,national,income,6.17740548362232,2.159887313842773,9.7900076372
DOM,1992,national,income,4.801635872347179,2.275803327560425,13.270997239411
DOM,1996,national,income,4.603228165098248,2.429366588592529,14.777078593911
DOM,1997,national,income,4.674451994897054,2.701845645904541,16.184074535233
DOM,2000,national,income,4.304492054273347,2.676790952682495,17.412077232813
DOM,2001,national,income,3.876500602315827,2.315465688705444,16.724630891506
DOM,2002,national,income,4.433055168915253,2.570970773696899,16.23872897967
DOM,2003,national,income,4.9863585461004,2.578595399856567,14.479639439568
DOM,2004,national,income,5.587589533020193,2.461253643035889,12.333601115696
DOM,2005,national,income,4.566108097342493,2.322000980377197,14.238828206695
DOM,2006,national,income,4.158581606995674,2.410788297653198,16.231994773278
DOM,2007,national,income,4.228214947573557,2.243428468704224,14.856386305141
DOM,2008,national,income,4.132443715945093,2.115770578384399,14.335724081909
DOM,2009,national,income,3.865677152797252,2.138830184936523,15.492045205795
DOM,2010,national,income,3.780451531625437,2.062005043029785,15.272286936608
DOM,2011,national,income,3.671332253309449,2.077987670898438,15.848103529098
DOM,2012,national,income,3.682239838555423,1.992733359336853,15.152878822816
DOM,2013,national,income,3.530975693491046,2.018507719039917,16.006401132289
DOM,2014,national,income,3.269489572472271,1.937651634216309,16.594102867151
DOM,2015,national,income,3.041927320999567,1.979169130325317,18.217639871795
DOM,2016,national,income,2.948107080333661,2.054870128631592,19.516376191282
DOM,2017,national,income,2.775053884506845,1.830182909965515,18.46635236934
DOM,2018,national,income,2.47770641079138,1.793683528900146,20.270011398923
DOM,2019,national,income,2.417996632472071,1.775965452194214,20.565385736387
DOM,2020,national,income,2.701812963650372,1.750698208808899,18.143205929445
DOM,2021,national,income,2.598232950918164,1.627267718315125,17.536339757991
DOM,2022,national,income,2.456576369168705,1.57464063167572,17.94771684271
DOM,2023,national,income,2.37112119523421,1.71575939655304,20.260989570861
DZA,1988,national,consumption,5.27660963324695,1.521624565124512,8.074405880886999
DZA,1995,national,consumption,5.150247836606956,1.482128262519836,8.057785607235999
DZA,2011,national,consumption,3.376642599151698,1.260634303092957,10.453507869986
ECU,1987,urban,income,7.583282397243855,2.686863660812378,9.920794188053
ECU,1994,national,income,8.957225561690993,3.141901731491089,9.821484085651001
ECU,1995,urban,income,9.136042651535995,3.170593023300171,9.717183531044
ECU,1998,urban,income,7.976260995565188,2.624537706375122,9.213221031112001
ECU,1999,national,income,9.992506100388699,3.59087347984314,10.061985907039
ECU,2000,national,income,11.18270202116448,3.093889951705933,7.746689370906
ECU,2003,national,income,7.197348360832853,2.961447715759277,11.520984412894
ECU,2004,national,income,7.786848644940314,3.147650241851807,11.318341207256
ECU,2005,national,income,6.166884776967186,2.957698822021484,13.429076729947
ECU,2006,national,income,5.025895699543725,2.652764081954956,14.778936849265
ECU,2007,national,income,5.211917610709858,2.899207353591919,15.575420231612
ECU,2008,national,income,4.983104331997883,2.649377107620239,14.886816162028
ECU,2009,national,income,4.786524806147626,2.452169418334961,14.344591860157
ECU,2010,national,income,4.241571036716356,2.404966831207275,15.875974515311
ECU,2011,national,income,4.032314853418201,2.361672163009644,16.399220528414
ECU,2012,national,income,3.678080118962528,2.295098543167114,17.471820978968
ECU,2013,national,income,3.402534421807403,2.197183847427368,18.080977540762
ECU,2014,national,income,3.187799184801204,2.081690788269043,18.284509553984
ECU,2015,national,income,3.402953285998466,2.237874031066895,18.413557209223
ECU,2016,national,income,3.407899159943419,2.194908857345581,18.033821387365
ECU,2017,national,income,3.247997352126899,2.151677131652832,18.548956365189
ECU,2018,national,income,3.267258149719678,2.159415006637573,18.505920064494
ECU,2019,national,income,3.311779205411591,2.149943590164185,18.177063439416
ECU,2020,national,income,4.002037696588553,2.310346126556396,16.164188249145
ECU,2021,national,income,3.45084456782694,2.138720750808716,17.353485438048
ECU,2022,national,income,3.276800390689575,2.102705717086792,17.967453583126
ECU,2023,national,income,3.255653388426675,2.050218820571899,17.632751770894
EGY,1990,national,consumption,5.105284961381146,1.338896036148071,7.343191983021
EGY,1995,national,consumption,5.073718657445528,1.288287878036499,7.109590322968
EGY,1999,national,consumption,4.265423564204869,1.306586146354675,8.576970855646
EGY,2004,national,consumption,4.813204241197129,1.336299777030945,7.773697150315
EGY,2008,national,consumption,4.732557017798015,1.321747660636902,7.820071347145
EGY,2010,national,consumption,4.194659016534438,1.300109267234802,8.678431053961001
EGY,2012,national,consumption,3.991951527257473,1.264230847358704,8.86745834611
EGY,2015,national,consumption,3.887157988254296,1.334064722061157,9.609542811454
EGY,2017,national,consumption,4.47767541745248,1.335705399513245,8.352492951462001
EGY,2019,national,consumption,4.206137301310941,1.345866084098816,8.959348433495
EGY,2021,national,consumption,3.945518735511867,1.272080659866333,9.027522130728
ESP,1980,national,income,1.898643048366311,1.594716906547546,23.517887260767
ESP,1985,national,income,1.81692047922215,1.49985671043396,23.113828602856
ESP,1990,national,income,1.593613602772317,1.699390530586243,29.858514127832
ESP,1993,national,income,1.853238108599889,2.212897539138794,33.433983000744
ESP,1994,national,income,1.772402303984022,2.092583417892456,33.05814869271
ESP,1995,national,income,1.786151934777018,2.110848188400269,33.089991032634
ESP,1996,national,income,2.053415419532363,2.439364433288574,33.262729944877
ESP,1997,national,income,1.807757752217721,2.240332841873169,34.700069914704
ESP,1998,national,income,1.627328777645586,2.161687135696411,37.194231274661
ESP,1999,national,income,1.3935151947,1.971285581588745,39.609180868347
ESP,2000,national,income,1.394048608584422,2.074603080749512,41.669195944002
ESP,2003,national,income,1.473271927610764,2.264167070388794,43.03121479599
ESP,2004,national,income,1.503836702702143,2.341271162033081,43.592225933819
ESP,2005,national,income,1.479455965120824,2.362480163574219,44.712005951677
ESP,2006,national,income,1.531950938234083,2.468865394592285,45.124313074373
ESP,2007,national,income,1.075487637654806,2.066253185272217,53.794288454247
ESP,2008,national,income,1.124376292358692,2.196578502655029,54.700726252648
ESP,2009,national,income,1.293937052875091,2.524828433990479,54.635728469869
ESP,2010,national,income,1.310897083806931,2.418877124786377,51.665808515891
ESP,2011,national,income,1.697749458602839,3.015533924102783,49.733458849545
ESP,2012,national,income,1.485413957088562,2.513653039932251,47.382272053136
ESP,2013,national,income,1.598709215973706,2.631372928619385,46.08620708644
ESP,2014,national,income,1.41731980564217,2.344750881195068,46.321956092696
ESP,2015,national,income,1.530876945025684,2.605507373809814,47.655171996127
ESP,2016,national,income,1.538986358839208,2.714980840682983,49.395800797868
ESP,2017,national,income,1.404593310331308,2.504721879959106,49.93061769085
ESP,2018,national,income,1.396363473198369,2.504027843475342,50.210980349791
ESP,2019,national,income,1.328250191156906,2.488915920257568,52.467260390822
ESP,2020,national,income,1.312365894353837,2.466140031814575,52.616362604784
ESP,2021,national,income,1.180625479975224,2.279359579086304,54.057843088013
ESP,2022,national,income,1.256562109392756,2.425456285476685,54.046491339274
EST,1993,national,income,3.334268273393493,1.587878942489624,13.334443286765
EST,1995,national,consumption,3.428771064394394,1.342432260513306,10.962558513391
EST,1998,national,consumption,3.003755244478744,1.512940526008606,14.103125043378
EST,2000,national,consumption,3.321134938240383,1.535605192184448,12.946461722601
EST,2001,national,consumption,3.416632557049502,1.533798933029175,12.569795154633
EST,2002,national,consumption,3.354241396968925,1.53881561756134,12.845479253892
EST,2003,national,consumption,3.264770999441092,1.518102288246155,13.019861030737
EST,2003,national,income,3.420264926793224,2.054327487945557,16.817752715016
EST,2004,national,consumption,2.840595371847611,1.518851757049561,14.971455770468
EST,2004,national,income,2.648583874348207,1.73015034198761,18.290607982683
EST,2005,national,income,2.140454430376659,1.618606805801392,21.17353642095
EST,2006,national,income,1.98624589023628,1.74897027015686,24.6551389444
EST,2007,national,income,1.637354837555063,1.622361540794373,27.743602883282
EST,2008,national,income,1.59131679772187,1.630959510803223,28.69753350827
EST,2009,national,income,1.640065842047573,1.582627415657043,27.019383704303
EST,2010,national,income,1.869402082704374,1.695732355117798,25.398765500163
EST,2011,national,income,1.955715181460517,1.838815093040466,26.326340469668
EST,2012,national,income,1.781047020620663,1.770967245101929,27.841534993345
EST,2013,national,income,1.921513456363938,2.080975532531738,30.323656249015
EST,2014,national,income,1.730772699242828,2.02508282661438,32.761273877449
EST,2015,national,income,1.48253696640982,1.854732155799866,35.029480985056
EST,2016,national,income,1.3450158455381,1.789527297019958,37.253661051153
EST,2017,national,income,1.145240576581136,1.611042976379395,39.388408029618
EST,2018,national,income,1.124747423438919,1.67687714099884,41.744980745092
EST,2019,national,income,1.200961221795562,1.885268926620483,43.954399912247
EST,2020,national,income,1.023655769546029,1.678877472877502,45.92224253147
EST,2021,national,income,.9493189228423665,1.763614416122437,52.017505583999
EST,2022,national,income,1.182189884545624,1.866835117340088,44.215724114808
ETH,1981,rural,consumption,14.76018976695912,1.325932502746582,2.51528669358
ETH,1995,national,consumption,15.86374849641066,1.715258479118347,3.027483475025
ETH,1999,national,consumption,12.31473488584286,1.308974385261536,2.976213637882
ETH,2004,national,consumption,9.138493487389464,1.297071814537048,3.974179037953
ETH,2010,national,consumption,9.181772397723718,1.411909341812134,4.305646049322
ETH,2015,national,consumption,8.657159251490171,1.471123099327087,4.75807885457
ETH,2021,national,consumption,9.123179708323908,1.356499195098877,4.163238815798
FIN,1987,national,income,.8271000844281308,1.18375551700592,40.073933669449
FIN,1991,national,income,.7429976452436232,1.196503639221191,45.09045551202
FIN,1995,national,income,.7970251995738731,1.193053960800171,41.912742543064
FIN,2000,national,income,.7315181612710083,1.270404934883118,48.626733583613
FIN,2003,national,income,.7373229590939642,1.357680439949036,51.558211853023
FIN,2004,national,income,.6886986969681635,1.329357385635376,54.046866837606
FIN,2005,national,income,.6740674975419126,1.345192551612854,55.877772040029
FIN,2006,national,income,.6998966410397315,1.418438911437988,56.745934167183
FIN,2007,national,income,.6387628688991398,1.342498421669006,58.848057768164
FIN,2008,national,income,.6291116178096253,1.337275385856628,59.518388471664
FIN,2009,national,income,.6262599749640898,1.357340216636658,60.686499222108
FIN,2010,national,income,.6166003757544314,1.356553792953491,61.601498556999
FIN,2011,national,income,.6175793152092154,1.36646294593811,61.953114314889
FIN,2012,national,income,.6239423355963235,1.383849740028381,62.101562146157
FIN,2013,national,income,.6415237905345778,1.417261242866516,61.857898580739
FIN,2014,national,income,.6167863864717278,1.355561971664429,61.537894520136
FIN,2015,national,income,.6317094703369099,1.401058554649353,62.100762696142
FIN,2016,national,income,.5974090292999903,1.340034365653992,62.806150858566
FIN,2017,national,income,.6216079310569201,1.423426985740662,64.117517175608
FIN,2018,national,income,.5957490010654256,1.385671019554138,65.12606717481
FIN,2019,national,income,.5834436783200232,1.380841970443726,66.26788143234999
FIN,2020,national,income,.5595425661814206,1.323720574378967,66.240136418951
FIN,2021,national,income,.5461616927890441,1.318640232086182,67.60255654879499
FIN,2022,national,income,.6063098624892056,1.425819158554077,65.845766703339
FJI,2002,national,consumption,4.129875576513144,1.563142061233521,10.597892208728
FJI,2008,national,consumption,3.79494957564664,1.605336427688599,11.844537051466
FJI,2013,national,consumption,3.581792613415504,1.479048848152161,11.56219020164
FJI,2019,national,consumption,4.418677350067775,1.345533728599548,8.526294741542999
FRA,1970,national,income,1.450575344270973,1.540432572364807,29.734486101072
FRA,1975,national,income,1.198192553230656,1.60095739364624,37.412021580397
FRA,1979,national,income,1.02892067977092,1.564488291740417,42.574392230949
FRA,1984,national,income,1.16481424334065,1.870019435882568,44.951841991801
FRA,1990,national,income,.840887760414919,1.435623288154602,47.80358961768
FRA,1996,national,income,.8059713158469387,1.469931244850159,51.066425459992
FRA,1997,national,income,.7935277518437907,1.456714630126953,51.400859809914
FRA,1998,national,income,.7549087227754444,1.421382904052734,52.719911817895
FRA,1999,national,income,.7474626817077328,1.446271181106567,54.177409527533
FRA,2000,national,income,.7318187336961987,1.450371980667114,55.492450264395
FRA,2001,national,income,.7075146057645134,1.4389967918396,56.948518540111
FRA,2002,national,income,.6692510093545047,1.395083665847778,58.367250061358
FRA,2003,national,income,.7488143537788713,1.449079513549805,54.184625845277
FRA,2004,national,income,.7125494921900951,1.401363015174866,55.067282329408
FRA,2005,national,income,.7203594570933122,1.399395227432251,54.393769888953
FRA,2006,national,income,.7147082482059649,1.369671821594238,53.6593955422
FRA,2007,national,income,.6090530536869847,1.417787194252014,65.17994225105301
FRA,2008,national,income,.6103049350110954,1.433197855949402,65.75325965053
FRA,2009,national,income,.6246394039146028,1.47939920425415,66.31534572527001
FRA,2010,national,income,.6489726551059266,1.543662071228027,66.60147693463399
FRA,2011,national,income,.6039307643990685,1.444021344184875,66.94905938524001
FRA,2012,national,income,.616321421993946,1.460856676101685,66.367947117803
FRA,2013,national,income,.6352308517744424,1.49107551574707,65.72431830865899
FRA,2014,national,income,.5973850401021621,1.418150186538696,66.470038917989
FRA,2015,national,income,.6326541223444767,1.521255016326904,67.327687772296
FRA,2016,national,income,.6283162921624929,1.51622200012207,67.568222311684
FRA,2017,national,income,.5815482363944727,1.395401954650879,67.18488957888199
FRA,2018,national,income,.5844285197788905,1.425487041473389,68.295156890374
FRA,2019,national,income,.6248197170795388,1.437209486961365,64.405562314953
FRA,2020,national,income,.6253199332291386,1.469282388687134,65.79017128305399
FRA,2021,national,income,.6344945764014178,1.494931578636169,65.970750372024
FRA,2022,national,income,.6285662471989955,1.483446359634399,66.081335399358
FSM,2000,urban,income,21.29455997194452,4.707222938537598,6.189479462709
FSM,2005,national,consumption,5.594358317748139,1.76205575466156,8.819163363788
FSM,2013,national,consumption,8.656655907022737,1.896192789077759,6.133245717064
GAB,2005,national,consumption,4.761470043317618,1.74327552318573,10.251396184349
GAB,2017,national,consumption,3.27404177259487,1.68630063533783,14.421446807256
GBR,1968,national,income,1.457239848494873,1.260137796401978,24.212800277069
GBR,1969,national,income,1.475960767769101,1.29133129119873,24.497451216378
GBR,1970,national,income,1.430686070053113,1.281235575675964,25.075099712947
GBR,1971,national,income,1.464043814972136,1.304931640625,24.956963005564
GBR,1972,national,income,1.438691900689593,1.331716537475586,25.918031976759
GBR,1973,national,income,1.279363577569933,1.289348244667053,28.218522946072
GBR,1974,national,income,1.31919455361446,1.329762578010559,28.224305931535
GBR,1975,national,income,1.338965388375583,1.297277688980103,27.128239931214
GBR,1976,national,income,1.358717759826517,1.272056937217712,26.214122376199
GBR,1977,national,income,1.411121753991262,1.291889905929565,25.634158433288
GBR,1978,national,income,1.272377746538,1.268104434013367,27.905960606311
GBR,1979,national,income,1.251942534136897,1.271204710006714,28.430804037637
GBR,1980,national,income,1.246531134045269,1.299625158309937,29.192615170616
GBR,1981,national,income,1.275747981738005,1.327381372451782,29.133245019742
GBR,1982,national,income,1.168343502767993,1.336184501647949,32.022402086464
GBR,1983,national,income,1.211580073437199,1.326986789703369,30.667085166471
GBR,1984,national,income,1.175253799162652,1.324739336967468,31.561438016908
GBR,1985,national,income,1.159312320812547,1.358563780784607,32.81237003704
GBR,1986,national,income,1.146539976575762,1.440205216407776,35.171686677767
GBR,1987,national,income,1.063664787619255,1.428970456123352,37.616336466065
GBR,1988,national,income,1.014882381823483,1.455918788909912,40.167930290543
GBR,1989,national,income,1.007947349059509,1.457422733306885,40.486080775001
GBR,1990,national,income,.9980970185093228,1.519858002662659,42.637160985755
GBR,1991,national,income,.9800633187083188,1.50626814365387,43.033450749555
GBR,1992,national,income,1.023652553183433,1.519764184951782,41.570156688061
GBR,1993,national,income,1.030055460551248,1.522080183029175,41.374707649482
GBR,1994,national,income,1.02050871941714,1.642763733863831,45.072996316675
GBR,1995,national,income,.9982652550862841,1.610305428504944,45.166903575006
GBR,1996,national,income,.9230156439443156,1.547421932220459,46.941579952056
GBR,1997,national,income,.9043082308764616,1.570621371269226,48.630982989095
GBR,1998,national,income,.8918025103734329,1.632765769958496,51.264085259444
GBR,1999,national,income,.9016354616458818,1.690587639808655,52.500657159377
GBR,2000,national,income,.8747457230278907,1.797757506370544,57.544963361175
GBR,2001,national,income,.822480217033045,1.711146712303162,58.253203386385
GBR,2002,national,income,.8521178299587036,1.721129775047302,56.555128264684
GBR,2003,national,income,.8111724905647438,1.668864965438843,57.605772981436
GBR,2004,national,income,.8349942027594516,1.777465224266052,59.604036368168
GBR,2005,national,income,.90616788067913,1.967113852500916,60.782542044486
GBR,2006,national,income,.8006669386961579,1.769593715667725,61.884186907808
GBR,2007,national,income,.7873770554295118,1.736701011657715,61.759012150677
GBR,2008,national,income,.7984715294124579,1.792623519897461,62.861924838373
GBR,2009,national,income,.8770018222290835,1.952429890632629,62.335146488248
GBR,2010,national,income,.7864078194759794,1.705405592918396,60.72085660513
GBR,2011,national,income,.7728594329173941,1.63859224319458,59.364717006957
GBR,2012,national,income,.8981821771208065,1.897949934005737,59.166835531942
GBR,2013,national,income,.7351162721467394,1.562417984008789,59.511272399417
GBR,2014,national,income,.8415208099206644,1.841905236244202,61.28588417213
GBR,2015,national,income,.7614143179080856,1.691621065139771,62.20711744534
GBR,2016,national,income,.9018507328686489,2.015058755874634,62.562065498649
GBR,2017,national,income,.9046606521181554,2.009328365325928,62.190384104345
GBR,2018,national,income,.9110469110204048,2.064527034759521,63.450911889468
GBR,2019,national,income,.899206738695851,2.065487623214722,64.316304404721
GBR,2020,national,income,.9097330290354586,2.079410552978516,64.000638451942
GBR,2021,national,income,.8834227549328731,2.029364109039307,64.32050272671999
GEO,1996,national,consumption,5.129110805685323,1.603564858436584,8.753918422686001
GEO,1997,national,consumption,9.069429954781489,1.940483331680298,5.99084327085
GEO,1998,national,consumption,9.135356312527747,2.006050825119019,6.148574938234
GEO,1999,national,consumption,9.911726810633777,1.879770040512085,5.310231220568
GEO,2000,national,consumption,10.51256984248699,1.920649647712708,5.115608318602
GEO,2001,national,consumption,10.40384667860191,1.817344307899475,4.891040891087
GEO,2002,national,consumption,7.42425163838771,1.65435004234314,6.239255180916
GEO,2003,national,consumption,7.571820728371965,1.669740080833435,6.174568134926
GEO,2004,national,consumption,7.327817904141474,1.671745419502258,6.387832486598
GEO,2005,national,consumption,7.516630529529445,1.692032337188721,6.302944462259
GEO,2006,national,consumption,7.509291270007345,1.659047365188599,6.186113168373
GEO,2007,national,consumption,7.738161509515534,1.686026096343994,6.100768188936
GEO,2008,national,consumption,7.186764871483381,1.692407488822937,6.593705083282
GEO,2009,national,consumption,7.259270132093635,1.694503545761108,6.535932401279
GEO,2010,national,consumption,7.588991262852155,1.760815739631653,6.496626424004
GEO,2011,national,consumption,7.433003492553254,1.787487030029297,6.733433862634
GEO,2012,national,consumption,6.570795814933376,1.695850253105164,7.226492587895
GEO,2013,national,consumption,5.86944099956146,1.662868618965149,7.932667056137
GEO,2014,national,consumption,5.460592020842384,1.615970611572266,8.286130341530001
GEO,2015,national,consumption,5.214726774759957,1.557119250297546,8.360809642819
GEO,2016,national,consumption,5.198448083516906,1.565059304237366,8.429758138824001
GEO,2017,national,consumption,5.299949411543111,1.644862174987793,8.689920824354999
GEO,2018,national,consumption,5.253570557230666,1.59705376625061,8.511831424367999
GEO,2019,national,consumption,5.07518633541339,1.544159173965454,8.519186108736999
GEO,2020,national,consumption,5.493295041948202,1.520717024803162,7.751281814234
GEO,2021,national,consumption,5.283863215710042,1.521418929100037,8.062231752099001
GEO,2022,national,consumption,4.750865389683893,1.517172932624817,8.941706421180999
GEO,2023,national,consumption,4.143840045527232,1.507598042488098,10.186866201886
GHA,1987,national,consumption,17.87457023097102,1.485478520393372,2.326959294718
GHA,1988,national,consumption,17.46732510919365,1.490755081176758,2.389669903119
GHA,1991,national,consumption,19.95895776769983,1.583892464637756,2.222009248523
GHA,1998,national,consumption,16.17580961607373,1.709162831306458,2.958526433347
GHA,2005,national,consumption,15.36681191884709,1.859225273132324,3.387710287507
GHA,2012,national,consumption,10.62888948005948,1.830675601959229,4.822603093187
GHA,2016,national,consumption,11.28075136972335,2.042154788970947,5.068841136955
GIN,1991,national,consumption,37.06624991027932,2.086775064468384,1.576358642982
GIN,1994,national,consumption,9.149500607629191,1.885548233985901,5.770298638579
GIN,2002,national,consumption,11.54249336420305,1.759645223617554,4.268580786545
GIN,2007,national,consumption,10.20426233972895,1.637264609336853,4.492574548682
GIN,2012,national,consumption,7.066906886118911,1.448314666748047,5.73841013185
GIN,2018,national,consumption,5.716055385683727,1.334692358970642,6.537968073325
GMB,1998,national,consumption,23.95202471218226,2.102004766464233,2.457250887191
GMB,2003,national,consumption,13.58284790560372,2.039282321929932,4.203824464414
GMB,2010,national,consumption,8.903498654442211,1.787899374961853,5.622641820191
GMB,2015,national,consumption,6.399607207643925,1.48232364654541,6.485564149619
GMB,2020,national,consumption,6.907535185741986,1.595163464546204,6.466065879204
GNB,1991,national,consumption,20.14918983563898,3.540646314620972,4.920202772045
GNB,1993,national,consumption,12.45152371674947,1.778377652168274,3.999074780525
GNB,2002,national,consumption,14.59594340455312,1.497109293937683,2.871966449228
GNB,2010,national,consumption,20.94328802709855,2.150606155395508,2.87523953974
GNB,2018,national,consumption,8.578132692731955,1.428390026092529,4.662427437947
GNB,2021,national,consumption,9.098176602891423,1.400114059448242,4.308906480789
GNQ,2022,national,consumption,4.734313294280958,1.59619414806366,9.440320947587001
GRC,1995,national,income,2.374591365090579,2.597541570663452,30.628918525103
GRC,2000,national,income,1.536198863352344,1.868918776512146,34.064420568903
GRC,2003,national,income,1.411636206583501,1.982416272163391,39.3215026217
GRC,2004,national,income,1.427185656906594,2.112356185913086,41.442381691701
GRC,2005,national,income,1.20982041576659,1.810256600379944,41.896452148634
GRC,2006,national,income,1.303938319169221,1.969033718109131,42.281864122895
GRC,2007,national,income,1.352948859916051,2.102461099624634,43.511557726118
GRC,2008,national,income,1.190887573937077,1.88034999370575,44.21055529851
GRC,2009,national,income,1.431731528926312,2.294955015182495,44.881834589371
GRC,2010,national,income,1.750431422941737,2.43252158164978,38.910751212423
GRC,2011,national,income,2.132880293857804,2.459475755691528,32.287475060519
GRC,2012,national,income,1.989552543357351,1.991521596908569,28.027711282716
GRC,2013,national,income,1.896029463857215,1.812662839889526,26.768867268132
GRC,2014,national,income,2.30081025115662,2.191979169845581,26.675566796112
GRC,2015,national,income,2.227149057820778,2.156438827514648,27.111021853183
GRC,2016,national,income,1.985061784646666,1.96250593662262,27.681841071349
GRC,2017,national,income,1.822506796266449,1.828835725784302,28.097234557613
GRC,2018,national,income,1.503436061723356,1.560925006866455,29.070675121973
GRC,2019,national,income,1.702204767696172,1.878864645957947,30.905922713678
GRC,2020,national,income,1.712405673377307,1.911862730979919,31.261376301158
GRC,2021,national,income,1.551942833428079,1.848393797874451,33.348539593165
GRC,2022,national,income,1.443110363484825,1.706433057785034,33.109128405762
GRD,2018,national,consumption,2.40254595042749,1.811191201210022,21.108172538606
GTM,1986,national,income,13.95353287991304,2.733797788619995,5.485803463872
GTM,1989,national,income,11.83003096815122,3.713693618774414,8.789784394178
GTM,1998,national,income,4.739961174095721,2.32448673248291,13.731257881683
GTM,2000,national,income,4.441002801802667,2.775778293609619,17.500955841326
GTM,2006,national,income,4.482949451137834,2.885424375534058,18.022036818709
GTM,2014,national,income,4.336294612473516,2.16433048248291,13.975354340406
GTM,2023,national,income,4.793515990315166,2.141957759857178,12.511655419263
GUY,1992,national,income,9.236395112271573,1.746244192123413,5.293714324625
GUY,1998,national,income,7.701822805352603,2.935279846191406,10.67121839533
HND,1986,urban,income,17.491682279485,2.626718997955322,4.204749042906
HND,1989,national,income,14.06329413914039,2.738273620605469,5.451899173558
HND,1990,national,income,15.47971241378739,2.844634294509888,5.145428839543
HND,1991,national,income,11.94918798574367,2.5235435962677,5.913307503556
HND,1992,national,income,10.56841776788159,2.479346513748169,6.568788852517
HND,1993,national,income,9.472832614153873,2.660208225250244,7.863100082359
HND,1994,national,income,10.39946895566736,2.953991413116455,7.953460101187
HND,1995,national,income,10.5992749194338,2.94994854927063,7.792849907127
HND,1996,national,income,11.91439647312228,3.056060075759888,7.182040565854
HND,1997,national,income,8.40044210768218,2.602756261825562,8.675397489057
HND,1998,national,income,12.56185620857408,4.039416313171387,9.00373717451
HND,1999,national,income,12.74539798226741,3.803066492080688,8.354847872500001
HND,2001,national,income,8.812034866930812,3.443815231323242,10.94262867662
HND,2002,national,income,9.84538651581787,3.371949195861816,9.589728053558
HND,2003,national,income,11.42818711084832,3.685319423675537,9.029335957978001
HND,2004,national,income,11.17700834306569,3.725810050964355,9.333685622247
HND,2005,national,income,12.02834777496552,4.374903202056885,10.184049371812
HND,2006,national,income,10.22504809882372,4.055305957794189,11.104941791842
HND,2007,national,income,7.353154990650316,3.158287763595581,12.026410331821
HND,2008,national,income,7.474339005161666,3.314664602279663,12.417232825811
HND,2009,national,income,6.148599681076681,2.679637670516968,12.202754776453
HND,2010,national,income,6.517013260489385,2.817576169967651,12.105565520086
HND,2011,national,income,7.196414468763809,2.991462469100952,11.639261611341
HND,2012,national,income,8.117662371498467,3.017366886138916,10.407709694753
HND,2013,national,income,6.968095389699237,2.585834264755249,10.390695830444
HND,2014,national,income,6.475959180529784,2.455946922302246,10.618738247135
HND,2015,national,income,6.474380202861268,2.434249877929688,10.527494000724
HND,2016,national,income,6.91627405248374,2.731379270553589,11.057777801206
HND,2017,national,income,6.638887874855452,2.58213472366333,10.89034432943
HND,2018,national,income,6.634136248555179,2.574265241622925,10.864930484978
HND,2019,national,income,6.386206040897514,2.500284433364868,10.962371431961
HND,2023,national,income,6.627897911438216,2.593332052230835,10.955705584512
HRV,1988,national,income,1.294663270975411,1.188329696655273,25.700297903195
HRV,1998,national,consumption,.8559082684885342,1.316259264945984,43.059824716435
HRV,1999,national,consumption,1.638373625455261,1.266798973083496,21.649745872037
HRV,2000,national,consumption,1.549016128102998,1.346406102180481,24.337624269491
HRV,2001,national,consumption,1.639749581826562,1.345284342765808,22.971777077682
HRV,2004,national,consumption,1.04029178727381,1.338003396987915,36.013063524135
HRV,2008,national,consumption,1.112371781868607,1.414513826370239,35.605349766904
HRV,2009,national,consumption,1.128770594067425,1.412335991859436,35.034052330947
HRV,2009,national,income,2.052494728808381,1.971388578414917,26.893555494528
HRV,2010,national,consumption,1.213002888696806,1.270324468612671,29.323165285105
HRV,2010,national,income,2.384129564274268,2.118905544281006,24.885123070568
HRV,2011,national,income,1.995093148588693,1.70973014831543,23.995091545198
HRV,2012,national,income,2.129603889006287,1.734813213348389,22.809298180611
HRV,2013,national,income,2.117531908190785,1.698965072631836,22.465315077359
HRV,2014,national,income,2.107692969711893,1.784677386283875,23.70884463065
HRV,2015,national,income,1.859882129920535,1.64348042011261,24.742133927668
HRV,2016,national,income,1.729504948539785,1.650844573974609,26.726520497454
HRV,2017,national,income,1.660157734940349,1.667160987854004,28.118115962104
HRV,2018,national,income,1.458125599490032,1.572397470474243,30.194331496351
HRV,2019,national,income,1.319449350705918,1.510468602180481,32.053614809618
HRV,2020,national,income,1.320651560329239,1.574760317802429,33.387526327319
HRV,2021,national,income,1.218064762790509,1.542241811752319,35.451948866347
HRV,2022,national,income,1.253110883491189,1.616840362548828,36.127313826527
HTI,2001,national,income,28.51087032398037,3.061423301696777,3.006567468911
HTI,2012,national,consumption,10.43383074509124,1.774496674537659,4.762000521146
HTI,2012,national,income,25.19934761241563,3.535853624343872,3.928827864793
HUN,1987,national,income,1.453769213012498,1.143770098686218,22.029330068234
HUN,1989,national,income,3.209024803054676,1.204368114471436,10.508584390647
HUN,1991,national,income,2.789003212500662,1.95413601398468,19.61840937255
HUN,1993,national,income,2.163880503584701,1.255610108375549,16.247238220093
HUN,1994,national,income,2.630528106783157,1.66246235370636,17.695665125287
HUN,1998,national,consumption,2.708442018030722,1.251913070678711,12.942335591239
HUN,1999,national,consumption,2.710661585183674,1.271089792251587,13.129825682875
HUN,1999,national,income,2.400604309381088,1.382293105125427,16.122692695067
HUN,2000,national,consumption,2.651160192717156,1.263042330741882,13.339512764292
HUN,2001,national,consumption,2.324431763222803,1.264008641242981,15.226191287193
HUN,2002,national,consumption,2.258353760296167,1.254357099533081,15.552035642547
HUN,2003,national,consumption,2.196711515828611,1.36307156085968,17.374154281681
HUN,2004,national,consumption,2.071603376602322,1.335876226425171,18.055837886886
HUN,2004,national,income,1.967972112786933,1.371495842933655,19.513429446399
HUN,2005,national,consumption,2.039599947244741,1.342106461524963,18.424682571465
HUN,2005,national,income,2.156098236732385,1.656518459320068,21.512245971853
HUN,2006,national,consumption,2.023070055213757,1.314807653427124,18.197399352198
HUN,2006,national,income,1.822706263125181,1.3628830909729,20.93630011567
HUN,2007,national,consumption,2.051803359279853,1.365286231040955,18.631421468274
HUN,2007,national,income,1.819704876332469,1.32730770111084,20.423431111982
HUN,2008,national,income,1.739974673400039,1.29761004447937,20.881385165692
HUN,2009,national,income,1.829899837996666,1.300158023834229,19.894217345002
HUN,2010,national,income,1.832768645966762,1.355144143104553,20.703123152746
HUN,2011,national,income,1.834621088974245,1.37162721157074,20.93378505035
HUN,2012,national,income,2.104304891901829,1.488998055458069,19.812692137005
HUN,2013,national,income,1.949552981414346,1.427472591400146,20.501741990117
HUN,2014,national,income,2.188072447816307,1.683774709701538,21.546677145188
HUN,2015,national,income,1.953832929560964,1.577938795089722,22.613134142986
HUN,2016,national,income,2.206451060451257,1.859917521476746,23.602467976434
HUN,2017,national,income,1.87104511521384,1.658269643783569,24.815837290096
HUN,2018,national,income,1.559619952676267,1.482255578041077,26.611069322074
HUN,2019,national,income,1.419776596587106,1.470566511154175,29.001648516638
HUN,2020,national,income,1.466972563721812,1.608229875564575,30.696167684822
HUN,2021,national,income,1.405999947602816,1.597591042518616,31.81547047689
HUN,2022,national,income,1.377617479748457,1.592572212219238,32.368943947665
IDN,1984,national,consumption,19.33380224944938,1.361181378364563,1.971318339932
IDN,1987,national,consumption,18.31401457584247,1.303386449813843,1.992726496927
IDN,1990,national,consumption,15.10785120754583,1.315721869468689,2.43848123847
IDN,1993,national,consumption,15.02204948377925,1.33539891242981,2.489085695401
IDN,1996,national,consumption,13.01731881122754,1.393294930458069,2.996950428742
IDN,1998,national,consumption,16.82268178392275,1.333491444587708,2.219489159386
IDN,1999,national,consumption,12.22130806460438,1.317543983459473,3.018599318196
IDN,2000,national,consumption,12.18218766664723,1.309502005577087,3.009808737291
IDN,2001,national,consumption,11.65195218060276,1.325118184089661,3.184299700682
IDN,2002,national,consumption,9.4953168398551,1.295871376991272,3.821294307229
IDN,2003,national,consumption,9.453967339752792,1.286893248558044,3.811416957194
IDN,2004,national,consumption,9.566840197131269,1.310905456542969,3.836726790341
IDN,2005,national,consumption,9.099305077469928,1.303046107292175,4.009678721997
IDN,2006,national,consumption,9.896976237976098,1.346791863441467,3.810272142041
IDN,2007,national,consumption,9.058443461030302,1.376266002655029,4.254091688289
IDN,2008,national,consumption,8.718091184119322,1.362004995346069,4.374367929606
IDN,2009,national,consumption,8.733029228609531,1.379717707633972,4.423676419152
IDN,2010,national,consumption,8.140067737464113,1.4144127368927,4.865261500194
IDN,2011,national,consumption,7.732943906657218,1.498206377029419,5.424813722461
IDN,2012,national,consumption,7.237416269198462,1.471968054771423,5.694726200216
IDN,2013,national,consumption,7.20248071633161,1.52497136592865,5.928401472665
IDN,2014,national,consumption,7.033249981232091,1.522314429283142,6.060470465569
IDN,2015,national,consumption,6.758089178898903,1.509393215179443,6.253692086356
IDN,2016,national,consumption,6.300795734455155,1.4889315366745,6.616637885418
IDN,2017,national,consumption,5.888898235839809,1.480526685714722,7.039473963023
IDN,2018,national,consumption,5.589057274642047,1.48285710811615,7.428801774934
IDN,2019,national,consumption,5.408730485729628,1.450340270996094,7.508144213789
IDN,2020,national,consumption,5.261310629719996,1.447046995162964,7.700992616685
IDN,2021,national,consumption,5.101206926372909,1.44986891746521,7.95818155909
IDN,2022,national,consumption,5.096771263665753,1.440458297729492,7.913408385093
IDN,2023,national,consumption,4.968416141844598,1.448032259941101,8.16052858944
IDN,2024,national,consumption,4.813790225593154,1.415780067443848,8.235058013341
IND,1977,national,consumption,11.40982776010765,1.29712176322937,3.18316898971
IND,1983,national,consumption,10.27997882626768,1.250082612037659,3.404901244308
IND,1987,national,consumption,10.22173275520663,1.249531984329224,3.422794862241
IND,1993,national,consumption,9.696512365078931,1.232611775398254,3.559334247456
IND,2004,national,consumption,9.470958364859785,1.25309145450592,3.704647277038
IND,2009,national,consumption,8.418810315884867,1.254729270935059,4.173085835194
IND,2011,national,consumption,7.670601308357976,1.272284746170044,4.644221687875
IND,2022,national,consumption,5.363668652612874,1.217378973960876,6.355092371251
IRL,1987,national,income,2.251094149139274,1.610753178596497,20.035185362639
IRL,1994,national,income,1.569236997566651,1.636825799942017,29.205991976212
IRL,1995,national,income,1.539103269556778,1.656942367553711,30.143778315518
IRL,1996,national,income,1.355678474566649,1.528899073600769,31.57767577231
IRL,2000,national,income,1.025504808383277,1.445975065231323,39.480361450697
IRL,2002,national,income,.9668691522975797,1.500816822052002,43.462831711558
IRL,2003,national,income,.9520578923793982,1.516211628913879,44.591748771464
IRL,2004,national,income,.8953741847196593,1.481018781661987,46.314185381236
IRL,2005,national,income,.8409763355887498,1.460413336753845,48.623928862729
IRL,2006,national,income,.8644499184936965,1.600734710693359,51.848661152587
IRL,2007,national,income,.8055898732660022,1.481275677680969,51.484907132529
IRL,2008,national,income,.9220387762617223,1.566384077072144,47.567146245882
IRL,2009,national,income,1.217799556471817,2.03526782989502,46.795467539844
IRL,2010,national,income,1.231650033643925,1.978752613067627,44.984427789021
IRL,2011,national,income,1.274218809062122,1.992398142814636,43.781450997076
IRL,2012,national,income,1.059924703109364,1.669934153556824,44.114600553216
IRL,2013,national,income,1.392275809271802,2.188628435134888,44.015415841071
IRL,2014,national,income,1.149591971326666,1.895812153816223,46.175289044014
IRL,2015,national,income,1.075732818112995,1.830301403999329,47.640489338244
IRL,2016,national,income,.8931441890409371,1.623363733291626,50.892325657179
IRL,2017,national,income,.8948115607399268,1.727988243103027,54.071351543151
IRL,2018,national,income,.6829423308655757,1.35040271282196,55.365253610793
IRL,2019,national,income,.6708473148626641,1.36311149597168,56.893903632483
IRL,2020,national,income,.7165905653847633,1.520814657211304,59.424185837945
IRL,2021,national,income,.6644383506128408,1.439053773880005,60.642955434185
IRL,2022,national,income,.7246237287726826,1.538694024085999,59.456282158539
IRN,1986,national,consumption,6.446585819944714,2.003889560699463,8.703662873440001
IRN,1990,national,consumption,6.541305635147814,1.814567804336548,7.767240977242
IRN,1994,national,consumption,5.488734723249692,1.757048606872559,8.963333816757
IRN,1998,national,consumption,5.301964611740945,1.830434441566467,9.666636478299001
IRN,2005,national,consumption,3.474959634497885,1.845906376838684,14.87366316111
IRN,2006,national,consumption,3.482128019704309,1.902031660079956,15.294350342319
IRN,2009,national,consumption,3.538187690357165,1.862981677055359,14.742996327153
IRN,2011,national,consumption,3.386508714101202,1.484485983848572,12.273881888773
IRN,2012,national,consumption,3.275882055623388,1.455406904220581,12.439823432735
IRN,2013,national,consumption,3.38011964066672,1.43961238861084,11.925361286609
IRN,2014,national,consumption,3.602248722792382,1.486745834350586,11.556359666283
IRN,2015,national,consumption,3.531976471347292,1.487606048583984,11.793105022455
IRN,2016,national,consumption,3.529885570389769,1.505661606788635,11.943312470889
IRN,2017,national,consumption,3.378957805351406,1.533594846725464,12.708254556495
IRN,2018,national,consumption,3.568530020640166,1.557840347290039,12.223388784445
IRN,2019,national,consumption,3.903411453186675,1.531841993331909,10.988227903501
IRN,2020,national,consumption,3.961164144769036,1.519069671630859,10.7377400101
IRN,2021,national,consumption,3.674882548894326,1.519024729728699,11.57389122683
IRN,2022,national,consumption,3.445115053825179,1.488649487495422,12.098923972275
IRN,2023,national,consumption,3.320535916418238,1.515899062156677,12.782627631635
IRQ,2006,national,consumption,3.0948196744323,1.284457683563232,11.620973187132
IRQ,2012,national,consumption,2.990927451475102,1.314023971557617,12.301424944454
IRQ,2023,national,consumption,2.846749833026037,1.317400217056274,12.957656753322
ISL,2003,national,income,.6742738907649108,1.297224998474121,53.868762443363
ISL,2004,national,income,.7341223075380376,1.444447159767151,55.09234517596
ISL,2005,national,income,.6495674220778818,1.333262205123901,57.471081628551
ISL,2006,national,income,.6378407285244964,1.500491738319397,65.868747304114
ISL,2007,national,income,.5622377446601625,1.396989345550537,69.57146271878599
ISL,2008,national,income,.5616441927774282,1.454178810119629,72.49608703043199
ISL,2009,national,income,.648699249966173,1.409869313240051,60.85461362209
ISL,2010,national,income,.7375389616766702,1.422997355461121,54.022808762434
ISL,2011,national,income,.7699351719040284,1.484631419181824,53.991142963814
ISL,2012,national,income,.6666270674540141,1.312198519706726,55.115613152611
ISL,2013,national,income,.6536472674924326,1.314690113067627,56.316801412232
ISL,2014,national,income,.611204011987929,1.297038793563843,59.418928327545
ISL,2015,national,income,.566987242182194,1.284731030464172,63.444934647922
ISL,2016,national,income,.5268577651712948,1.293344736099243,68.73515876424401
ISL,2017,national,income,.4949201872915447,1.258998870849609,71.2275815332
ISL,2018,national,income,.7163443568090134,1.704864263534546,66.63861841876
ISR,1979,national,income,1.960658579468036,1.542238116264343,22.024573295667
ISR,1986,national,income,2.034256048159035,1.586844086647034,21.841711586655
ISR,1992,national,income,1.644328366749944,1.518858075141907,25.863463786154
ISR,1997,national,income,1.858330853998889,1.791310667991638,26.990188014173
ISR,2001,national,income,1.529864370670944,1.682059645652771,30.785519953755
ISR,2002,national,income,1.921356470633382,1.894583106040955,27.60983031749
ISR,2003,national,income,1.844080461593873,1.879909157752991,28.544013344222
ISR,2004,national,income,1.919426697090798,2.035913705825806,29.69927571617
ISR,2005,national,income,1.96752411381914,2.183090448379517,31.067742814279
ISR,2006,national,income,1.696920092878268,1.91869068145752,31.659321753087
ISR,2007,national,income,1.64321247672622,1.948908090591431,33.208989011816
ISR,2008,national,income,1.62726785773526,1.9809889793396,34.086392532345
ISR,2009,national,income,1.692682463296922,2.063120126724243,34.12770165232
ISR,2010,national,income,1.629843739721557,2.033943891525269,34.942261256178
ISR,2011,national,income,1.592815420855247,1.979673147201538,34.800546248083
ISR,2012,national,income,1.5725847181214,2.063500165939331,36.740789650675
ISR,2013,national,income,1.428554917062158,1.947477579116821,38.171002861108
ISR,2014,national,income,1.415818599630128,1.96841835975647,38.928513894301
ISR,2015,national,income,1.382581497264272,1.980597972869873,40.111010972219
ISR,2016,national,income,1.27212561515617,1.846868872642517,40.650330728846
ISR,2017,national,income,1.290233679754474,1.955033183097839,42.427142902378
ISR,2018,national,income,1.226630085598724,1.92976188659668,44.050226728607
ISR,2019,national,income,1.361652976086283,2.072223901748657,42.611640339147
ISR,2020,national,income,1.306835789567701,1.970268607139587,42.214576794438
ISR,2021,national,income,1.247096194075551,1.905309319496155,42.778303836995
ITA,1977,national,income,1.51958526724909,1.522234559059143,28.048816163827
ITA,1978,national,income,1.606617917291411,1.750762462615967,30.512138023888
ITA,1979,national,income,1.373245471717991,1.556344389915466,31.733323368413
ITA,1980,national,income,1.230899514147403,1.467199921607971,33.375265583653
ITA,1981,national,income,1.226627989683749,1.412637948989868,32.246012272253
ITA,1982,national,income,1.139911689663443,1.347154855728149,33.09057838864
ITA,1983,national,income,1.218351752634679,1.439690828323364,33.086784602098
ITA,1984,national,income,1.157745580446777,1.433001518249512,34.657045323948
ITA,1986,national,income,1.243046270891226,1.473461985588074,33.190185683231
ITA,1987,national,income,1.740884190625509,2.415159463882446,38.844897429509
ITA,1989,national,income,.9381360783226782,1.417572617530823,42.3094621259
ITA,1991,national,income,1.180917482852301,1.749792337417603,41.488237960522
ITA,1993,national,income,1.842625504847963,2.664694786071777,40.491923592362
ITA,1995,national,income,1.478510873094669,2.122153043746948,40.189279270466
ITA,1998,national,income,2.282239285794448,3.552411556243896,43.583302640319
ITA,2000,national,income,2.014709116379751,3.19620680809021,44.420202804282
ITA,2002,national,income,2.067302540185811,3.281381368637085,44.443751300547
ITA,2003,national,income,1.273657602673628,2.481577157974243,54.554818383014
ITA,2004,national,income,1.194721219751694,2.394755601882935,56.124520074652
ITA,2005,national,income,1.243240781525123,2.453426122665405,55.255534598655
ITA,2006,national,income,1.206463886769903,2.426796197891235,56.32186214496
ITA,2007,national,income,1.201200189392914,2.431150913238525,56.670177789469
ITA,2008,national,income,1.209664599893585,2.412812471389771,55.849159190845
ITA,2009,national,income,1.297710745213599,2.616921901702881,56.46390414957
ITA,2010,national,income,1.598070590457698,3.164125919342041,55.439058011483
ITA,2011,national,income,1.582393485872844,3.086353540420532,54.612142956925
ITA,2012,national,income,1.58258514751888,2.947429180145264,52.14760006497
ITA,2013,national,income,1.851509508807008,3.409051656723022,51.554391175381
ITA,2014,national,income,1.671558515505617,3.064671277999878,51.335801221617
ITA,2015,national,income,2.113879878046192,3.97242546081543,52.61789702844
ITA,2016,national,income,1.978637496159908,3.807138919830322,53.875402089211
ITA,2017,national,income,1.860820865631112,3.643029451370239,54.817111307811
ITA,2018,national,income,1.77573819496778,3.49124813079834,55.050317231109
ITA,2019,national,income,1.53502661694279,3.134050130844116,57.167349645856
ITA,2020,national,income,1.394882184801814,2.840062141418457,57.009645550661
ITA,2021,national,income,1.297715841483964,2.738224983215332,59.080963963429
ITA,2022,national,income,1.217601735890987,2.53339147567749,58.257936528229
JAM,1988,national,consumption,5.199223482746591,1.776497006416321,9.567181959199001
JAM,1990,national,consumption,5.257700543719395,1.676054358482361,8.925864363044001
JAM,1993,national,consumption,6.680522051559009,1.505623698234558,6.310504351359
JAM,1996,national,consumption,4.794481269137949,1.652285575866699,9.649426680424
JAM,1999,national,consumption,4.025590680728764,1.868249177932739,12.994608623114
JAM,2002,national,consumption,4.086432036401542,2.074644565582275,14.215346891075
JAM,2004,national,consumption,3.712354027387966,1.879228472709656,14.173862558509
JAM,2018,national,consumption,2.345457139564983,1.483314752578735,17.707769432117
JAM,2021,national,consumption,2.552382022046462,1.726690292358398,18.942042735792
JOR,1986,national,consumption,2.350066152468631,1.468772053718567,17.499770544353
JOR,1992,national,consumption,3.464408222024323,1.693353295326233,13.686000559206
JOR,1997,national,consumption,3.410670324694925,1.457591891288757,11.96614373094
JOR,2002,national,consumption,2.997311846694048,1.506173729896545,14.070229253736
JOR,2006,national,consumption,2.554776837107539,1.409259080886841,15.44528449874
JOR,2008,national,consumption,2.486510721323147,1.369293332099915,15.419283830525
JOR,2010,national,consumption,2.260019495877407,1.398598194122314,17.327616442307
JPN,2008,national,income,1.341458981422632,2.336198806762695,48.763003462893
JPN,2009,national,income,1.262620256150093,2.137924432754517,47.410835501977
JPN,2010,national,income,.9927193944629142,1.710537314414978,48.246306613664
JPN,2011,national,income,1.034675346227804,1.711265325546265,46.309625651241
JPN,2012,national,income,1.325695612733128,2.213506937026978,46.751451293974
JPN,2013,national,income,1.149595513197196,1.88006865978241,45.791692004548
JPN,2014,national,income,1.173553238472752,1.954983830451965,46.644280795486
JPN,2015,national,income,.9006903070386484,1.520222306251526,47.259558042316
JPN,2016,national,income,1.005280979988,1.679214000701904,46.77099378323
JPN,2017,national,income,1.037489701830424,1.759320974349976,47.48094152316
JPN,2018,national,income,1.205037943504706,1.988883852958679,46.21327299937
JPN,2019,national,income,1.268372451688554,2.111057043075562,46.602715142368
JPN,2020,national,income,1.183763821378904,2.033885478973389,48.108236995723
KAZ,1993,national,income,5.771970495169035,1.411077380180359,6.845178162796
KAZ,1996,national,consumption,5.948652651096598,1.551007986068726,7.300514033646
KAZ,2001,national,consumption,6.824690191157405,1.545903921127319,6.342458081921
KAZ,2002,national,consumption,6.152765668497677,1.472998261451721,6.703319293104
KAZ,2003,national,consumption,5.594405065906243,1.440014600753784,7.207273812883
KAZ,2004,national,consumption,5.031726004299567,1.371878862380981,7.634082131591
KAZ,2005,national,consumption,5.6372085602805,1.680894017219543,8.348996167694001
KAZ,2006,national,consumption,3.972343985911585,1.324316501617432,9.334756190305001
KAZ,2007,national,consumption,3.411700872033474,1.318117737770081,10.817858762872
KAZ,2008,national,consumption,3.331193056132481,1.279312968254089,10.753133133362
KAZ,2009,national,consumption,3.37200590718509,1.278039336204529,10.612407333065
KAZ,2010,national,consumption,3.155492358207126,1.271867156028748,11.285807776945
KAZ,2011,national,consumption,2.657507372987151,1.27111804485321,13.392739963278
KAZ,2012,national,consumption,2.617912400322441,1.273070693016052,13.616185375535
KAZ,2013,national,consumption,2.453338888050546,1.249390602111816,14.259316527751
KAZ,2014,national,consumption,2.509599514888409,1.247283816337585,13.916143019729
KAZ,2015,national,consumption,2.618693822223253,1.242014408111572,13.280056664973
KAZ,2016,national,consumption,2.851409466237531,1.252460598945618,12.298793577861
KAZ,2017,national,consumption,2.653007464245036,1.25412392616272,13.236099778862
KAZ,2018,national,consumption,2.500624781341424,1.257329225540161,14.078568552375
KAZ,2019,national,consumption,2.509905206158489,1.25996720790863,14.055942248232
KAZ,2020,national,consumption,2.47098928468822,1.270362019538879,14.395099939173
KAZ,2021,national,consumption,2.370794677477577,1.277989029884338,15.093542904389
KEN,1992,national,consumption,8.938319353457317,2.688952207565308,8.423357688571
KEN,1994,national,consumption,9.327081369135859,1.902273416519165,5.710645711017
KEN,1997,national,consumption,8.190111287971307,1.798075437545776,6.147182969747
KEN,2005,national,consumption,11.21700666277252,2.009290933609009,5.015611480773
KEN,2015,national,consumption,9.210214819186776,1.688829898834229,5.134216405011
KEN,2020,national,consumption,9.847950847418685,1.4905606508255,4.238008370495
KEN,2021,national,consumption,10.03120109204333,1.555980682373047,4.34319472399
KGZ,1998,national,income,12.64922043361057,2.200823068618774,4.871687023899
KGZ,2000,national,consumption,12.78081979514759,1.339747428894043,2.935095518417
KGZ,2001,national,consumption,11.91620204028464,1.322138428688049,3.106684034064
KGZ,2002,national,consumption,11.70875621105481,1.332393169403076,3.186248761372
KGZ,2003,national,consumption,10.74930419753677,1.285895228385925,3.349525322451
KGZ,2004,national,consumption,8.097218667717154,1.445260882377625,4.997679714666
KGZ,2005,national,consumption,8.605614325099078,1.373085975646973,4.46759593634
KGZ,2006,national,consumption,7.188374287281755,1.505570530891418,5.864465873196
KGZ,2007,national,consumption,7.175571559842739,1.428019285202026,5.572314215313
KGZ,2008,national,consumption,6.097152534772136,1.362787485122681,6.258339452889
KGZ,2009,national,consumption,5.744528132562782,1.310944080352783,6.389808154934
KGZ,2010,national,consumption,6.413904363400501,1.394332051277161,6.086978161583
KGZ,2011,national,consumption,5.825551286659803,1.262797236442566,6.06952410418
KGZ,2012,national,consumption,6.112553092372561,1.279456377029419,5.860853512214
KGZ,2013,national,consumption,6.243438274825881,1.288185358047485,5.777135627024
KGZ,2014,national,consumption,5.76034378765018,1.242060542106628,6.037434220574
KGZ,2015,national,consumption,6.078258615784828,1.288949728012085,5.937653414587
KGZ,2016,national,consumption,5.747583383654118,1.243064045906067,6.055726264986
KGZ,2017,national,consumption,5.754578913074874,1.253119707107544,6.097292778603
KGZ,2018,national,consumption,5.398869292393359,1.256569623947144,6.516911041561
KGZ,2019,national,consumption,5.287320426090317,1.303724646568298,6.904118900739
KGZ,2020,national,consumption,5.731031380608914,1.285887479782104,6.282438084349
KGZ,2021,national,consumption,5.252330862788591,1.285168051719666,6.851188162075
KGZ,2022,national,consumption,5.105559263006768,1.232965230941772,6.761850249628
KIR,2006,national,consumption,7.200262398514498,1.577481150627136,6.134425212303
KIR,2019,national,consumption,5.141752663557819,1.268453359603882,6.907507092512
KOR,2006,national,income,1.1523165325906,1.59412407875061,38.735429305585
KOR,2008,national,income,1.128353009872926,1.613150119781494,40.030204736442
KOR,2010,national,income,1.166628280769532,1.690945982933044,40.584037695837
KOR,2012,national,income,1.030158534564769,1.576247096061707,42.842841948232
KOR,2014,national,income,.9682503430558461,1.553699731826782,44.930108528746
KOR,2016,national,income,.8469558432708546,1.62318229675293,53.661716161011
KOR,2017,national,income,.8164380687313136,1.61724865436554,55.464050888138
KOR,2018,national,income,.764511705694774,1.555352926254272,56.964308693397
KOR,2019,national,income,.7141293425628678,1.50739312171936,59.102751046561
KOR,2020,national,income,.6700864758231966,1.467642545700073,61.32640003681
KOR,2021,national,income,.6493657798696465,1.493310928344727,64.39006438694599
LAO,1992,national,consumption,9.046650508086344,1.406980633735657,4.35470093473
LAO,1997,national,consumption,12.03318753877192,1.431480765342712,3.330909855828
LAO,2002,national,consumption,9.327018709784403,1.365371823310852,4.098888730278
LAO,2007,national,consumption,8.590308178998502,1.440351843833923,4.694808412665
LAO,2012,national,consumption,6.845683978431113,1.461828231811523,5.979123702141
LAO,2018,national,consumption,5.99562136070511,1.543231964111328,7.207008879598
LBN,2011,national,consumption,1.556611518261651,1.400091648101807,25.184552485852
LBN,2022,national,consumption,4.234669435864553,1.511881113052368,9.996688801908
LBR,2007,national,consumption,14.23990887393727,1.619180798530579,3.183802838786
LBR,2014,national,consumption,8.281209806742465,1.42456591129303,4.8166687856
LBR,2016,national,consumption,8.527339542870958,1.479373574256897,4.857606461904
LCA,1995,national,income,10.5709598381582,1.802486538887024,4.774365095481
LCA,2015,national,consumption,1.488651158563689,1.817403554916382,34.183494894649
LCA,2015,national,income,3.907048537838683,3.654029130935669,26.186728076538
LKA,1985,national,consumption,7.648646835061312,1.362007260322571,4.986006659908
LKA,1990,national,consumption,7.263119882491882,1.355463147163391,5.225435780477
LKA,1995,national,consumption,7.071824990742408,1.435348272323608,5.683080556392
LKA,2002,national,consumption,6.594942671506097,1.571292638778687,6.671201752101
LKA,2006,national,consumption,5.556941858271087,1.557309031486511,7.846879479367
LKA,2009,national,consumption,5.160448940329185,1.456710934638977,7.903945481809
LKA,2012,national,consumption,4.752061946364678,1.528552651405334,9.006505797901999
LKA,2016,national,consumption,4.172647429322624,1.545829057693481,10.373082119755
LKA,2019,national,consumption,3.970270079300306,1.499703645706177,10.576535134828
LSO,1986,national,consumption,20.89312118641998,2.872133016586304,3.849100411801
LSO,1994,national,consumption,25.77552240357777,4.41370677947998,4.79461818857
LSO,2002,national,consumption,27.76211821452552,2.492971420288086,2.514332705423
LSO,2017,national,consumption,10.98314127137092,2.014095067977905,5.134656607389
LTU,1993,national,income,5.951251580328221,1.381551861763,6.500053049804
LTU,1996,national,consumption,3.030804396858907,1.390935063362122,12.850113950554
LTU,1998,national,consumption,2.866713049300435,1.400523781776428,13.679313195367
LTU,1999,national,consumption,2.901656755932029,1.399776816368103,13.507369681448
LTU,2000,national,consumption,3.05346441527212,1.388073205947876,12.728509651709
LTU,2001,national,consumption,3.116534043733362,1.409897446632385,12.666997334892
LTU,2002,national,consumption,3.09265008329243,1.397619843482971,12.653664289382
LTU,2003,national,consumption,2.385982622968144,1.484442353248596,17.420238504734
LTU,2004,national,consumption,2.311009439943466,1.490324258804321,18.056645638787
LTU,2004,national,income,3.598525488088215,2.021679401397705,15.730617052751
LTU,2005,national,income,2.866646169201043,1.865425229072571,18.220562513016
LTU,2006,national,income,2.279256470006199,1.847154259681702,22.69175128358
LTU,2007,national,income,2.243700899935754,2.157681941986084,26.926536762179
LTU,2008,national,consumption,1.868018970681838,1.555386900901794,23.313913332675
LTU,2008,national,income,2.198060689561967,2.26286244392395,28.825475880023
LTU,2009,national,income,2.707818025208223,2.310121774673462,23.887650855816
LTU,2010,national,income,2.755141785133147,2.114818334579468,21.492510758558
LTU,2011,national,income,2.118998936847522,1.778473138809204,23.500364044164
LTU,2012,national,income,2.257976717379047,2.040600538253784,25.304430631011
LTU,2013,national,income,2.025664246998887,1.912161231040955,26.431090424554
LTU,2014,national,income,2.157399616717868,2.22506308555603,28.878175090149
LTU,2015,national,income,1.89178782494008,2.148025035858154,31.79252096183
LTU,2016,national,income,1.953319087165371,2.372787714004517,34.012904661561
LTU,2017,national,income,1.99790958616582,2.584446907043457,36.220113421035
LTU,2018,national,income,1.477710303867418,2.052608013153076,38.893296398516
LTU,2019,national,income,1.297272875127182,1.983467936515808,42.81065678165
LTU,2020,national,income,1.004348850905463,1.74709153175354,48.706745698222
LTU,2021,national,income,1.01466684495366,1.820173859596252,50.228179745098
LTU,2022,national,income,1.215428856158262,2.03253698348999,46.823828513145
LUX,1985,national,income,.7157204068551549,1.263247847557068,49.420050453836
LUX,1986,national,income,.6611927072490974,1.290111064910889,54.633256098561
LUX,1987,national,income,.6141588029415955,1.321962714195251,60.269354386582
LUX,1988,national,income,.5751482674620203,1.288070201873779,62.707247951464
LUX,1989,national,income,.5438898155184694,1.319101929664612,67.908706874622
LUX,1990,national,income,.5172212146930885,1.268898963928223,68.692411239636
LUX,1991,national,income,.5147560731930901,1.267151117324829,68.926301539934
LUX,1992,national,income,.4929223862672139,1.262756705284119,71.729727936023
LUX,1993,national,income,.4889687744602663,1.25470244884491,71.84849146867199
LUX,1994,national,income,.5300510439725215,1.296093463897705,68.46626625021101
LUX,1995,national,income,.5197480344527604,1.301297664642334,70.103845171556
LUX,1996,national,income,.5292469574075293,1.329120635986328,70.31760285882
LUX,1997,national,income,.512589815356293,1.332870960235596,72.80750993659299
LUX,1998,national,income,.509538448178757,1.351714611053467,74.27900718422001
LUX,1999,national,income,.4873860502813677,1.337842583656311,76.85815775801299
LUX,2000,national,income,.487086880832,1.334407806396484,76.707914504112
LUX,2001,national,income,.4806222766233367,1.353732585906982,78.865494890935
LUX,2002,national,income,.453769309381746,1.356257915496826,83.68838679017701
LUX,2003,national,income,.4968026124263262,1.451354503631592,81.798935501797
LUX,2004,national,income,.4577840225800649,1.373526096343994,84.01064749029
LUX,2005,national,income,.453967433282061,1.407994508743286,86.842892037776
LUX,2006,national,income,.4471810292167983,1.370867490768433,85.83613421345299
LUX,2007,national,income,.4431397044676843,1.376238346099854,86.95829527690501
LUX,2008,national,income,.4580885048426623,1.41838550567627,86.69677201751
LUX,2009,national,income,.4751195409910156,1.465789437294006,86.38268942731899
LUX,2010,national,income,.4571755370245753,1.383878588676453,84.756505779161
LUX,2011,national,income,.5004093744459785,1.497072577476501,83.767481980905
LUX,2012,national,income,.5134638644783018,1.557207584381104,84.91700307260101
LUX,2013,national,income,.5221148925805438,1.573067784309387,84.36054725937301
LUX,2014,national,income,.5601182095506702,1.70333456993103,85.148754794553
LUX,2015,national,income,.7123012246241652,2.02307653427124,79.525544427277
LUX,2016,national,income,.5218365805452239,1.605867147445679,86.165442318228
LUX,2017,national,income,.669288290637402,2.063662528991699,86.334319457891
LUX,2018,national,income,.5957462569415047,1.929113507270813,90.668094487153
LUX,2019,national,income,.5429756072668609,1.769676446914673,91.258136629737
LUX,2020,national,income,.4078461695736211,1.46893298625946,100.847150127289
LUX,2021,national,income,.4462670920457399,1.603310942649841,100.596050943989
LUX,2022,national,income,.429996625559686,1.585880041122437,103.26741735187
LVA,1993,national,income,3.574417658816697,1.244523406028748,9.748904205941001
LVA,1995,national,income,3.321030527752602,1.369493007659912,11.546357066552
LVA,1996,national,income,3.532502652341019,1.412812471389771,11.198505588003
LVA,1997,national,consumption,3.805096942592457,1.500820875167847,11.043867343124
LVA,1998,national,consumption,3.642716591045877,1.465197682380676,11.262345731125
LVA,2002,national,consumption,2.806968809381683,1.523274779319763,15.19492976695
LVA,2003,national,consumption,2.510665820767559,1.554216146469116,17.333271873758
LVA,2004,national,consumption,2.432008805049004,1.503979921340942,17.315495959318
LVA,2004,national,income,3.577287948638369,1.96437406539917,15.375467004081
LVA,2005,national,income,3.360314215848624,2.112024068832397,17.598555005332
LVA,2006,national,income,2.621498697298367,1.95623767375946,20.894404752314
LVA,2007,national,consumption,1.761053100978232,1.531797885894775,24.354939741943
LVA,2007,national,income,1.905696463230276,1.850656628608704,27.191310740889
LVA,2008,national,consumption,1.751992446103316,1.5246502161026,24.366661114315
LVA,2008,national,income,2.096995989602972,1.983050227165222,26.47854619662
LVA,2009,national,consumption,2.127134623298221,1.506611466407776,19.831900499471
LVA,2009,national,income,2.730658648249349,2.1262047290802,21.801967626939
LVA,2010,national,income,2.662219077625407,1.958352446556091,20.597053488767
LVA,2011,national,income,2.374920898822392,1.784804701805115,21.04260841134
LVA,2012,national,income,2.305478575337629,1.779831171035767,21.616020368337
LVA,2013,national,income,2.270412454682846,1.940202474594116,23.927665220963
LVA,2014,national,income,1.926903183503701,1.804772973060608,26.225314912012
LVA,2015,national,income,1.768500176568213,1.780002951622009,28.182118267426
LVA,2016,national,income,1.629755620636117,1.722896933555603,29.600214114359
LVA,2017,national,income,1.577356569668956,1.807973265647888,32.093727602765
LVA,2018,national,income,1.365360463394421,1.704033374786377,34.945301881789
LVA,2019,national,income,1.321272842251295,1.712808132171631,36.297293576754
LVA,2020,national,income,1.28476116822324,1.795552611351013,39.132155447173
LVA,2021,national,income,1.246117232048306,1.820317029953003,40.9021517988
LVA,2022,national,income,1.219244025757898,1.654083013534546,37.986098364156
MAR,1984,national,consumption,6.984499335735322,1.509914040565491,6.05306009692
MAR,1990,national,consumption,5.218503800679622,1.582577466964722,8.491354930816
MAR,1998,national,consumption,6.168980564002116,1.603552341461182,7.278263442861
MAR,2000,national,consumption,6.121774719920157,1.635917901992798,7.482421972237
MAR,2006,national,consumption,5.037694141336132,1.626534581184387,9.040439169597001
MAR,2013,national,consumption,3.860165002858672,1.593002200126648,11.554962396858
MDA,1997,national,consumption,6.927640275048152,1.622069120407104,6.556047007372
MDA,1998,national,consumption,8.856404352455158,1.703827857971191,5.386743681414
MDA,1999,national,consumption,10.29246376332672,1.733901381492615,4.716969558489
MDA,2000,national,consumption,9.875234941275153,1.540476679801941,4.36782987989
MDA,2001,national,consumption,8.532943278374239,1.583918333053589,5.197469645022
MDA,2002,national,consumption,6.586687879830482,1.506710290908813,6.405023001391
MDA,2003,national,consumption,5.300861487122222,1.447452902793884,7.645678377865
MDA,2004,national,consumption,5.477811496910028,1.469530820846558,7.511551176728
MDA,2005,national,consumption,6.278197060824164,1.523053646087646,6.792635322371
MDA,2006,national,consumption,3.702661166525549,1.527449250221252,11.550767452774
MDA,2007,national,consumption,3.158841629124948,1.473308444023132,13.059419515822
MDA,2008,national,consumption,3.23025558382733,1.469249844551086,12.735523659425
MDA,2009,national,consumption,3.135469301430597,1.423680901527405,12.7135877355
MDA,2010,national,consumption,2.980988766822665,1.382547616958618,12.986071192827
MDA,2011,national,consumption,2.823999335772986,1.343532562255859,13.321147122456
MDA,2012,national,consumption,2.806923079942349,1.304345607757568,13.011285211111
MDA,2013,national,consumption,2.590986886004846,1.288044929504395,13.919506510157
MDA,2014,national,consumption,2.570709798121916,1.245828032493591,13.569476452693
MDA,2015,national,consumption,2.503217832484711,1.252717971801758,14.012405049119
MDA,2016,national,consumption,2.554397902272004,1.240953922271729,13.602700932228
MDA,2017,national,consumption,2.521779003099983,1.229827642440796,13.655111625402
MDA,2018,national,consumption,2.422077804135516,1.223594427108765,14.145145541752
MDA,2019,national,consumption,2.395840018734412,1.231295943260193,14.390062249382
MDA,2021,national,consumption,2.387122789131202,1.226180076599121,14.382604756756
MDA,2022,national,consumption,2.562909770389901,1.222152829170227,13.352120403961
MDG,1980,national,consumption,14.97906701350641,1.91328501701355,3.576456445544
MDG,1993,national,consumption,22.83692534107103,1.846745729446411,2.264266299166
MDG,1997,national,consumption,21.41963727255116,1.657037615776062,2.166098862087
MDG,1999,national,consumption,20.4849156146736,1.6167072057724,2.209811558336
MDG,2001,national,consumption,24.6506181122909,1.97645092010498,2.244999460214
MDG,2005,national,consumption,21.36928481252778,1.598628878593445,2.094670414081
MDG,2010,national,consumption,25.97008285520639,1.690731763839722,1.822885560883
MDG,2012,national,consumption,28.36276222712442,1.735070466995239,1.712878798371
MDV,2002,national,consumption,6.785530318635478,1.621841192245483,6.692410301184
MDV,2009,national,consumption,5.406352368730484,1.597672343254089,8.274493316579999
MDV,2016,national,consumption,2.068007333789437,1.362229347229004,18.444046210998
MDV,2019,national,consumption,2.054471551516531,1.300684332847595,17.726778874787
MEX,1984,national,income,5.576216877983598,2.112179040908813,10.605938295297
MEX,1989,national,income,5.955621895188402,2.330198287963867,10.955288099891
MEX,1992,national,income,5.1683280258353,2.375974416732788,12.872109851433
MEX,1994,national,income,5.255935284961584,2.505348205566406,13.346767686983
MEX,1996,national,income,7.113117526609839,2.47063136100769,9.725366833936
MEX,1998,national,income,7.030779432733981,2.655678272247314,10.576209243011
MEX,2000,national,income,5.949968604289245,2.67548942565918,12.590605400752
MEX,2002,national,income,5.194429463701288,2.341080904006958,12.619338839149
MEX,2004,national,income,5.041438212481889,2.399276494979858,13.325511366951
MEX,2005,national,income,5.140019042295979,2.516330003738403,13.707583630431
MEX,2006,national,income,4.457140080690723,2.277142286300659,14.305132787562
MEX,2008,national,income,4.644136762820116,2.430402278900146,14.653156034833
MEX,2010,national,income,4.410483115933527,2.160364389419556,13.71509637731
MEX,2012,national,income,4.141555275402789,2.209555149078369,14.938239498909
MEX,2014,national,income,4.226386350871038,2.121427059173584,14.054549268198
MEX,2016,national,income,3.520658089973252,1.995071053504944,15.866916709514
MEX,2018,national,income,3.362928917610499,1.944638848304749,16.191209456274
MEX,2020,national,income,3.473672439791911,1.912667274475098,15.417309709731
MEX,2022,national,income,2.886176187041468,1.83669912815094,17.818584766728
MHL,2019,national,consumption,3.275336365497165,1.495303392410278,12.782960602126
MKD,1998,national,consumption,3.72197055154818,1.312095642089844,9.870759908905001
MKD,2000,national,consumption,4.873046595955157,1.520849585533142,8.738637714640999
MKD,2002,national,consumption,3.175296941432475,1.649313926696777,14.543770575123
MKD,2003,national,consumption,3.248056268103866,1.649140477180481,14.216482394708
MKD,2004,national,consumption,2.597739388720669,1.647778153419495,17.760746120788
MKD,2005,national,consumption,3.126836480944818,1.709475636482239,15.307905210096
MKD,2006,national,consumption,3.287669336185443,1.852872490882874,15.780306566973
MKD,2008,national,consumption,2.605498648575063,1.967527270317078,21.144038463313
MKD,2009,national,income,5.695199813251023,2.449908971786499,12.044783392948
MKD,2010,national,income,7.670538213327712,3.299916505813599,12.045786290557
MKD,2011,national,income,5.427529492209162,2.412311792373657,12.444838710308
MKD,2012,national,income,4.732776987879213,2.115469455718994,12.515515737074
MKD,2013,national,income,4.135914419805352,1.849189043045044,12.518947330204
MKD,2014,national,income,4.049234802332329,1.9278404712677,13.330798712469
MKD,2015,national,income,4.027720996012216,2.000986814498901,13.910504222786
MKD,2016,national,income,3.606743017231851,1.899357795715332,14.745164386785
MKD,2017,national,income,3.603723355304565,1.975963950157166,15.352729889679
MKD,2018,national,income,3.102840073209484,1.746598720550537,15.761290369504
MKD,2019,national,income,2.939626423149673,1.807526707649231,17.216727510025
MLI,1994,national,consumption,36.40628884956316,2.032490730285645,1.563184263201
MLI,2001,national,consumption,16.1993198777535,1.644638776779175,2.842704905281
MLI,2006,national,consumption,14.07283874632933,1.606622815132141,3.1966143859
MLI,2009,national,consumption,13.01373296184366,1.406971573829651,3.027202511768
MLI,2018,national,consumption,7.621093203512701,1.469385147094727,5.398540982717
MLI,2021,national,consumption,8.502714854380418,1.450858950614929,4.777774231057
MLT,2006,national,income,1.099001555056661,1.468334555625916,37.409744780786
MLT,2007,national,income,1.076229392023061,1.567263960838318,40.775128856728
MLT,2008,national,income,.9342248136038492,1.395784378051758,41.833574982366
MLT,2009,national,income,1.076279357812557,1.57717502117157,41.031075529707
MLT,2010,national,income,.990388661056107,1.469578862190247,41.547534558328
MLT,2011,national,income,.9978039544042389,1.510645866394043,42.391176784359
MLT,2012,national,income,.8872393664488707,1.391398668289185,43.910541779064
MLT,2013,national,income,.8039489128783104,1.328539609909058,46.270488774107
MLT,2014,national,income,.7589243923664968,1.328061103820801,48.997911268851
MLT,2015,national,income,.8096089281536193,1.423609256744385,49.234956610764
MLT,2016,national,income,.7702108983332729,1.440069198608398,52.351812731212
MLT,2017,national,income,.7782859865388433,1.465214014053345,52.71326226341
MLT,2018,national,income,.7211876655716927,1.391712427139282,54.033019069903
MLT,2019,national,income,.7757305508831893,1.630720019340515,58.860849997048
MLT,2020,national,income,.7156798391206741,1.571769833564758,61.493354979592
MLT,2021,national,income,.6250100245088065,1.44044303894043,64.530813390349
MLT,2022,national,income,.6844132531534776,1.599751114845276,65.447347325382
MMR,2015,national,consumption,6.70162852011999,1.526503324508667,6.377866788052
MMR,2017,national,consumption,5.675987424276826,1.326144576072693,6.541953928465
MNE,2005,national,consumption,2.371074808599507,1.347012519836426,15.906858195778
MNE,2006,national,consumption,2.284854693484009,1.343505620956421,16.464135660877
MNE,2007,national,consumption,1.921557837037088,1.389894366264343,20.252860472966
MNE,2008,national,consumption,1.783142017928791,1.356223344802856,21.296259343029
MNE,2009,national,consumption,1.838260831329426,1.371747136116028,20.894162160363
MNE,2010,national,consumption,1.949474147308551,1.315100312232971,18.888585584772
MNE,2011,national,consumption,2.071984908146846,1.376258611679077,18.59822547076
MNE,2012,national,consumption,2.417022898234624,1.506011247634888,17.446385750483
MNE,2012,national,income,3.769030149392988,2.288490295410156,17.001117656692
MNE,2013,national,consumption,2.3085557224483,1.462379574775696,17.736902347678
MNE,2013,national,income,3.201098307692404,1.927906632423401,16.863394778548
MNE,2014,national,consumption,2.054775728079081,1.367344260215759,18.632514104283
MNE,2014,national,income,3.009384693529564,1.877975583076477,17.473112012783
MNE,2015,national,income,2.838573570318074,1.794459104537964,17.70074090731
MNE,2016,national,income,3.637886279753441,2.512769937515259,19.340230359176
MNE,2017,national,income,3.835972852711647,2.612197399139404,19.067269414527
MNE,2018,national,income,3.02758685418564,2.004630327224731,18.539401096042
MNE,2019,national,income,2.555706440382426,1.7687007188797,19.377663790154
MNE,2020,national,income,2.75206283076013,1.875360369682312,19.08026551863
MNE,2021,national,income,2.776795067713388,2.046593904495239,20.636968467613
MNG,1995,national,consumption,6.818525742302613,1.423593640327454,5.845929662034
MNG,1998,national,consumption,9.838256219727047,1.375484824180603,3.914674779211
MNG,2002,national,consumption,6.576856000668477,1.439851403236389,6.129956098269
MNG,2007,national,consumption,4.128518912897388,1.480536222457886,10.041134976026
MNG,2010,national,consumption,3.983243236581282,1.406616926193237,9.887740300601999
MNG,2011,national,consumption,3.652763252072122,1.419859290122986,10.883831389456
MNG,2012,national,consumption,3.193374465053469,1.427772998809814,12.518933896976
MNG,2014,national,consumption,2.964717867713994,1.382280707359314,13.054820366841
MNG,2016,national,consumption,3.590168349258684,1.385328769683838,10.804286272422
MNG,2018,national,consumption,3.408072304848087,1.39818811416626,11.48721743854
MNG,2022,national,consumption,2.673304575265357,1.368240714073181,14.330854780769
MOZ,1996,national,consumption,35.7038363662598,2.220299959182739,1.741224658705
MOZ,2002,national,consumption,26.87485933290309,1.860353231430054,1.938238589704
MOZ,2008,national,consumption,22.61763838387219,1.879139065742493,2.326321267459
MOZ,2014,national,consumption,20.39152705381994,2.288572311401367,3.142482990925
MOZ,2019,national,consumption,25.6775510036008,2.107322216033936,2.297922591171
MRT,1987,national,consumption,15.01116380660597,2.121500015258789,3.957188157607
MRT,1993,national,consumption,12.19947244457206,1.98319685459137,4.551796082572
MRT,1995,national,consumption,8.730688567704121,1.630843877792358,5.230243751961
MRT,2000,national,consumption,8.156730011601589,1.631415843963623,5.600239907273
MRT,2004,national,consumption,7.867826286288323,1.623038411140442,5.776065063559
MRT,2008,national,consumption,6.56773357653391,1.55243706703186,6.618453389672
MRT,2014,national,consumption,5.546663835567152,1.43442702293396,7.241101811553
MRT,2019,national,consumption,5.497874474531398,1.415090084075928,7.206880217119
MUS,2006,national,consumption,2.944352222863647,1.469926714897156,13.978608481977
MUS,2012,national,consumption,2.749307540115733,1.557109832763672,15.858202337087
MUS,2017,national,consumption,2.412203258224459,1.509503126144409,17.521776914766
MWI,1997,national,consumption,13.7072426546589,2.829400062561035,5.779659775714
MWI,2004,national,consumption,16.05009960958344,1.571048140525818,2.74075238339
MWI,2010,national,consumption,17.95137471680008,1.825989723205566,2.848122470534
MWI,2016,national,consumption,15.33527458387204,1.714710354804993,3.130813815398
MWI,2019,national,consumption,16.72727491343242,1.548171877861023,2.591504856393
MYS,1984,national,income,3.751137693144769,2.022249937057495,15.094887049722
MYS,1987,national,income,3.728212744277183,1.932526707649231,14.513857576497
MYS,1989,national,income,3.673168191226389,1.872949600219727,14.277208469537
MYS,1992,national,income,3.513642058766053,1.988496780395508,15.846209736551
MYS,1995,national,income,3.473920232887081,2.045489549636841,16.486765289697
MYS,1997,national,income,2.843437754114257,2.086812734603882,20.549335220054
MYS,2003,national,income,2.983811937364735,2.020778894424438,18.962928140114
MYS,2006,national,income,2.591060449614162,1.914212942123413,20.685724163289
MYS,2008,national,income,2.551903884650203,1.968089580535889,21.594273095868
MYS,2011,national,income,1.962559544693049,1.855678677558899,26.475121343829
MYS,2013,national,income,1.590419270362982,1.714473366737366,30.184024574184
MYS,2015,national,income,1.43042621306597,1.714080214500427,33.552408462162
MYS,2018,national,income,1.285715710957202,1.72157883644104,37.49211918726
MYS,2021,national,income,1.191523085209148,1.689250469207764,39.696263816995
NAM,1993,national,income,19.75037087110067,4.878335952758789,6.915991785112
NAM,2003,national,consumption,11.22516845622818,3.145412683486938,7.845900752167
NAM,2009,national,consumption,9.179507443903066,2.885365724563599,8.801152155612
NAM,2015,national,consumption,6.983753319160632,3.17339038848877,12.72309094921
NER,1992,national,consumption,21.27337132067258,1.454951524734497,1.915006470702
NER,1994,national,consumption,28.13189678459397,1.680628299713135,1.672748670015
NER,2005,national,consumption,23.14519457761277,1.769944190979004,2.14119764152
NER,2007,national,consumption,18.49987390323878,1.479457378387451,2.239193945658
NER,2011,national,consumption,12.90308717879212,1.334405422210693,2.895690848835
NER,2014,national,consumption,12.54522408679598,1.428504109382629,3.188314215354
NER,2018,national,consumption,11.65961675163133,1.482451677322388,3.560035251733
NER,2021,national,consumption,11.33591653084079,1.359645962715149,3.358359824238
NGA,1985,national,consumption,11.90722657624869,1.620333671569824,3.810235870785
NGA,1992,national,consumption,16.5661600489523,2.223737716674805,3.758544838954
NGA,1996,national,consumption,17.67644589485268,2.421717643737793,3.836070664031
NGA,2003,national,consumption,12.69304468585368,1.73664927482605,3.830931185694
NGA,2010,national,consumption,9.109434286659887,1.495389342308044,4.596432598224
NGA,2012,national,consumption,8.961300308431223,1.492423534393311,4.663146903595
NGA,2015,national,consumption,8.729434974412408,1.505696892738342,4.829581001627
NGA,2018,national,consumption,8.674624867420011,1.48764955997467,4.801843260631
NIC,1993,national,consumption,8.769787589944967,2.141731977462769,6.838078699512
NIC,1993,national,income,17.46617355561965,3.636524677276611,5.829707877041
NIC,1998,national,consumption,7.723878864104043,1.85382878780365,6.720354713737
NIC,1998,national,income,11.69693749588976,2.990140199661255,7.157764481433
NIC,2001,national,consumption,8.046881255406905,1.770762205123901,6.161559906233
NIC,2001,national,income,8.170069367081229,2.473684787750244,8.477673106324
NIC,2005,national,consumption,7.569727412751369,1.647601127624512,6.094384664056
NIC,2005,national,income,5.999274735401634,2.068250417709351,9.653001724613
NIC,2009,national,income,5.566138422576696,1.871870279312134,9.416289208861
NIC,2014,national,income,4.174066079277247,1.925148129463196,12.914061785279
NLD,1983,national,income,1.362814636985566,1.976740717887878,40.613548871704
NLD,1987,national,income,1.053515404264744,1.661862850189209,44.168468034352
NLD,1990,national,income,1.290120733623511,2.500854015350342,54.277024538285
NLD,1993,national,income,1.509211708601623,2.698215246200562,50.059265113292
NLD,1999,national,income,.7914769207504935,1.669794082641602,59.072136854711
NLD,2004,national,income,.7078267289047984,1.504686117172241,59.521925804671
NLD,2005,national,income,.6665161639394022,1.431986451148987,60.157010628281
NLD,2006,national,income,.6100229241459401,1.392125248908997,63.898430073748
NLD,2007,national,income,.5719171169395131,1.367547512054443,66.952583843433
NLD,2008,national,income,.6016424439272146,1.436819791793823,66.868542912859
NLD,2009,national,income,.6071816516729744,1.429042816162109,65.899881208259
NLD,2010,national,income,.5714207772515217,1.328414916992188,65.09321756489901
NLD,2011,national,income,.6186273184605634,1.421581745147705,64.342920244344
NLD,2012,national,income,.5947721542837604,1.347804069519043,63.450373877198
NLD,2013,national,income,.6047778137431444,1.342745780944824,62.166434514215
NLD,2014,national,income,.6065557194972973,1.368573188781738,63.176471832942
NLD,2015,national,income,.5698385523405699,1.362483263015747,66.94796192746399
NLD,2016,national,income,.5521721229549446,1.36402440071106,69.168075101173
NLD,2017,national,income,.5812538708716352,1.44726824760437,69.717404814562
NLD,2018,national,income,.5740534394504696,1.43238639831543,69.866001392024
NLD,2019,national,income,.5517767354559587,1.429554581642151,72.542978186356
NLD,2020,national,income,.5000774901065553,1.325772523880005,74.231758376063
NLD,2021,national,income,.5081074204618848,1.370000839233398,75.495894625969
NOR,1979,national,income,1.171758979849749,1.402143597602844,33.505201008155
NOR,1986,national,income,.7948397706013671,1.268564820289612,44.688020685095
NOR,1991,national,income,.982630775184279,1.663806676864624,47.410062552868
NOR,1995,national,income,.9751879957907608,1.675463318824768,48.106595587839
NOR,2000,national,income,.8061144721716543,1.687720417976379,58.622160749904
NOR,2003,national,income,.6813667530656714,1.518191337585449,62.388366601023
NOR,2004,national,income,.8062222504301194,1.898198366165161,65.924196970965
NOR,2005,national,income,.7035407463808101,1.697169661521912,67.54512787207
NOR,2006,national,income,.6529146382294965,1.513148665428162,64.89081515252499
NOR,2007,national,income,.5945948127272643,1.523039221763611,71.72127437773401
NOR,2008,national,income,.6065694404965224,1.609439969062805,74.29374926407399
NOR,2009,national,income,.5268945711219049,1.399484753608704,74.370805963762
NOR,2010,national,income,.5701958511288278,1.519079089164734,74.59580013599999
NOR,2011,national,income,.5085693979371714,1.421601057052612,78.268234786446
NOR,2012,national,income,.5333643299866677,1.525267481803894,80.071887207591
NOR,2013,national,income,.494835287917937,1.48504114151001,84.03028621464399
NOR,2014,national,income,.4936329953012352,1.504985332489014,85.366235076067
NOR,2015,national,income,.5022707981852907,1.549692392349243,86.390421427211
NOR,2016,national,income,.6047774898819266,1.856556057929993,85.95487122952299
NOR,2017,national,income,.619995797084243,1.866253733634949,84.282998672738
NOR,2018,national,income,.6311046734009085,1.914635062217712,84.9459447647
NOR,2019,national,income,.5598017931692569,1.744062662124634,87.234007691477
NOR,2020,national,income,.6628585438110512,1.997875928878784,84.392855801064
NOR,2021,national,income,.5724085227757298,1.780287742614746,87.08475715211399
NOR,2022,national,income,.6601324698962058,1.999610781669617,84.814949285509
NPL,1984,national,income,16.48675297064858,1.298110961914063,2.20462492815
NPL,1995,national,consumption,14.27079824603189,1.439621090888977,2.824606603432
NPL,2003,national,consumption,11.48730878699822,1.682964444160461,4.102179736838
NPL,2010,national,consumption,6.876177014485887,1.38253128528595,5.629709178491
NPL,2022,national,consumption,3.907729901070618,1.321604490280151,9.469673735863999
NRU,2012,national,consumption,4.978580757398306,1.375038743019104,7.73334570863
PAK,1987,national,consumption,16.6584413530604,1.387300968170166,2.331816482316
PAK,1990,national,consumption,16.47999542476002,1.394613981246948,2.369490483465
PAK,1996,national,consumption,9.283687416378788,1.265692114830017,3.81738189075
PAK,1998,national,consumption,10.07484955046091,1.366451144218445,3.797638066921
PAK,2001,national,consumption,10.53271533418861,1.269056797027588,3.373639984519
PAK,2004,national,consumption,8.993481519622,1.321569561958313,4.114529869374
PAK,2005,national,consumption,8.89822465456102,1.317365050315857,4.145346038968
PAK,2007,national,consumption,8.275970764946001,1.283567786216736,4.342680504344
PAK,2010,national,consumption,7.578297566882707,1.268322348594666,4.686148247035
PAK,2011,national,consumption,7.497155849500015,1.284385919570923,4.796859684026
PAK,2013,national,consumption,7.057747672115675,1.286624312400818,5.104387937346
PAK,2015,national,consumption,6.606242034844467,1.317403316497803,5.583702662086
PAK,2018,national,consumption,6.620992317113377,1.284329295158386,5.431394276684
PAN,1979,national,income,5.101739979089363,2.225713491439819,12.215436016573
PAN,1989,national,income,17.71346766074654,6.820315837860107,10.780997026609
PAN,1991,national,income,15.15936254480218,6.231285095214844,11.509454215343
PAN,1995,national,income,12.81539498307029,6.7255539894104,14.694476027684
PAN,1997,national,income,10.91773598168336,5.935465335845947,15.222297860016
PAN,1998,national,income,11.63906540953436,6.060497760772705,14.579687454707
PAN,1999,national,income,10.51565223432273,5.752223491668701,15.316430804256
PAN,2000,national,income,8.331215546116248,4.839913845062256,16.266244242934
PAN,2001,national,income,9.270345655784443,4.738982677459717,14.313545031823
PAN,2002,national,income,6.45233597002848,3.603243112564087,15.636323021089
PAN,2003,national,income,6.53987806035082,3.715171098709106,15.906228085909
PAN,2004,national,income,5.990957518864973,3.464126348495483,16.190322728287
PAN,2005,national,income,5.873729723171754,3.35217022895813,15.979756227921
PAN,2006,national,income,6.310865394923526,3.648297071456909,16.186736799311
PAN,2007,national,income,5.009529060613189,3.026580333709717,16.916610569844
PAN,2008,national,income,3.801131099649584,2.767238140106201,20.384109028357
PAN,2009,national,income,3.486571916005898,2.545153856277466,20.439650192228
PAN,2010,national,income,3.633109584735486,2.715742588043213,20.929946728602
PAN,2011,national,income,3.238391055644334,2.679429531097412,23.167069331414
PAN,2012,national,income,3.420221871125833,2.864149808883667,23.447658730149
PAN,2013,national,income,3.107370908176105,2.695617914199829,24.289763461918
PAN,2014,national,income,3.203624210289144,2.791962623596191,24.402035259521
PAN,2015,national,income,2.772170400862398,2.639012336730957,26.655052217637
PAN,2016,national,income,2.698649477958502,2.699819564819336,28.012140963603
PAN,2017,national,income,2.880306857428938,2.865602254867554,27.85705325849
PAN,2018,national,income,2.487124075994161,2.608583211898804,29.367385569354
PAN,2019,national,income,2.404772783440302,2.608563423156738,30.372839910515
PAN,2021,national,income,2.705189715971982,2.704148530960083,27.989224386235
PAN,2023,national,income,2.573060124797609,2.510832548141479,27.32283983112
PER,1985,national,consumption,3.878682812658798,2.015643358230591,14.550820121506
PER,1994,national,consumption,7.682754752174549,1.941286206245422,7.075068263815
PER,1997,national,income,8.902322400420747,2.96473503112793,9.32482326571
PER,1998,national,income,8.807277751661266,3.078642845153809,9.787587147984
PER,1999,national,income,8.889777726940775,3.033754348754883,9.555370577306
PER,2000,national,income,8.425768317641271,2.533467769622803,8.419066075448001
PER,2001,national,income,8.644503404393539,2.624891519546509,8.502161710595001
PER,2002,national,income,7.920639727170725,2.776866912841797,9.816413382042001
PER,2003,national,income,6.948622994652817,2.526677131652832,10.181436209478
PER,2004,national,income,7.294245120597942,2.415174961090088,9.270993020632
PER,2005,national,income,7.868878779727596,2.492614269256592,8.869522773435
PER,2006,national,income,7.093837695108242,2.529018402099609,9.982257507838
PER,2007,national,income,6.353811082013419,2.545727252960205,11.218521525247
PER,2008,national,income,5.668238303622504,2.356076955795288,11.638564388733
PER,2009,national,income,5.234108875638302,2.270114660263062,12.144036693387
PER,2010,national,income,4.711908720183894,2.138508558273315,12.707852137094
PER,2011,national,income,4.500140674495678,2.110934019088745,13.134289615935
PER,2012,national,income,4.295416124153042,2.126195669174194,13.859769906783
PER,2013,national,income,4.133466889152193,2.066362857818604,13.997489178129
PER,2014,national,income,4.005901872798149,2.012565135955811,14.067201034951
PER,2015,national,income,3.967206005111136,2.012207984924316,14.201889999285
PER,2016,national,income,3.874522428735535,2.032467365264893,14.688026054204
PER,2017,national,income,3.87715716367368,2.004483222961426,14.475949591653
PER,2018,national,income,3.63497210445552,1.928713440895081,14.85677850471
PER,2019,national,income,3.492729429565493,1.878082275390625,15.055933949515
PER,2020,national,income,4.812486589705108,2.03989577293396,11.868516958584
PER,2021,national,income,3.701116328292248,1.74708878993988,13.217224753108
PER,2022,national,income,3.696129273850849,1.788672924041748,13.550078291172
PER,2023,national,income,3.811769506417668,1.841026306152344,13.52357160568
PHL,1985,national,consumption,9.655340282334437,1.615374445915222,4.684504407626
PHL,1988,national,consumption,9.267701895254126,1.626806735992432,4.914982096482
PHL,1991,national,consumption,9.167211570371615,1.724456667900085,5.267118284317
PHL,1994,national,consumption,8.909839237613667,1.699307322502136,5.340231637915
PHL,1997,national,consumption,7.717620966040539,1.845690727233887,6.696278799452
PHL,2000,national,consumption,7.447408398796927,1.687184929847717,6.343304521713
PHL,2000,national,income,7.005583299670894,1.935345411300659,7.735211955101
PHL,2003,national,consumption,7.195273655387372,1.659863471984863,6.459264674991
PHL,2003,national,income,6.909029788890447,1.905330657958984,7.721671368549
PHL,2006,national,consumption,7.315021256192495,1.717211961746216,6.573041030897
PHL,2006,national,income,7.071893724904443,1.944149017333984,7.697538026065
PHL,2009,national,consumption,6.75498401448664,1.663950443267822,6.897220169999
PHL,2009,national,income,6.497926471499069,1.878205895423889,8.093314667517999
PHL,2012,national,consumption,6.94751717779665,1.685581207275391,6.793257639597
PHL,2012,national,income,6.399805550069512,1.894788861274719,8.289953375642
PHL,2015,national,consumption,6.23683673370085,1.615144968032837,7.251121204614
PHL,2015,national,income,5.56509033143681,1.793419599533081,9.023348213898
PHL,2018,national,consumption,5.646813402199977,1.524890184402466,7.561242444395
PHL,2018,national,income,4.738423404307063,1.683923006057739,9.950534426419001
PHL,2021,national,consumption,6.04633037219138,1.518548130989075,7.032256783062
PHL,2021,national,income,4.797026539393984,1.620804786682129,9.460555306667001
PHL,2023,national,consumption,5.576965851628978,1.44507896900177,7.255237090735
PHL,2023,national,income,4.41539365498671,1.565390586853027,9.926847123335
PNG,1996,national,consumption,16.48532341509933,1.972768425941467,3.350708564843
PNG,2009,national,consumption,13.4911224054693,1.848664164543152,3.836789555536
POL,1985,national,income,2.120190298236362,1.222795605659485,16.148680553183
POL,1986,national,income,2.253707708592088,1.32861852645874,16.506718515786
POL,1987,national,income,2.086817067333567,1.229400992393494,16.495566087633
POL,1989,national,income,1.491232481140611,1.262026906013489,23.696341417127
POL,1992,national,income,2.066977629107038,1.343032598495483,18.193188364397
POL,1993,national,consumption,3.300551437013561,1.254981875419617,10.646552423098
POL,1995,national,income,3.170525376874367,1.694276452064514,14.962737998173
POL,1996,national,consumption,5.138617227911168,1.366780400276184,7.447500002726
POL,1998,national,consumption,2.352885088439551,1.379854202270508,16.42065681406
POL,1999,national,consumption,2.410032955192016,1.390345811843872,16.153173790448
POL,1999,national,income,2.386601847271018,1.527519345283508,17.921104637067
POL,2000,national,consumption,2.439437593370432,1.407259345054626,16.152601313987
POL,2001,national,consumption,2.47078644005385,1.407294392585754,15.94805695845
POL,2002,national,consumption,2.497738813758375,1.434942483901978,16.085904591379
POL,2003,national,consumption,2.309858277579816,1.466106176376343,17.772074059611
POL,2004,national,consumption,2.259386592516828,1.495615482330322,18.534779920873
POL,2004,national,income,2.923590024883673,2.026195049285889,19.405408676541
POL,2005,national,consumption,2.447602955616456,1.452404618263245,16.615166062151
POL,2005,national,income,2.305112336097596,1.69177770614624,20.549877394527
POL,2006,national,consumption,2.257666209161739,1.425646543502808,17.681136278927
POL,2006,national,income,2.09682119099819,1.645533919334412,21.97371484714
POL,2007,national,consumption,2.113726811209513,1.417664408683777,18.779439351859
POL,2007,national,income,1.869289008145598,1.648481726646423,24.692537983656
POL,2008,national,consumption,1.976793497719739,1.420669436454773,20.122862745422
POL,2008,national,income,1.580704509479854,1.503093719482422,26.625232886178
POL,2009,national,consumption,1.934279918791851,1.415221691131592,20.486284147864
POL,2009,national,income,1.581299132445788,1.529183387756348,27.077189496272
POL,2010,national,consumption,1.91022494324859,1.409679651260376,20.663026574292
POL,2010,national,income,1.564150667725917,1.543087959289551,27.622955339236
POL,2011,national,consumption,1.927006982288485,1.40162467956543,20.366033933679
POL,2011,national,income,1.565117831691152,1.555902004241943,27.835127796
POL,2012,national,consumption,1.920478651323575,1.388451814651489,20.243208613783
POL,2012,national,income,1.553249963820868,1.536293625831604,27.694332218321
POL,2013,national,consumption,1.907493091306609,1.394309878349304,20.467008364849
POL,2013,national,income,1.543528333900193,1.564320921897888,28.377183090032
POL,2014,national,consumption,1.86946258143224,1.385390162467957,20.749772740869
POL,2014,national,income,1.500779981805184,1.563467621803284,29.169560363949
POL,2015,national,consumption,1.819659864241733,1.375172972679138,21.160461610159
POL,2015,national,income,1.436257489782624,1.573083519935608,30.667439179375
POL,2016,national,consumption,1.698385409800441,1.342235088348389,22.128418148597
POL,2016,national,income,1.293102103337946,1.515885949134827,32.824017608701
POL,2017,national,consumption,1.649303991621999,1.328329086303711,22.550855165958
POL,2017,national,income,1.282147881598066,1.544420719146729,33.727607005558
POL,2018,national,consumption,1.691646811803951,1.348071455955505,22.313169491605
POL,2018,national,income,1.167056410000054,1.511147379875183,36.255425055306
POL,2019,national,consumption,1.613151977164456,1.323576807975769,22.973750027471
POL,2019,national,income,.96721380240703,1.371425271034241,39.701571767455
POL,2020,national,income,.9821428018440073,1.427308559417725,40.691270097472
POL,2021,national,income,.9110032914507754,1.399454951286316,43.012731438576
POL,2022,national,income,.991228425046783,1.538984656333923,43.472897727302
PRT,2003,national,income,1.691681337511751,1.995442390441895,33.027726290398
PRT,2004,national,income,1.48641177310557,1.811303853988647,34.120092635128
PRT,2005,national,income,1.465769963471474,1.780900001525879,34.01980036086
PRT,2006,national,income,1.302372623603465,1.6104736328125,34.623931953421
PRT,2007,national,income,1.295003172873662,1.613126754760742,34.878331701241
PRT,2008,national,income,1.301374105994464,1.606707692146301,34.56947258348
PRT,2009,national,income,1.228709325926287,1.550741910934448,35.338522685169
PRT,2010,national,income,1.261564291939809,1.564823508262634,34.730737598163
PRT,2011,national,income,1.411656420812109,1.676703095436096,33.257161631277
PRT,2012,national,income,1.609642072882908,1.800115704536438,31.313322291593
PRT,2013,national,income,1.633760210272514,1.822788715362549,31.239642597674
PRT,2014,national,income,1.517410312853598,1.723201036453247,31.797351047062
PRT,2015,national,income,1.435204101718496,1.71569287776947,33.472173436775
PRT,2016,national,income,1.363672037565526,1.671687006950378,34.32440870981
PRT,2017,national,income,1.314416724145511,1.622658252716064,34.566229569552
PRT,2018,national,income,1.232975435992406,1.606435179710388,36.48100649017
PRT,2019,national,income,1.067104917356801,1.486073136329651,38.993400381926
PRT,2020,national,income,1.187760173663388,1.716047406196594,40.453728281654
PRT,2021,national,income,1.111408627132029,1.604289531707764,40.417273150296
PRT,2022,national,income,1.117570133503657,1.630634427070618,40.854495141246
PRY,1990,national,income,3.009729437254288,1.788451194763184,16.638250624096
PRY,1995,national,income,6.897931533956803,3.859408140182495,15.666062339977
PRY,1997,national,income,6.027661432364706,3.620930671691895,16.82013146677
PRY,1999,national,income,5.957554940038889,3.253826141357422,15.292704947972
PRY,2001,national,income,5.470344935314018,3.047143220901489,15.596824281583
PRY,2002,national,income,6.823440251199782,3.081710338592529,12.645804142887
PRY,2003,national,income,5.361396720574946,2.742694854736328,14.323778122501
PRY,2004,national,income,4.893821781126956,2.449357748031616,14.013999349082
PRY,2005,national,income,4.695803567988658,2.469082593917847,14.722573883319
PRY,2006,national,income,5.256204161604003,2.579602003097534,13.74163864735
PRY,2007,national,income,4.955781460204413,2.6053147315979,14.719941697225
PRY,2008,national,income,4.282757569403104,2.341326713562012,15.307228740473
PRY,2009,national,income,4.36950385595734,2.322232484817505,14.88098273007
PRY,2010,national,income,4.273280590522825,2.472543954849243,16.200955511025
PRY,2011,national,income,4.176579200951453,2.661945104598999,17.845815091539
PRY,2012,national,income,3.49723310294819,2.213546752929688,17.722384548381
PRY,2013,national,income,3.1353087300182,2.217332124710083,19.801973911628
PRY,2014,national,income,3.099263072081179,2.338539123535156,21.12731070333
PRY,2015,national,income,3.009859144469897,2.146812200546265,19.971281132164
PRY,2016,national,income,3.046681314318096,2.107286930084229,19.366656703185
PRY,2017,national,income,2.814164295251277,2.049820184707642,20.395029162337
PRY,2018,national,income,2.785795343605192,2.010537624359131,20.207893864091
PRY,2019,national,income,2.707770964180786,1.977189183235168,20.445340183517
PRY,2020,national,income,2.863729480344414,1.848659992218018,18.075198784819
PRY,2021,national,income,2.785249597597102,1.8099684715271,18.195538461435
PRY,2022,national,income,2.926732549125149,2.013869047164917,19.266650718069
PRY,2023,national,income,2.7023033907989,1.95716392993927,20.279214674766
PSE,2004,national,consumption,3.035722625898754,1.462035059928894,13.485086434822
PSE,2005,national,consumption,2.92819995521845,1.469982504844666,14.056249963147
PSE,2006,national,consumption,2.829931826205227,1.423895597457886,14.088351821624
PSE,2007,national,consumption,3.277576922554075,1.517623066902161,12.964896648078
PSE,2009,national,consumption,2.709083722974364,1.4381183385849,14.863813361858
PSE,2010,national,consumption,2.731396887143513,1.463103055953979,14.998510344749
PSE,2011,national,consumption,2.694496914564986,1.440492987632751,14.968955021147
PSE,2016,national,consumption,2.826195593677872,1.463517665863037,14.49952527023
PSE,2023,national,consumption,2.907885202930038,1.559659838676453,15.017950475577
QAT,2017,national,income,.4838736005991316,1.525924444198608,88.299678495197
ROU,1989,national,income,1.77141496782009,1.202852249145508,19.012972739609
ROU,1992,national,income,2.772177021464406,1.246208906173706,12.587164377093
ROU,1994,national,income,6.693597871127255,1.287447094917297,5.385522178158
ROU,1995,national,income,3.806029065562683,1.403934359550476,10.328392750233
ROU,1997,national,income,4.087272447032626,1.3818199634552,9.466204886733999
ROU,1998,national,consumption,3.985260241050217,1.383477568626404,9.720161348656999
ROU,1999,national,consumption,5.65114063367135,1.331664085388184,6.598065056412
ROU,2000,national,consumption,5.853169724121838,1.330755114555359,6.365976741809
ROU,2001,national,consumption,5.334344970945622,1.336942911148071,7.017619184576
ROU,2002,national,consumption,5.263452802075311,1.363926768302917,7.255683998247
ROU,2003,national,consumption,4.882897681423064,1.342929244041443,7.700759361105
ROU,2004,national,consumption,4.368478115626955,1.338907837867737,8.581803214922999
ROU,2005,national,consumption,4.125728899217816,1.335738062858582,9.06522583566
ROU,2006,national,consumption,4.09465974519883,1.354686856269836,9.263586173812
ROU,2006,national,income,5.086427690714912,1.98475193977356,10.925753110261
ROU,2007,national,consumption,3.7096757181145,1.343016982078552,10.136862847577
ROU,2007,national,income,4.365698311363851,1.855584621429443,11.901044462401
ROU,2008,national,consumption,3.100049817586269,1.331336855888367,12.024785271447
ROU,2008,national,income,3.82133577026759,1.828707933425903,13.399456827244
ROU,2009,national,consumption,2.977626316041034,1.30054235458374,12.229602288
ROU,2009,national,income,3.442444761971593,1.682600975036621,13.685862644895
ROU,2010,national,consumption,3.11095129187658,1.304340004920959,11.739663320877
ROU,2010,national,income,3.876179965488656,1.811333894729614,13.084363759499
ROU,2011,national,consumption,3.116947267362259,1.279836654663086,11.496962483145
ROU,2011,national,income,4.388963652640281,1.922611713409424,12.265567036683
ROU,2012,national,consumption,3.06321830432798,1.282325029373169,11.721365813191
ROU,2012,national,income,4.447130868043525,1.961071610450745,12.347287692964
ROU,2013,national,consumption,3.053086845003726,1.286363959312439,11.797302853765
ROU,2013,national,income,4.610981306001453,2.047340869903564,12.43239608119
ROU,2014,national,income,4.517088069927429,2.080818653106689,12.898336364684
ROU,2015,national,income,3.889402383900188,1.932974457740784,13.915578791643
ROU,2016,national,consumption,2.710144198169295,1.309282302856445,13.526920332174
ROU,2016,national,income,3.232818737315981,1.829874277114868,15.848856786571
ROU,2017,national,income,3.027183956716978,2.146765470504761,19.856551245781
ROU,2018,national,consumption,2.284326164137682,1.31963849067688,16.175394820009
ROU,2018,national,income,2.562372925956283,2.045700073242188,22.354124647753
ROU,2019,national,consumption,2.107619228999589,1.290198802947998,17.14046182775
ROU,2019,national,income,2.336818258145707,2.02028489112854,24.207264596788
ROU,2020,national,consumption,2.174312911319813,1.291856169700623,16.636047795655
ROU,2020,national,income,2.180859177142116,2.113792657852173,27.138935125311
ROU,2021,national,consumption,1.995067605305462,1.293460130691528,18.153211846512
ROU,2021,national,income,1.865120078697599,1.985316395759583,29.804439123639
ROU,2022,national,income,1.725586339893782,1.869894981384277,30.341604393337
RUS,1993,national,consumption,3.480134100158232,1.96408748626709,15.80239373425
RUS,1996,national,consumption,3.59569820455516,2.042896270751953,15.908203065221
RUS,1997,national,consumption,3.160319118588212,1.639855146408081,14.52889521145
RUS,1998,national,consumption,3.524144575383071,1.644935369491577,13.069324766871
RUS,1999,national,consumption,4.380020282491321,1.628647923469543,10.411399536896
RUS,2000,national,consumption,3.929416179252121,1.601193189620972,11.409687429579
RUS,2001,national,consumption,3.458009475080798,1.586078405380249,12.842705067447
RUS,2002,national,consumption,3.095439666038539,1.573248386383057,14.230919715732
RUS,2003,national,consumption,3.001245171730759,1.680146336555481,15.674859613218
RUS,2004,national,consumption,2.823099194443463,1.704232335090637,16.902879973209
RUS,2005,national,consumption,2.609734445475845,1.732732772827148,18.590595351281
RUS,2006,national,consumption,2.367985398432401,1.711998343467712,20.243348502248
RUS,2007,national,consumption,2.0805139923203,1.74428117275238,23.474907245979
RUS,2008,national,consumption,1.829789798005434,1.697472095489502,25.975233909432
RUS,2009,national,consumption,1.83654480865011,1.625436663627625,24.78144036747
RUS,2010,national,consumption,1.711103451714304,1.628965616226196,26.655919977529
RUS,2011,national,consumption,1.639614022553356,1.62192714214325,27.697958153705
RUS,2012,national,consumption,1.587186194552757,1.652024030685425,29.143821966677
RUS,2013,national,consumption,1.551470920901689,1.649503111839294,29.769226202582
RUS,2014,national,consumption,1.542991955996583,1.610743999481201,29.229467423977
RUS,2014,national,income,1.151730709322693,1.753124475479126,42.620627356504
RUS,2015,national,consumption,1.607976997642143,1.545131921768188,26.905666800329
RUS,2015,national,income,1.248129887740952,1.745953679084778,39.167961867114
RUS,2016,national,consumption,1.630858753385919,1.522779107093811,26.144394037663
RUS,2016,national,income,1.256478789000858,1.694137454032898,37.753003402338
RUS,2017,national,consumption,1.632796771381557,1.527740001678467,26.198434436465
RUS,2017,national,income,1.282842167088165,1.675838112831116,36.577740204338
RUS,2018,national,consumption,1.611652783712485,1.527746438980103,26.542256700462
RUS,2018,national,income,1.192551658635035,1.591876983642578,37.375784888733
RUS,2019,national,consumption,1.553035465639929,1.532707095146179,27.633496074205
RUS,2019,national,income,1.188846266939655,1.610074520111084,37.920870778826
RUS,2020,national,consumption,1.574994703068276,1.477488160133362,26.266544981829
RUS,2020,national,income,1.102295623228709,1.490405201911926,37.858579157134
RUS,2021,national,income,1.153812546724567,1.585156321525574,38.467581164758
RWA,1984,rural,consumption,13.37120356317048,1.266708612442017,2.652554208617
RWA,2000,national,consumption,22.75756674636443,1.949942827224731,2.399131630796
RWA,2005,national,consumption,19.50698706893097,2.165638446807861,3.108520759175
RWA,2010,national,consumption,15.69586367424335,1.852396845817566,3.304508358778
RWA,2013,national,consumption,14.05864897813554,1.768502831459045,3.522250103906
RWA,2016,national,consumption,13.85325412460806,1.734111666679382,3.504961854851
SDN,2009,national,consumption,5.703258514835181,1.537979125976563,7.55066890366
SDN,2014,national,consumption,5.452413829843302,1.435617327690125,7.372383613257
SEN,1991,national,consumption,27.03683493171261,2.465614080429077,2.553449495385
SEN,1994,national,consumption,15.75291055811399,1.554528117179871,2.763094896609
SEN,2001,national,consumption,13.75941508678109,1.626375675201416,3.309625982945
SEN,2005,national,consumption,12.44681666050833,1.662491917610168,3.739893794672
SEN,2011,national,consumption,12.65851051821468,1.715535402297974,3.7946795724
SEN,2018,national,consumption,6.378956284835055,1.5369873046875,6.746502294476
SEN,2021,national,consumption,6.374511713997964,1.482704520225525,6.512769454162
SLB,2005,national,consumption,15.5202431524865,1.966492295265198,3.547739879369
SLB,2012,national,consumption,9.657353068042122,1.534365296363831,4.448654580573
SLE,2003,national,consumption,16.13272935584488,1.613758087158203,2.800841945964
SLE,2011,national,consumption,11.05033977639322,1.428378105163574,3.619308329403
SLE,2018,national,consumption,9.133582680506953,1.438646912574768,4.410330025376
SLV,1989,national,income,12.05482045468107,3.708169460296631,8.613047740944999
SLV,1991,national,income,12.29575457439873,3.683027029037476,8.387021208451999
SLV,1995,national,income,8.020763433719081,2.766383409500122,9.657277508856
SLV,1996,national,income,8.245174809735547,2.83509635925293,9.627775965439
SLV,1998,national,income,12.6632618526004,4.424055576324463,9.782120623328
SLV,1999,national,income,11.07971798026785,4.040872097015381,10.211849936331
SLV,2000,national,income,7.249450925894366,2.990557432174683,11.55061354466
SLV,2001,national,income,8.001941877004713,3.160336256027222,11.058492721516
SLV,2002,national,income,8.067499548601605,3.213472843170166,11.153051793783
SLV,2003,national,income,9.86398999065063,3.636369943618774,10.322228367874
SLV,2004,national,income,7.332901631721881,2.780333757400513,10.616444353759
SLV,2005,national,income,6.727153594532862,2.594804525375366,10.800188541109
SLV,2006,national,income,5.345784673569536,2.055893898010254,10.768303472316
SLV,2007,national,income,4.670165585765655,1.922044396400452,11.523626030551
SLV,2008,national,income,5.182850528584581,2.057541608810425,11.115729270159
SLV,2009,national,income,5.176589370593565,1.984277963638306,10.732893396966
SLV,2010,national,income,4.979067097654158,1.889200925827026,10.624003412353
SLV,2011,national,income,4.809101528772685,1.781428217887878,10.371997427036
SLV,2012,national,income,4.595398900084234,1.761524438858032,10.733058654463
SLV,2013,national,income,4.284095859577988,1.811414480209351,11.839045440754
SLV,2014,national,income,4.229880713795321,1.745454907417297,11.554164189113
SLV,2015,national,income,3.949865813462206,1.677028059959412,11.888198036496
SLV,2016,national,income,3.952990661445007,1.691582441329956,11.981892448777
SLV,2017,national,income,3.755723225872463,1.613617420196533,12.029983514027
SLV,2018,national,income,3.552758535987602,1.641675233840942,12.938370248458
SLV,2019,national,income,3.250372995633172,1.633732914924622,14.073622258425
SLV,2021,national,income,3.828317893061977,1.934192061424255,14.146520220688
SLV,2022,national,income,3.832491672761125,1.948830723762512,14.238063705573
SLV,2023,national,income,3.553385472580554,1.961395978927612,15.455426211547
SRB,2002,national,consumption,2.204243225798046,1.4085294008255,17.892227684649
SRB,2003,national,consumption,2.512925878318398,1.434317469596863,15.981724525511
SRB,2004,national,consumption,2.81567428636107,1.503434538841248,14.950651994797
SRB,2005,national,consumption,2.732385310090766,1.558814644813538,15.973885983221
SRB,2006,national,consumption,2.525159052829669,1.351812243461609,14.989448718168
SRB,2007,national,consumption,2.44786194315907,1.322926878929138,15.132369848286
SRB,2008,national,consumption,2.33054849987222,1.282835602760315,15.412421906397
SRB,2009,national,consumption,2.402895444022895,1.301835536956787,15.169780233402
SRB,2010,national,consumption,2.522255274238457,1.322787046432495,14.684492457241
SRB,2012,national,income,5.059910716348686,2.804491996765137,15.519201425715
SRB,2013,national,consumption,2.545007452586926,1.323050141334534,14.55610883609
SRB,2013,national,income,5.51474808133776,2.80077075958252,14.220338045232
SRB,2014,national,income,6.330992577965845,3.239231586456299,14.326107792246
SRB,2015,national,consumption,2.227876899694381,1.306313991546631,16.417780084761
SRB,2015,national,income,6.146063022966808,3.227748155593872,14.704852380843
SRB,2016,national,income,6.194163983045669,3.324176073074341,15.026552855553
SRB,2017,national,income,5.305556992069557,2.864289045333862,15.116244104873
SRB,2018,national,consumption,2.108175982246486,1.342233896255493,17.827046226818
SRB,2018,national,income,3.556814436545569,2.185782432556152,17.206944895527
SRB,2019,national,consumption,2.227772384620493,1.328627705574036,16.699002257529
SRB,2019,national,income,3.060723999058211,2.130748510360718,19.492432554576
SRB,2020,national,income,2.532948700669859,1.899758815765381,21.000522765283
SRB,2021,national,income,2.432295771332015,1.902727365493774,21.903736638218
SRB,2022,national,income,2.405552316205216,1.887816786766052,21.973693303753
SSD,2009,national,consumption,13.54883703245051,2.340266227722168,4.836389511011
SSD,2016,national,consumption,23.04177894472779,1.926227927207947,2.34072129255
STP,2000,national,consumption,6.242641110992827,1.383023023605347,6.203246827569
STP,2010,national,consumption,6.612398950149326,1.34865403175354,5.710834091009
STP,2017,national,consumption,5.682273104944659,1.650755405426025,8.134271321967001
SUR,1999,urban,income,15.526132210663,8.067585945129395,14.549174024628
SUR,2022,national,consumption,2.535347498825268,1.692830324172974,18.695365860215
SVK,1992,national,income,1.858546484758423,1.144893288612366,17.248431867482
SVK,1996,national,income,2.497834097816037,1.574840903282166,17.653512308792
SVK,2004,national,consumption,2.369750819269324,1.300191640853882,15.362528925957
SVK,2004,national,income,2.004546679096702,1.314584612846375,18.362439900377
SVK,2005,national,consumption,2.098881828666743,1.326421499252319,17.695041976204
SVK,2005,national,income,1.819543736201666,1.367901921272278,21.049922347123
SVK,2006,national,consumption,1.807128699978297,1.263540506362915,19.577540099045
SVK,2006,national,income,1.6622167030568,1.347864747047424,22.704748226312
SVK,2007,national,consumption,1.783356880491951,1.268574118614197,19.917536122707
SVK,2007,national,income,1.648488660156578,1.386053323745728,23.542469878041
SVK,2008,national,consumption,1.728099193106604,1.248950242996216,20.236457548262
SVK,2008,national,income,1.60057972270132,1.399749994277954,24.48675200889
SVK,2009,national,consumption,1.851564448266575,1.231055855751038,18.616452961246
SVK,2009,national,income,1.526291732936427,1.419546365737915,26.04174470814
SVK,2010,national,income,1.542899742637123,1.467310667037964,26.62823674012
SVK,2011,national,income,1.451329898997985,1.432429671287537,27.635364474231
SVK,2012,national,income,1.560904333664377,1.413662433624268,25.358728404803
SVK,2013,national,income,1.568843370722765,1.457962393760681,26.02104705804
SVK,2014,national,income,1.883896805793626,1.707075715065002,25.371941001897
SVK,2015,national,income,1.609153513647305,1.488610744476318,25.902500682778
SVK,2016,national,income,2.427972363746126,2.27208685874939,26.202289646979
SVK,2017,national,income,1.414342147836978,1.365046858787537,27.024092874654
SVK,2018,national,income,1.377409762972613,1.404518246650696,28.551061707584
SVK,2019,national,income,1.222368561235172,1.278224468231201,29.279455391923
SVK,2020,national,income,1.30213084874782,1.306710600852966,28.098478846163
SVK,2021,national,income,1.31673618605833,1.313498258590698,27.931145493947
SVK,2022,national,income,1.668810886517294,1.508128762245178,25.304008499833
SVN,1987,national,income,.7684618420620981,1.190333485603333,43.371492233213
SVN,1993,national,income,1.368316378296017,1.282374143600464,26.241355243627
SVN,1997,national,income,1.161875028655427,1.239603877067566,29.873186382462
SVN,1998,national,consumption,1.21359157003826,1.277686238288879,29.478794008762
SVN,1999,national,income,1.156689802578459,1.240721225738525,30.034150344134
SVN,2002,national,consumption,1.196898226655746,1.321833848953247,30.922718819678
SVN,2003,national,consumption,1.246790325828188,1.359376311302185,30.528417223516
SVN,2004,national,income,.9464460800852509,1.263691425323486,37.38549995961
SVN,2005,national,income,.9303229109162603,1.285955786705017,38.70351033272
SVN,2006,national,income,.8717029594337339,1.247503876686096,40.071112705547
SVN,2007,national,income,.8261334698445096,1.24396026134491,42.161331661608
SVN,2008,national,income,.7839095604864075,1.215520262718201,43.416445808355
SVN,2009,national,income,.7947351917532955,1.240386247634888,43.701116113015
SVN,2010,national,income,.7968152505519297,1.245370030403137,43.762166075715
SVN,2011,national,income,.8015577124959493,1.242084383964539,43.38846810268
SVN,2012,national,income,.8519259711429256,1.265645503997803,41.597599266402
SVN,2013,national,income,.8687728470251342,1.283759951591492,41.374770859212
SVN,2014,national,income,.8324250915886251,1.260317325592041,42.392865232902
SVN,2015,national,income,.8241070308874044,1.252413511276245,42.552214542949
SVN,2016,national,income,.7901125808371303,1.236912727355957,43.833697492165
SVN,2017,national,income,.7628784786558405,1.222265720367432,44.860934533506
SVN,2018,national,income,.7204676537508692,1.22699499130249,47.685501220223
SVN,2019,national,income,.7028374924486986,1.222648620605469,48.708501305883
SVN,2020,national,income,.6647917343570325,1.21356463432312,51.113466927705
SVN,2021,national,income,.6369634660397407,1.22402548789978,53.806404267644
SVN,2022,national,income,.6379161493957988,1.226561307907104,53.837352994627
SWE,1975,national,income,1.377368142271217,1.516164660453796,30.821542242183
SWE,1981,national,income,1.252934573211792,1.444194793701172,32.274195486432
SWE,1987,national,income,1.010374941571287,1.251446723937988,34.680698719392
SWE,1992,national,income,.8901314968735443,1.305966377258301,41.080513678299
SWE,1995,national,income,.999501937151825,1.383692026138306,38.762681625744
SWE,2000,national,income,.8087860195948845,1.302963495254517,45.108317875128
SWE,2001,national,income,.7988208931495562,1.329735994338989,46.609454936179
SWE,2002,national,income,.7527649919550496,1.283092498779297,47.726169349436
SWE,2003,national,income,1.033204038902687,1.619760274887085,43.89577044399
SWE,2004,national,income,1.109918031570807,1.786338090896606,45.06410771114
SWE,2005,national,income,1.552127609697674,2.522885084152222,45.512224750315
SWE,2006,national,income,.9876824786280677,1.70093309879303,48.220080182936
SWE,2007,national,income,1.048532506117211,1.913969278335571,51.110612730389
SWE,2008,national,income,1.15582777195407,2.179563999176025,52.800074901711
SWE,2009,national,income,1.003032987323034,1.90332043170929,53.131823632473
SWE,2010,national,income,1.064229418641309,2.050787448883057,53.956457155503
SWE,2011,national,income,1.053712745328137,2.051641702651978,54.517674267924
SWE,2012,national,income,1.01034122669998,2.013314247131348,55.795804195338
SWE,2013,national,income,1.145292415297692,2.341874361038208,57.253919810738
SWE,2014,national,income,.9270281952268222,1.940470814704895,58.61006505929
SWE,2015,national,income,.8540724281885951,1.849562883377075,60.636265146482
SWE,2016,national,income,.8526756116627664,1.875504612922668,61.587463203988
SWE,2017,national,income,.7390466205377951,1.624501705169678,61.546924531413
SWE,2018,national,income,1.217248766928243,2.705422163009644,62.231997330078
SWE,2019,national,income,.8337346376755469,1.889509201049805,63.456949856823
SWE,2020,national,income,.8853645913192006,2.044998407363892,64.67386991485201
SWE,2021,national,income,1.067141334670477,2.466140031814575,64.70738392990199
SWE,2022,national,income,1.425797712534701,3.307542324066162,64.95394295043
SWZ,1994,national,consumption,43.3220336980709,2.62050461769104,1.693690739841
SWZ,2000,national,consumption,15.2251353016613,2.195897102355957,4.038395762498
SWZ,2009,national,consumption,15.16972450318076,2.314148426055908,4.271412687446
SWZ,2016,national,consumption,10.81504789235161,2.491397142410278,6.450190779678
SYC,1999,national,consumption,2.333328382287275,1.809286713600159,21.711487142873
SYC,2006,national,consumption,2.469526924403806,1.739556789398193,19.723449206978
SYC,2013,national,income,2.304265490097312,2.137977600097656,25.979373346346
SYC,2018,national,income,1.768202434832832,1.513509273529053,23.966859145829
SYR,1996,national,consumption,3.37307559748759,1.439114809036255,11.946134221452
SYR,2003,national,consumption,2.811184142878296,1.509836316108704,15.038295476426
SYR,2006,national,consumption,2.917915397576771,1.629829406738281,15.639666612426
SYR,2009,national,consumption,2.925166326995881,1.621200799942017,15.518305191995
SYR,2022,national,consumption,6.644384444364111,1.267607808113098,5.341806846834
TCD,2003,national,consumption,15.65266692568775,1.653544068336487,2.957913501635
TCD,2011,national,consumption,11.98687509342712,1.922825694084167,4.491505902496
TCD,2018,national,consumption,9.498533422998037,1.524357199668884,4.493536044902
TCD,2022,national,consumption,9.487555891520476,1.551060676574707,4.57754343839
TGO,2006,national,consumption,15.62182290065403,1.704646348953247,3.055347619519
TGO,2011,national,consumption,17.12658313150872,1.95921802520752,3.203096808754
TGO,2015,national,consumption,16.07385743074875,1.885161519050598,3.283873995616
TGO,2018,national,consumption,8.931983236037736,1.745441317558289,5.471613032541
TGO,2021,national,consumption,8.616703208689655,1.548391103744507,5.031501008504
THA,1981,national,consumption,7.727502700420152,1.809798836708069,6.557664269767
THA,1988,national,consumption,6.947256644574424,1.70067822933197,6.854359045568
THA,1990,national,consumption,6.501960350136689,1.779845118522644,7.664713343472
THA,1992,national,consumption,5.763646877207568,1.899143576622009,9.226106372234
THA,1994,national,consumption,4.942499518434354,1.712250113487244,9.700153294833999
THA,1996,national,consumption,4.503456110189585,1.694079756736755,10.532851116969
THA,1998,national,consumption,4.383590271491769,1.648649573326111,10.530680009882
THA,1999,national,consumption,4.744385785969617,1.705333352088928,10.064386797398
THA,2000,national,consumption,4.786497221125498,1.697247982025146,9.928542943265001
THA,2002,national,consumption,4.163147204062916,1.668861389160156,11.224229279762
THA,2004,national,consumption,3.742995625801663,1.693368673324585,12.66748040098
THA,2006,national,consumption,3.337887890159041,1.692658543586731,14.198931033332
THA,2007,national,consumption,3.177137385374671,1.605299830436707,14.147450577668
THA,2008,national,consumption,3.03221697092665,1.619119048118591,14.951216388617
THA,2009,national,consumption,2.897604985718639,1.600258231163025,15.463539684682
THA,2010,national,consumption,2.790324452858962,1.590144038200378,15.956579502279
THA,2011,national,consumption,2.608273403175929,1.508701682090759,16.196019386821
THA,2012,national,consumption,2.541326231047244,1.584693193435669,17.459942005214
THA,2013,national,consumption,2.425801653324748,1.536685824394226,17.737313521949
THA,2014,national,consumption,2.388844613646601,1.510653853416443,17.706596900656
THA,2015,national,consumption,2.221326912785449,1.470336675643921,18.533709633503
THA,2016,national,consumption,2.262295779122841,1.491969704627991,18.465822898942
THA,2017,national,consumption,2.218341930611327,1.487433433532715,18.77444426587
THA,2018,national,consumption,2.251119644547556,1.490121006965637,18.534505363899
THA,2019,national,consumption,2.170902615549211,1.44163191318512,18.593968097666
THA,2020,national,consumption,2.139193570529143,1.451143980026245,18.994088283352
THA,2021,national,consumption,2.108774955622227,1.445457100868225,19.192564683667
THA,2022,national,consumption,2.043250733711094,1.427325367927551,19.559572031737
THA,2023,national,consumption,1.9375701453776,1.401532888412476,20.253677239034
TJK,1999,national,consumption,16.76784065789375,1.360284090042114,2.271488299624
TJK,2003,national,consumption,11.73497332636106,1.404720902442932,3.351706495724
TJK,2004,national,consumption,8.959433810012959,1.420474529266357,4.439263251052
TJK,2007,national,consumption,8.849824764245515,1.5928635597229,5.039667934753
TJK,2009,national,consumption,6.379157229701242,1.35269296169281,5.937367893684
TJK,2015,national,consumption,5.903515857971326,1.465885758399963,6.952602712677
TKM,1998,national,consumption,8.838887705610697,1.679792761802673,5.321280264355
TLS,2001,national,consumption,11.73074732574661,1.473365068435669,3.516759890948
TLS,2007,national,consumption,11.43338979071313,1.262484669685364,3.091783848893
TLS,2014,national,consumption,9.452508981227856,1.278501152992249,3.787146224855
TON,2000,national,consumption,3.675071635867508,1.645171761512756,12.534397233401
TON,2009,national,consumption,3.7336422294528,1.5608971118927,11.705759452672
TON,2015,national,consumption,4.273433653341579,1.424717783927917,9.33490549978
TON,2021,national,consumption,2.812892736522829,1.265720248222351,12.599188564816
TTO,1988,national,income,2.312416001590048,1.862492084503174,22.55207497458
TTO,1992,national,income,3.039563702934991,1.717864751815796,15.824709966523
TUN,1985,national,consumption,6.482296538601279,1.759032368659973,7.598064174492
TUN,1990,national,consumption,5.705999109307881,1.665473341941833,8.172671056735
TUN,1995,national,consumption,5.760171487204264,1.713005065917969,8.326859965518
TUN,2000,national,consumption,4.719625637353484,1.660544514656067,9.851468958591999
TUN,2005,national,consumption,4.108263696439813,1.592016458511353,10.850437999546
TUN,2010,national,consumption,3.266009417658036,1.629372119903564,13.968857676751
TUN,2015,national,consumption,2.637600166983464,1.410716533660889,14.975758920059
TUN,2021,national,consumption,2.539252092004195,1.441115975379944,15.890997065527
TUR,1987,national,consumption,4.561722107469895,1.645846605300903,10.102260130121
TUR,1994,national,consumption,4.592013252149722,1.693913578987122,10.328711398645
TUR,2002,national,consumption,4.284035242156836,1.710569620132446,11.180101777206
TUR,2003,national,consumption,4.672093611420689,1.773429155349731,10.62821531559
TUR,2004,national,consumption,3.803588586383021,1.77426552772522,13.061200807171
TUR,2005,national,consumption,3.731588104151917,1.850445151329041,13.884829328999
TUR,2006,national,consumption,3.464595186489353,1.726517558097839,13.953286994129
TUR,2007,national,consumption,3.201079619404692,1.681991696357727,14.71246393015
TUR,2008,national,consumption,2.955115749715532,1.717809677124023,16.276408125338
TUR,2009,national,consumption,2.91771100986243,1.678283929824829,16.10575911279
TUR,2010,national,consumption,2.863759083234847,1.675144791603088,16.378491987763
TUR,2011,national,consumption,2.667823068595878,1.707103133201599,17.916813275815
TUR,2012,national,consumption,2.568793261174544,1.707186102867126,18.608430072821
TUR,2013,national,consumption,2.4703616138473,1.708512544631958,19.364917982924
TUR,2014,national,consumption,2.396858076071247,1.73128867149353,20.224844946828
TUR,2015,national,consumption,2.469753013813206,1.787227511405945,20.262094524568
TUR,2016,national,consumption,2.30390535255727,1.748353004455566,21.248217857076
TUR,2017,national,consumption,2.232976619648178,1.725529193878174,21.636955564039
TUR,2017,national,income,2.194543992114997,1.856259942054749,23.683862818751
TUR,2018,national,consumption,2.196642627727582,1.733412027359009,22.095327497046
TUR,2018,national,income,2.131397279521237,1.83719539642334,24.135093381565
TUR,2019,national,consumption,2.310912481215498,1.795839786529541,21.759160264372
TUR,2019,national,income,2.17033463349236,1.911268949508667,24.65773219552
TUR,2020,national,income,2.147532905487542,1.899613499641418,24.767573730859
TUR,2021,national,income,1.988523563269234,1.929228067398071,27.165072771522
TUR,2022,national,income,1.796886393313992,1.857119083404541,28.938576083718
TUV,2010,national,consumption,4.780159325372478,1.579265117645264,9.250617374126
TWN,1981,national,income,2.03155312504373,1.318456053733826,18.171698394947
TWN,1986,national,income,1.520050211543823,1.314045190811157,24.205296225861
TWN,1991,national,income,.9152665957034922,1.319881081581116,40.37803773138
TWN,1995,national,income,1.094425517653242,1.837261319160461,47.004859804946
TWN,1997,national,income,.7620250622548184,1.351674675941467,49.666203041883
TWN,2000,national,income,.7221007872825836,1.357440233230591,52.635762548465
TWN,2005,national,income,.74200025335269,1.390458345413208,52.470109952241
TWN,2007,national,income,.7822153744270621,1.391112089157104,49.795926721148
TWN,2010,national,income,.8885960755549753,1.469419717788696,46.301973184246
TWN,2013,national,income,.8528168464701121,1.431972503662109,47.015055044734
TWN,2016,national,income,.7695011206424264,1.38081693649292,50.244079974328
TWN,2017,national,income,.7533781881292188,1.389491200447083,51.641732251917
TWN,2018,national,income,.7483626233963976,1.387272000312805,51.904806299917
TWN,2019,national,income,.7330842537902056,1.390933752059937,53.126425918095
TWN,2020,national,income,.6957368112706225,1.389320850372314,55.913362848507
TWN,2021,national,income,.6964058302063341,1.383057236671448,55.607806970669
TZA,1991,national,consumption,16.52853465887872,1.509608745574951,2.557337675224
TZA,2000,national,consumption,23.90923899673474,1.543086767196655,1.807101863286
TZA,2007,national,consumption,13.66902577421686,1.647679567337036,3.375151035454
TZA,2011,national,consumption,10.6798666791269,1.507736921310425,3.952917525539
TZA,2018,national,consumption,10.63908581020483,1.588971972465515,4.181864502039
UGA,1989,national,consumption,19.86458011213381,1.877111315727234,2.645871092796
UGA,1992,national,consumption,19.56397636497117,1.671020269393921,2.391567295093
UGA,1996,national,consumption,18.43669940152992,1.573789715766907,2.390130277484
UGA,1999,national,consumption,20.78028589098047,1.731972575187683,2.33371348688
UGA,2002,national,consumption,19.42872893453518,1.77899169921875,2.563820236228
UGA,2005,national,consumption,16.8039439312456,1.712531685829163,2.853549634273
UGA,2009,national,consumption,14.00133939015726,1.770700097084045,3.541061431934
UGA,2012,national,consumption,12.15464702842837,1.655173301696777,3.812932824461
UGA,2016,national,consumption,12.98467082258977,1.697137475013733,3.659688302959
UGA,2019,national,consumption,13.13548589407404,1.711738228797913,3.64879307069
UKR,1992,national,consumption,4.946793813746366,1.378251552581787,7.801223155417
UKR,1993,national,consumption,4.702610148114666,1.317554950714111,7.844906898237
UKR,1995,national,consumption,5.514591202223314,1.616608738899231,8.208232251941
UKR,1996,national,consumption,6.209323429483185,1.521307706832886,6.860105836691
UKR,1999,national,income,7.432429494786168,1.295336842536926,4.87988901111
UKR,2002,national,consumption,4.968990782587252,1.315513730049133,7.412850235311
UKR,2003,national,consumption,4.37918355073351,1.298022270202637,8.299406426135
UKR,2004,national,consumption,3.952083677218237,1.311424255371094,9.291270701759
UKR,2005,national,consumption,3.330141066789578,1.311208844184875,11.024712734885
UKR,2006,national,consumption,3.095733076601301,1.319511532783508,11.934596170637
UKR,2007,national,consumption,3.108250916281427,1.259442567825317,11.345413518615
UKR,2008,national,consumption,2.693295775506879,1.249523401260376,12.990275653384
UKR,2009,national,consumption,2.851268431836381,1.225475907325745,12.034407582009
UKR,2010,national,consumption,2.643573401705458,1.211975336074829,12.836907971423
UKR,2011,national,consumption,2.539336996522454,1.209575772285461,13.337386986389
UKR,2012,national,consumption,2.445163720451538,1.213154196739197,13.892042453346
UKR,2013,national,consumption,2.307710735337166,1.209402084350586,14.673961025295
UKR,2014,national,consumption,2.378747215557576,1.199514269828796,14.119364524802
UKR,2015,national,consumption,2.705357615455269,1.229645729064941,12.726628354474
UKR,2016,national,consumption,2.651418244502243,1.221295356750488,12.897350346664
UKR,2017,national,consumption,2.454979379296875,1.239596962928772,14.138088662512
UKR,2018,national,consumption,2.352087380188509,1.241564154624939,14.779975875748
UKR,2019,national,consumption,2.158765350014857,1.251230239868164,16.228927962248
UKR,2020,national,consumption,2.21013469085357,1.229031324386597,15.570488501008
URY,1981,urban,income,2.10267859422016,1.86606764793396,24.849206849557
URY,1989,urban,income,2.012084946755475,1.892539739608765,26.336418837763
URY,1992,urban,income,1.844228320210613,1.837560892105103,27.898770977192
URY,1995,urban,income,1.814388064143669,1.838655114173889,28.374494454243
URY,1996,urban,income,1.864341155558576,1.832557320594788,27.522648201572
URY,1997,urban,income,1.857033707560644,1.835845828056335,27.680533991856
URY,1998,urban,income,1.8064759410939,1.910803914070129,29.617062057637
URY,2000,urban,income,1.86001414552228,1.892258167266846,28.485390894057
URY,2001,urban,income,1.926262537095635,1.97441041469574,28.69987426904
URY,2002,urban,income,2.177563034791294,1.990666627883911,25.596808541762
URY,2003,urban,income,2.520672634738833,1.915324687957764,21.275706894395
URY,2004,urban,income,2.590193232958822,1.995498180389404,21.571343379227
URY,2005,urban,income,2.458477331055997,1.948279619216919,22.189275316676
URY,2006,national,income,2.38677449323586,1.963136076927185,23.030164760308
URY,2007,national,income,2.222721669580713,1.994099378585815,25.12000658096
URY,2008,national,income,1.957367999450802,1.928066253662109,27.580840755321
URY,2009,national,income,1.870164276739585,1.976310610771179,29.589217951405
URY,2010,national,income,1.800980193796591,1.910756945610046,29.706708669497
URY,2011,national,income,1.598811279561104,1.82493269443512,31.960066117886
URY,2012,national,income,1.54294338579091,1.75978696346283,31.935089495656
URY,2013,national,income,1.495780487131914,1.775055527687073,33.227840123741
URY,2014,national,income,1.406714301409913,1.761953592300415,35.070875155037
URY,2015,national,income,1.391654289073376,1.768326163291931,35.57861460651
URY,2016,national,income,1.38558063672909,1.727959036827087,34.918827865481
URY,2017,national,income,1.317302667602848,1.705948829650879,36.26089130069
URY,2018,national,income,1.340184940360359,1.707241535186768,35.668781547374
URY,2019,national,income,1.37242211778934,1.718682050704956,35.064355285848
URY,2020,national,income,1.530257164632137,1.77229630947113,32.428731101316
URY,2021,national,income,1.506174789407787,1.770911455154419,32.921490922329
URY,2022,national,income,1.458813023969387,1.76372766494751,33.852437082541
URY,2023,national,income,1.461615873121093,1.78917407989502,34.274992919373
USA,1963,national,income,1.974268373741304,2.844999074935913,40.349110134224
USA,1964,national,income,1.941947255399975,2.963922739028931,42.735371102255
USA,1965,national,income,1.748147526268253,2.799006700515747,44.831563048197
USA,1966,national,income,1.636002396489274,2.64218544960022,45.220709620581
USA,1967,national,income,1.553394487573502,2.610679149627686,47.05760137157
USA,1968,national,income,1.480131526704376,2.590964317321777,49.013889122657
USA,1969,national,income,1.250727961479555,2.247707843780518,50.319351640753
USA,1970,national,income,1.533102604940487,2.776957035064697,50.717282073042
USA,1971,national,income,1.439694209282694,2.664727210998535,51.825145772779
USA,1972,national,income,1.385905807046601,2.739297151565552,55.343099137937
USA,1973,national,income,1.35369153709754,2.723789930343628,56.339363092932
USA,1974,national,income,1.374752636375087,2.66466760635376,54.272087338734
USA,1975,national,income,1.204664965112884,2.354769468307495,54.731852323261
USA,1976,national,income,1.203405029462932,2.425824403762817,56.442414951215
USA,1977,national,income,1.111129912079282,2.248268604278564,56.655410665663
USA,1978,national,income,1.119057576296866,2.273021459579468,56.873390525082
USA,1979,national,income,1.129956379783541,2.36701512336731,58.653964868089
USA,1980,national,income,1.079419403407554,2.153520584106445,55.862048223035
USA,1981,national,income,1.119765000088467,2.193954229354858,54.860365394535
USA,1982,national,income,1.234241494855929,2.455910444259644,55.714778885147
USA,1983,national,income,1.191380089856908,2.449971199035645,57.5796037447
USA,1984,national,income,1.110266225025092,2.374391794204712,59.8802035764
USA,1985,national,income,1.104388723045282,2.408440113067627,61.062124741397
USA,1986,national,income,1.106440229926047,2.482818365097046,62.831153511074
USA,1987,national,income,1.033647532496676,2.390466451644897,64.75424140518901
USA,1988,national,income,1.00598976840942,2.364610910415649,65.814888327812
USA,1989,national,income,.9986608369216324,2.385460615158081,66.882461054258
USA,1990,national,income,1.021876597848089,2.375051498413086,65.07776456596299
USA,1991,national,income,1.040731212243465,2.393105745315552,64.384502420977
USA,1992,national,income,1.061226303891716,2.440883636474609,64.401664949295
USA,1993,national,income,1.094854037302877,2.570271492004395,65.732596880092
USA,1994,national,income,1.101144424941656,2.630420446395874,66.88657017816401
USA,1995,national,income,1.100194103767653,2.668025493621826,67.90139278200201
USA,1996,national,income,1.164841308392141,2.869902610778809,68.985599052097
USA,1997,national,income,1.226743493767467,3.110671758651733,71.000015105725
USA,1998,national,income,1.231170191824618,3.207539558410645,72.947761083461
USA,1999,national,income,1.181612550751053,3.150938987731934,74.666008765081
USA,2000,national,income,1.184223376194151,3.194185733795166,75.52392571615501
USA,2001,national,income,1.268932804492611,3.421782970428467,75.504329809054
USA,2002,national,income,1.23401430813263,3.335803747177124,75.689968588082
USA,2003,national,income,1.374941092564621,3.773167371749878,76.83869795161699
USA,2004,national,income,1.446717250437775,3.926256895065308,75.989411275245
USA,2005,national,income,1.415739208345696,3.924609661102295,77.619573696138
USA,2006,national,income,1.438046908371855,4.055418014526367,78.962451961258
USA,2007,national,income,1.428906225232155,4.003031730651855,78.44104300534001
USA,2008,national,income,1.473174592108321,4.016469478607178,76.339320529771
USA,2009,national,income,1.304999967609899,3.606108903884888,77.372453262322
USA,2010,national,income,1.473285402060178,3.970480918884277,75.459558065547
USA,2011,national,income,1.455368367146129,3.970494270324707,76.38879929671199
USA,2012,national,income,1.4637196372993,4.008871555328369,76.687096143087
USA,2013,national,income,1.451385139554864,3.950882434844971,76.22008999113299
USA,2014,national,income,1.570454790755718,4.30223274230957,76.705494992407
USA,2015,national,income,1.477528202959764,4.201930999755859,79.628983204528
USA,2016,national,income,1.442815636004927,4.293540477752686,83.322585899971
USA,2017,national,income,1.52042840946914,4.581949234008789,84.380547725874
USA,2018,national,income,1.393011754779629,4.391521453857422,88.27104067990101
USA,2019,national,income,1.269018950329032,4.266025066375732,94.126803439627
USA,2020,national,income,.7935485151019476,2.735771894454956,96.53047167519701
USA,2021,national,income,.7642688508936676,2.646882057189941,96.97202104126799
USA,2022,national,income,1.554171067002609,4.99274206161499,89.949418471729
USA,2023,national,income,1.420666390278615,4.716212749481201,92.952119380539
UZB,1998,national,consumption,26.19162141787411,2.0274817943573,2.16746759861
UZB,2000,national,consumption,29.83189926692508,1.492538332939148,1.400885400909
UZB,2002,national,consumption,26.23237071600518,1.39201295375824,1.485811634662
UZB,2003,national,consumption,29.11143729553301,1.468660235404968,1.412588629648
UZB,2021,national,income,3.77480109057859,1.554365873336792,11.529678454896
UZB,2022,national,income,3.590701685376222,1.541155695915222,12.017806742436
UZB,2023,national,income,3.198826975157194,1.710781335830688,14.974825502322
VEN,1981,national,income,4.136202497908078,2.710325479507446,18.347533065725
VEN,1987,national,income,4.332904908348111,2.519520282745361,16.281586921376
VEN,1989,national,income,5.855435661148513,3.070103168487549,14.680869745371
VEN,1992,national,income,5.236944940772738,2.52462363243103,13.498225341445
VEN,1995,national,income,6.8266054048856,2.638145208358765,10.820614141361
VEN,1998,national,income,7.581388645783888,3.093879461288452,11.426485566731
VEN,1999,national,income,7.805802024312552,2.874162435531616,10.309837148967
VEN,2001,national,income,7.211338942408517,2.796640634536743,10.858723988971
VEN,2002,national,income,10.00998584889331,3.198998689651489,8.948260950171001
VEN,2003,national,income,11.53333478768235,3.123295068740845,7.58256522299
VEN,2004,national,income,10.68731407216683,3.241636276245117,8.492855768258
VEN,2005,national,income,10.36824008080465,3.937951803207397,10.634654149753
VEN,2006,national,income,6.52001445126724,3.033250570297241,13.026200795375
VNM,1992,national,consumption,11.48948155927149,1.457529187202454,3.552015574532
VNM,1997,national,consumption,8.725051811236316,1.437582850456238,4.613418938302
VNM,2002,national,consumption,9.314574887502967,1.484715104103088,4.463115296484
VNM,2004,national,consumption,8.024478068866038,1.508618354797363,5.264057335683
VNM,2006,national,consumption,7.117145330048285,1.494027018547058,5.877743582235
VNM,2008,national,consumption,6.520776755613249,1.478273153305054,6.347655962258
VNM,2010,national,consumption,4.03914866363118,1.614665389060974,11.193109090208
VNM,2012,national,consumption,3.654439768351374,1.502346396446228,11.510847205162
VNM,2014,national,consumption,3.44673764975806,1.499979853630066,12.185272111072
VNM,2016,national,consumption,3.033898166289086,1.524705052375793,14.07158059379
VNM,2018,national,consumption,2.784362604623956,1.556691288948059,15.654339101241
VNM,2020,national,consumption,2.517131888784409,1.573617219924927,17.504558794104
VNM,2022,national,consumption,2.633878028246812,1.560256719589233,16.58664029324
VUT,2010,national,consumption,7.421056104114072,1.551766633987427,5.85488980783
VUT,2019,national,consumption,6.620762062896654,1.419777750968933,6.004410986596
WSM,2002,national,consumption,4.125938182624863,1.650201439857483,11.198820137359
WSM,2008,national,consumption,3.884511746789955,1.652492642402649,11.911353896909
WSM,2013,national,consumption,3.87763601228795,1.561931729316711,11.27854415421
XKX,2003,national,consumption,5.879408893889701,1.293263673782349,6.159017369821
XKX,2005,national,consumption,6.046483219542839,1.369036793708801,6.339723454781
XKX,2006,national,consumption,5.99770683099294,1.333907842636108,6.227283546149
XKX,2009,national,consumption,5.441017766477983,1.384033799171448,7.122371081535
XKX,2010,national,consumption,5.34842344886836,1.411251187324524,7.388164610695
XKX,2011,national,consumption,5.051776509765576,1.285282015800476,7.123809756469
XKX,2012,national,consumption,4.3020398014952,1.309753060340881,8.524581031379
XKX,2013,national,consumption,4.066752543017646,1.251115798950195,8.614057952374999
XKX,2014,national,consumption,4.209043400019032,1.293137550354004,8.602394239905999
XKX,2015,national,consumption,3.945087073446158,1.262550473213196,8.960870198964001
XKX,2016,national,consumption,3.946662823009403,1.2794429063797,9.077137918921
XKX,2017,national,consumption,3.957534819526809,1.32308566570282,9.360978975676
XKX,2017,national,income,8.868903669350129,3.463772058486938,10.935468581663
XKX,2018,national,income,10.21892780149992,3.423953771591187,9.381679477032
XKX,2019,national,income,6.235939153632938,2.813486814498901,12.632841379408
XKX,2020,national,income,9.940742508666224,6.355729579925537,17.902125792021
XKX,2021,national,income,11.89767901380847,5.058246612548828,11.904078813829
YEM,1998,national,consumption,6.033651625352988,1.49224579334259,6.92497446183
YEM,2005,national,consumption,6.950411813991642,1.428404569625854,5.75438240677
YEM,2014,national,consumption,8.445968110688952,1.496717214584351,4.961903747056
ZAF,1993,national,consumption,10.71302401070996,2.939598083496094,7.683054166487
ZAF,2000,national,consumption,11.99145693110037,2.810721874237061,6.563023527672
ZAF,2005,national,consumption,10.12750109185753,3.528534412384033,9.755512250914
ZAF,2008,national,consumption,7.772643686312999,3.415495157241821,12.30390406269
ZAF,2010,national,consumption,7.727838122002916,3.582820892333984,12.981506920191
ZAF,2014,national,consumption,8.395812278122026,3.662407636642456,12.214114442767
ZMB,1991,national,consumption,32.79204138943823,4.13090181350708,3.527235295718
ZMB,1993,national,consumption,23.51549765813445,2.658555746078491,3.165553205083
ZMB,1996,national,consumption,14.33248958448299,2.094691753387451,4.092197071994
ZMB,1998,national,consumption,15.16252972478968,2.194413900375366,4.05233085589
ZMB,2002,national,consumption,15.37270212276563,1.696348428726196,3.089746767516
ZMB,2004,national,consumption,21.33525969208006,2.507968425750732,3.291411312451
ZMB,2006,national,consumption,23.18147085377784,2.509230136871338,3.030801813908
ZMB,2010,national,consumption,21.01835458110222,2.274878263473511,3.030522345284
ZMB,2015,national,consumption,22.89412506609782,2.751591920852661,3.365255210792
ZMB,2022,national,consumption,22.85301976595635,2.332756519317627,2.858142302932
ZWE,2011,national,consumption,8.509817975523839,1.717278361320496,5.650390269733
ZWE,2017,national,consumption,9.633754498960172,1.741641163825989,5.06198840345
ZWE,2019,national,consumption,11.201323507172,2.066822528839111,5.166445861581
