country/economy code,year,"reporting data level: rural, urban, or national coverage",income or consumption used in survey,"Prosperity Gap, z=28/day","Inequality, z=ybar","Mean, $/day 2021 PPPs"
AGO,2000,national,consumption,9.609202419738001,2.875986576080322,8.380260818148001
AGO,2008,national,consumption,6.838755591522,1.807796239852905,7.401681958898
AGO,2018,national,consumption,10.964242149646,2.434865474700928,6.218052215342
ALB,1996,national,consumption,4.209428087499,1.269147515296936,8.442032597856
ALB,2002,national,consumption,4.429309760589,1.364912986755371,8.628333842450999
ALB,2005,national,consumption,3.860996724759,1.344995975494385,9.753929077405999
ALB,2008,national,consumption,3.450627986226,1.316423296928406,10.682071072609
ALB,2012,national,consumption,3.634575084492,1.314640998840332,10.127717460025
ALB,2014,national,consumption,3.839190183545,1.479709982872009,10.791827595527
ALB,2015,national,consumption,3.029822473087,1.410029768943787,13.030741705777
ALB,2016,national,consumption,3.038517368418,1.447189092636108,13.335877223746
ALB,2016,national,income,4.95816415233,1.87395167350769,10.582676521098
ALB,2017,national,income,4.54555479361,1.798551440238953,11.078832396219
ALB,2017,national,consumption,3.028759544798,1.428637862205505,13.207340743472
ALB,2018,national,consumption,2.701914762791,1.367429256439209,14.170698885466
ALB,2018,national,income,4.062998714908,1.682698011398315,11.596248899589
ALB,2019,national,consumption,2.551434412982,1.333290219306946,14.631818313763
ALB,2020,national,consumption,2.512495131662,1.33226466178894,14.847157669537
ARE,2013,national,income,.574808842861,1.5327467918396,74.662923281709
ARE,2018,national,income,.485331062752,1.407130360603333,81.18098022359899
ARG,1980,urban,income,1.394109201098,1.766507983207703,35.479446616861
ARG,1986,urban,income,2.397319418771,3.290042638778687,38.426751195005
ARG,1987,urban,income,2.362485903708,2.963577270507813,35.124087320527
ARG,1991,urban,income,2.67273790868,2.379152297973633,24.924353573378
ARG,1992,urban,income,3.056260313005,2.743726253509521,25.136711188063
ARG,1993,urban,income,3.084788729417,2.775161266326904,25.189574506685
ARG,1994,urban,income,3.387769846736,3.011034488677979,24.88627255791
ARG,1995,urban,income,4.164076339978,3.515842199325562,23.641156783668
ARG,1996,urban,income,4.816166410057,3.983744144439697,23.160503034754
ARG,1997,urban,income,4.184862295776,3.626927614212036,24.26698022729
ARG,1998,urban,income,4.110240501122,3.459010124206543,23.56365321875
ARG,1999,urban,income,4.459001542749,3.577045202255249,22.4618141485
ARG,2000,urban,income,4.750332016907,3.727355718612671,21.970245449563
ARG,2001,urban,income,6.38601090267,4.614911079406738,20.234463726807
ARG,2002,urban,income,6.683960141917,3.392637729644775,14.21221215811
ARG,2003,urban,income,4.178647783932,2.998393297195435,20.09143048403
ARG,2004,urban,income,3.467751681484,2.68218207359314,21.657000030013
ARG,2005,urban,income,3.03768615773,2.584425449371338,23.822049824862
ARG,2006,urban,income,2.675063769375,2.523067474365234,26.409047556263
ARG,2007,urban,income,2.563577645439,2.494079113006592,27.240919456524
ARG,2008,urban,income,2.422590708528,2.412328243255615,27.881386718032
ARG,2009,urban,income,2.266943377965,2.336231470108032,28.855805974706
ARG,2010,urban,income,2.061167197213,2.189151763916016,29.738611527974
ARG,2011,urban,income,1.878112493883,2.12175178527832,31.632317994989
ARG,2012,urban,income,1.855473125697,2.07738733291626,31.348795342755
ARG,2013,urban,income,1.85901543002,2.083046197891235,31.374293028925
ARG,2014,urban,income,1.958569211348,2.04683518409729,29.261862045082
ARG,2016,urban,income,1.935746481374,2.099107980728149,30.362976939534
ARG,2017,urban,income,1.821132650956,2.067561388015747,31.788854206097
ARG,2018,urban,income,2.045903798683,2.093378782272339,28.649738426926
ARG,2019,urban,income,2.181640760756,2.173870325088501,27.900270272614
ARG,2020,urban,income,2.43402796488,2.115760803222656,24.338792585339
ARG,2021,urban,income,2.184794682209,2.063437700271606,26.444706440931
ARG,2022,urban,income,2.1182537616,1.889494776725769,24.976164920963
ARG,2023,urban,income,2.25616377262,2.014606475830078,25.002166108131
ARG,2024,urban,income,2.133336660691,1.97668194770813,25.943909727437
ARM,1996,national,income,6.395968845264,1.777097105979919,7.779700173736
ARM,1999,national,consumption,7.057371098968,1.477742433547974,5.86291814573
ARM,2001,national,consumption,7.336791267141,1.459732294082642,5.570896405766
ARM,2002,national,consumption,6.844450152557,1.428456902503967,5.843682676151
ARM,2003,national,consumption,6.378513012806,1.368201494216919,6.006045835904
ARM,2004,national,consumption,5.673264068308,1.508772253990173,7.446440739557
ARM,2005,national,consumption,4.954477917003,1.451845407485962,8.205036226135
ARM,2006,national,consumption,4.648482013641,1.314834475517273,7.919868259221
ARM,2007,national,consumption,4.30618146789,1.356752634048462,8.821985935063999
ARM,2008,national,consumption,4.048958872194,1.303910851478577,9.017010602576001
ARM,2009,national,consumption,4.454571304077,1.274995088577271,8.014208292604
ARM,2010,national,consumption,4.479575752406,1.309008002281189,8.182074942536
ARM,2011,national,consumption,4.368818860722,1.303239345550537,8.352532837318
ARM,2012,national,consumption,4.235189393433,1.308779120445251,8.652698199084
ARM,2013,national,consumption,4.195761708837,1.345356702804565,8.978104855772999
ARM,2014,national,consumption,4.13253538512,1.359061241149902,9.208321225408
ARM,2015,national,consumption,3.928010423498,1.384833455085754,9.871495153213001
ARM,2016,national,consumption,3.778563825058,1.402408123016357,10.392156820555
ARM,2017,national,consumption,3.856619159577,1.392632246017456,10.110850974985
ARM,2018,national,consumption,3.937541612176,1.421500444412231,10.108340425185
ARM,2019,national,consumption,4.058038005268,1.31708288192749,9.087721708675
ARM,2020,national,consumption,3.971914796177,1.218495488166809,8.589779973334
ARM,2021,national,consumption,3.986770433529,1.273140788078308,8.941558378416
ARM,2022,national,consumption,4.03383126892,1.277099132537842,8.864717634701
ARM,2023,national,consumption,3.988693455026,1.260498762130737,8.848503041633
AUS,1981,national,income,1.323352549082,1.971529722213745,41.714381638434
AUS,1985,national,income,1.388917873768,2.138110637664795,43.103412771498
AUS,1989,national,income,1.279052243578,2.023581743240356,44.298649289365
AUS,1995,national,income,1.5396016389,2.242926359176636,40.791029659063
AUS,2001,national,income,1.423965656731,2.390034914016724,46.996199929082
AUS,2003,national,income,1.492732667749,2.583821058273315,48.466140135834
AUS,2004,national,income,1.159855588014,2.185050249099731,52.749161652118
AUS,2008,national,income,.938795748101,2.236144542694092,66.69400262994399
AUS,2010,national,income,.9153617305540001,2.172478914260864,66.453958052202
AUS,2014,national,income,.888996586298,2.255564451217651,71.04167371177
AUS,2016,national,income,.877269179377,2.174403429031372,69.400929557533
AUS,2018,national,income,.9250261771129999,2.322459936141968,70.299496994374
AUS,2020,national,income,1.142850079425,2.967786550521851,72.711221977694
AUT,1994,national,income,.660918425291,1.482200264930725,62.793843116719
AUT,1995,national,income,.645930548937,1.417775750160217,61.458188180154
AUT,1996,national,income,.64929458802,1.367357730865479,58.96555756068
AUT,1997,national,income,.668491222606,1.40637731552124,58.906631684949
AUT,1998,national,income,.673246706731,1.485183000564575,61.768031325149
AUT,1999,national,income,.620663424047,1.409904837608337,63.605060232624
AUT,2000,national,income,.628570828841,1.387699246406555,61.815754241409
AUT,2003,national,income,.800228746154,1.875053882598877,65.608127640031
AUT,2004,national,income,.6187162263480001,1.529927492141724,69.23686270441701
AUT,2005,national,income,.6563451887,1.551139831542969,66.17236709846
AUT,2006,national,income,.592534870594,1.433588862419128,67.74367275536
AUT,2007,national,income,.816125075245,2.056520700454712,70.556072278768
AUT,2008,national,income,.730689612741,1.872024655342102,71.73591989607
AUT,2009,national,income,.961004464774,2.549638748168945,74.286737264675
AUT,2010,national,income,.810746745365,2.172725200653076,75.03737019811901
AUT,2011,national,income,.824542638894,2.168260335922241,73.630260111989
AUT,2012,national,income,.953514888804,2.450093507766724,71.94708486850401
AUT,2013,national,income,.69524101904,1.873968958854675,75.471858921231
AUT,2014,national,income,.662553780258,1.7583327293396,74.30840748915401
AUT,2015,national,income,1.085561173562,2.870181798934937,74.03092043339601
AUT,2016,national,income,1.034348826662,2.858656406402588,77.38431931130999
AUT,2017,national,income,.727531968638,1.983781337738037,76.348366638158
AUT,2018,national,income,.954221509518,2.629174709320068,77.14863970755199
AUT,2019,national,income,.90409502427,2.541011333465576,78.695615933404
AUT,2020,national,income,1.050403374881,2.959883451461792,78.899915336934
AUT,2021,national,income,.877469668333,2.467999458312988,78.75369899501899
AUT,2022,national,income,.607514165038,1.78840708732605,82.42671819028099
AUT,2023,national,income,.810701790763,2.363521099090576,81.63123951861
AZE,1995,national,consumption,7.105008109412,1.557480216026306,6.137846158125
AZE,2001,national,consumption,5.544971981101,1.483954191207886,7.493404299686
AZE,2002,national,consumption,3.568582272472,1.205323219299316,9.457271410725999
AZE,2003,national,consumption,3.511682556399,1.235704302787781,9.852747253993
AZE,2004,national,consumption,3.378212992839,1.223315715789795,10.139337360526
AZE,2005,national,consumption,3.032300264102,1.220999479293823,11.274604137995
BDI,1992,national,consumption,19.313358495959,1.390512228012085,2.015928139458
BDI,1998,national,consumption,27.193422921674,1.798936486244202,1.852294268763
BDI,2006,national,consumption,16.914190401256,1.357027888298035,2.246444056831
BDI,2013,national,consumption,17.076461697186,1.561321377754211,2.560073515275
BDI,2020,national,consumption,16.375793866287,1.53062641620636,2.617127478681
BEL,1985,national,income,1.013873794028,1.435555100440979,39.645508888696
BEL,1988,national,income,1.316802445537,1.960620164871216,41.689902909776
BEL,1992,national,income,1.486933223593,2.382348537445068,44.861301918903
BEL,1995,national,income,1.04249267834,2.001541137695313,53.758795155086
BEL,1997,national,income,.953189430376,1.799492597579956,52.860210834251
BEL,2000,national,income,.933955335324,2.115731477737427,63.429675068732
BEL,2003,national,income,.804651105611,1.633922338485718,56.856723408531
BEL,2004,national,income,.645434166615,1.414217710494995,61.351097540573
BEL,2005,national,income,.739211243305,1.617844104766846,61.281043102162
BEL,2006,national,income,.719557738983,1.54816460609436,60.243407845302
BEL,2007,national,income,.681690795227,1.509312987327576,61.994034204514
BEL,2008,national,income,.655457981129,1.470698595046997,62.825631627486
BEL,2009,national,income,.646948930046,1.466643929481506,63.476461454597
BEL,2010,national,income,.690237557038,1.553232431411743,63.00802949075
BEL,2011,national,income,.685962576286,1.506000399589539,61.472759875116
BEL,2012,national,income,.710969654809,1.605256319046021,63.219544214366
BEL,2013,national,income,.712014349035,1.604268908500671,63.087954401588
BEL,2014,national,income,.624574386836,1.424130082130432,63.844506519155
BEL,2015,national,income,.617027087196,1.423573136329651,64.600156299042
BEL,2016,national,income,.6358518710660001,1.451147437095642,63.901875959863
BEL,2017,national,income,.659876486283,1.522631406784058,64.608577268259
BEL,2018,national,income,.607328522525,1.434240818023682,66.12359142941401
BEL,2019,national,income,.588693661409,1.438486218452454,68.418629339359
BEL,2020,national,income,.54532256417,1.32711386680603,68.14166597737599
BEL,2021,national,income,.535220924595,1.354074001312256,70.838175178675
BEL,2022,national,income,.533972526032,1.304250836372375,68.39120112056
BEL,2023,national,income,.530592859954,1.325034737586975,69.92361681550599
BEN,2003,national,consumption,14.998712209814,1.550835967063904,2.895142269667
BEN,2011,national,consumption,15.383886948264,1.727642774581909,3.144458658033
BEN,2015,national,consumption,21.505451102906,2.424146890640259,3.156228300569
BEN,2018,national,consumption,8.784156712376999,1.534003853797913,4.889724541559
BEN,2021,national,consumption,7.677359537598,1.444121599197388,5.266837511912
BFA,1994,national,consumption,30.467982730026,1.877686738967896,1.725589466892
BFA,1998,national,consumption,26.527453576924,1.975492000579834,2.085152088521
BFA,2003,national,consumption,16.351851514346,1.772277116775513,3.034748735544
BFA,2009,national,consumption,14.576993191521,1.596959471702576,3.067495764776
BFA,2014,national,consumption,11.161873740416,1.412683486938477,3.54377207572
BFA,2018,national,consumption,10.165257914065,1.681536316871643,4.631758202829
BFA,2021,national,consumption,9.414462801309,1.503656387329102,4.472095852488
BGD,1983,national,consumption,9.994564885620999,1.233114838600159,3.454599223698
BGD,1985,national,consumption,9.065553655689,1.234706282615662,3.813531544899
BGD,1988,national,consumption,10.184853750357,1.273735284805298,3.501728198152
BGD,1991,national,consumption,10.31152894236,1.260746717453003,3.423440760237
BGD,1995,national,consumption,9.165298452150999,1.360483646392822,4.156279550776
BGD,2000,national,consumption,8.950449489225001,1.371992349624634,4.29205094892
BGD,2005,national,consumption,7.962667766835,1.362407326698303,4.790782031515
BGD,2010,national,consumption,7.335757512974,1.343437552452087,5.12779375429
BGD,2016,national,consumption,6.760531143487,1.356920957565308,5.619941051066
BGD,2022,national,consumption,4.961904595172,1.330896615982056,7.510242041416
BGR,1989,national,consumption,1.195287181847,1.185917258262634,27.780506293205
BGR,1992,national,income,1.589253549892,1.340605854988098,23.619240879314
BGR,1994,national,consumption,2.100266935504,1.202929735183716,16.037024118456
BGR,1995,national,consumption,2.761872747286,1.464781165122986,14.850022442746
BGR,1997,national,consumption,4.110752125075,1.225447773933411,8.347021816839
BGR,2001,national,consumption,3.54841356524,1.493665337562561,11.786289417743
BGR,2003,national,consumption,3.37193568617,1.329410076141357,11.039202772225
BGR,2006,national,income,5.068126119082,2.226314067840576,12.299771598121
BGR,2007,national,consumption,2.568377023017,1.348694562911987,14.703233808497
BGR,2007,national,income,2.816427207941,1.750945806503296,17.407331135929
BGR,2008,national,income,2.391003751787,1.634404182434082,19.139792655919
BGR,2009,national,income,2.240257336967,1.597992539405823,19.972612802858
BGR,2010,national,income,2.54215831113,1.736475706100464,19.125999923264
BGR,2011,national,income,2.890506339737,1.829481363296509,17.721973539752
BGR,2012,national,income,2.802397719076,1.864641070365906,18.630456809773
BGR,2013,national,income,2.631901674201,1.955483555793762,20.803794128732
BGR,2014,national,income,2.458103075567,1.946627616882324,22.17383559327
BGR,2015,national,income,3.019812069285,2.282477140426636,21.163356598862
BGR,2016,national,income,2.34051089711,2.113988637924194,25.290069069443
BGR,2017,national,income,2.118446448439,1.904052019119263,25.166298822923
BGR,2018,national,income,1.807275136617,1.883574843406677,29.182106837764
BGR,2019,national,income,1.806526357183,1.945193648338318,30.149253859106
BGR,2020,national,income,1.470390602184,1.782403230667114,33.94151842188
BGR,2021,national,income,1.562158625717,1.868087768554688,33.483447499818
BGR,2022,national,income,1.46872006637,1.857440233230591,35.410645109638
BGR,2023,national,income,1.402630811124,1.97428286075592,39.411597508498
BIH,2001,national,consumption,2.609915295811,1.348550796508789,14.467681348604
BIH,2004,national,consumption,1.892835995549,1.479736804962158,21.889181569883
BIH,2007,national,consumption,1.695307076752,1.44420599937439,23.852769854395
BIH,2011,national,consumption,1.786580386415,1.451388955116272,22.746745908976
BLR,1993,national,income,4.927724742402,1.156376242637634,6.570686269098
BLR,1995,national,income,3.733452766476,1.308030366897583,9.809914197507
BLR,1998,national,consumption,9.340360596216,1.403514862060547,4.207376705649
BLR,1999,national,consumption,8.906750032825,1.419980883598328,4.463969948545
BLR,2000,national,consumption,7.92835210337,1.403090476989746,4.955195334111
BLR,2001,national,consumption,6.247881339642,1.372579216957092,6.151239946472
BLR,2002,national,consumption,5.653607673571,1.364326357841492,6.756948641531
BLR,2003,national,consumption,5.34628568513,1.331178069114685,6.971753773748
BLR,2004,national,consumption,4.516765569661,1.263036012649536,7.829720001671
BLR,2005,national,consumption,3.768740180667,1.296102643013,9.629444343518999
BLR,2006,national,consumption,3.288677142355,1.307729363441467,11.13408850165
BLR,2007,national,consumption,2.915118020397,1.33216655254364,12.79559285189
BLR,2008,national,consumption,2.719351872733,1.291316747665405,13.296135310488
BLR,2009,national,consumption,2.687855934311,1.289063692092896,13.428466843576
BLR,2010,national,consumption,2.407307812536,1.302483439445496,15.149511426031
BLR,2011,national,consumption,2.297057113452,1.27313768863678,15.518923834469
BLR,2012,national,consumption,2.022306745247,1.255212545394897,17.379140093971
BLR,2013,national,consumption,1.814601916795,1.255618333816528,19.374669638484
BLR,2014,national,consumption,1.756360422038,1.265668272972107,20.177357742614
BLR,2015,national,consumption,1.919054914523,1.238768339157104,18.074268881683
BLR,2016,national,consumption,1.981871911099,1.229042172431946,17.363978377852
BLR,2017,national,consumption,1.929947273038,1.22908079624176,17.831710828015
BLR,2018,national,consumption,1.769633595533,1.223578095436096,19.36004507197
BLR,2019,national,consumption,1.682588821801,1.2262362241745,20.405825177586
BLR,2020,national,consumption,1.645069737088,1.207199931144714,20.547213299425
BLZ,1993,national,income,7.964541578016,3.646639585494995,12.820061303585
BLZ,1994,national,income,7.971454802295,3.548440933227539,12.464016543087
BLZ,1995,national,consumption,6.638635619937,3.751184701919556,15.821499921738
BLZ,1996,national,income,8.923306664865001,3.193468570709229,10.020626377448
BLZ,1997,national,income,11.021379877338,4.076838970184326,10.357277133388
BLZ,1998,national,income,8.925428948647999,3.007150888442993,9.433745731597
BLZ,1999,national,income,9.145543165471,3.088909387588501,9.457006493012001
BLZ,2018,national,consumption,2.3958578841,1.70475697517395,19.923216493468
BOL,1990,urban,income,3.866650966324,1.723683953285217,12.481900423753
BOL,1992,urban,income,6.316047314414,2.384343862533569,10.570159508263
BOL,1997,national,income,8.658268027329999,4.724880695343018,15.279805747141
BOL,1999,national,income,12.920221817571,6.174591541290283,13.381238446728
BOL,2000,national,income,14.695968178845,6.558383464813232,12.495586068227
BOL,2001,national,income,10.046721371742,4.649216175079346,12.957267089059
BOL,2002,national,income,11.3051627142,5.228936195373535,12.950739123146
BOL,2004,national,income,6.045305203994,3.216447591781616,14.897599141427
BOL,2005,national,income,8.294484107341001,4.694735527038574,15.848194429456
BOL,2006,national,income,7.151030282021,4.3116135597229,16.882207709886
BOL,2007,national,income,5.941103980715,3.568377256393433,16.817507398651
BOL,2008,national,income,5.027483626647,3.166460514068604,17.635242245112
BOL,2009,national,income,4.760084474367,3.169278144836426,18.642482140448
BOL,2011,national,income,3.687170220457,2.696886539459229,20.479885058611
BOL,2012,national,income,4.146970175874,3.104569673538208,20.961797707205
BOL,2013,national,income,3.599878641023,2.970882654190063,23.107644125755
BOL,2014,national,income,3.290808178296,2.730804204940796,23.23517913781
BOL,2015,national,income,3.613877533595,2.891008138656616,22.399271956982
BOL,2016,national,income,3.806266631741,2.9011549949646,21.341736254782
BOL,2017,national,income,3.411709214492,2.627391338348389,21.563080226972
BOL,2018,national,income,3.060131839038,2.315403461456299,21.185785019174
BOL,2019,national,income,2.5150961925,1.990375876426697,22.158407027688
BOL,2020,national,income,2.66168066409,2.104937314987183,22.143245162844
BOL,2021,national,income,2.462967010815,1.943352341651917,22.092811154598
BOL,2022,national,income,2.635222833595,2.044160604476929,21.719793397578
BOL,2023,national,income,2.359819082326,1.932726502418518,22.932410922947
BRA,1981,national,income,9.928946088089001,3.420699596405029,9.646501115472001
BRA,1982,national,income,9.857899883293999,3.46092963218689,9.830291494318001
BRA,1983,national,income,11.510541870282,3.412986040115356,8.302268546261001
BRA,1984,national,income,11.249886196915,3.314599514007568,8.24975358929
BRA,1985,national,income,10.180681246618,3.164821863174438,8.704231767074999
BRA,1986,national,income,6.607576076716,3.672873020172119,15.564019377408
BRA,1987,national,income,8.831714786947,3.855102777481079,12.222187640995
BRA,1988,national,income,9.785231650987001,4.211236476898193,12.05026339617
BRA,1989,national,income,9.123620945488,4.55848503112793,13.98979382192
BRA,1990,national,income,9.630210170567,3.773185729980469,10.970601839009
BRA,1992,national,income,10.406901280431,3.247293710708618,8.736916051476999
BRA,1993,national,income,9.94686920915,3.903974533081055,10.989516603158
BRA,1995,national,income,7.478863233217,3.934513092041016,14.730362330931
BRA,1996,national,income,8.048682943349,4.257483959197998,14.81106241436
BRA,1997,national,income,7.940816181731,4.151780605316162,14.639534947379
BRA,1998,national,income,7.359030252615,3.964767694473267,15.085343199931
BRA,1999,national,income,7.56699940764,3.823254585266113,14.147104316779
BRA,2001,national,income,6.611999664958,3.741547584533691,15.844425296044
BRA,2002,national,income,6.109684332102,3.510443925857544,16.08797194327
BRA,2003,national,income,6.44493805476,3.522285461425781,15.3025508943
BRA,2004,national,income,5.96501279441,3.276363134384155,15.379374962575
BRA,2005,national,income,5.58130099295,3.220518350601196,16.156539634436
BRA,2006,national,income,5.066011793605,3.140029430389404,17.355037547984
BRA,2007,national,income,5.099719062334,3.268600940704346,17.946248867716
BRA,2008,national,income,4.535029394486,3.062572956085205,18.908817626581
BRA,2009,national,income,4.370471119642,3.041984796524048,19.488876702232
BRA,2011,national,income,4.039483102674,3.026757955551147,20.980214143526
BRA,2012,national,income,3.652315812714,2.935497045516968,22.504602646373
BRA,2013,national,income,3.328714320942,2.789038419723511,23.460431498904
BRA,2014,national,income,3.183223180289,2.723038673400879,23.952164477308
BRA,2015,national,income,3.348716574348,2.778903484344482,23.235558462455
BRA,2016,national,income,3.615323158561,2.998565196990967,23.223325449937
BRA,2017,national,income,3.725452758737,3.084985494613647,23.186334364087
BRA,2018,national,income,3.677405063146,3.151150465011597,23.993064113868
BRA,2019,national,income,3.704445406046,3.189772367477417,24.109850117652
BRA,2020,national,income,2.66909725303,2.289737939834595,24.02035531894
BRA,2021,national,income,3.788005412018,2.962471961975098,21.897861469171
BRA,2022,national,income,3.209155308198,2.792077302932739,24.360979280819
BRA,2023,national,income,2.993853048462,2.730041742324829,25.532705148945
BRB,2016,national,consumption,2.809121611659,1.847780227661133,18.417801807422
BTN,2003,national,consumption,6.580869924578,1.613633751869202,6.865618794373
BTN,2007,national,consumption,5.275426677114,1.564465999603271,8.303602868472
BTN,2012,national,consumption,3.876730783536,1.572789430618286,11.359598039071
BTN,2017,national,consumption,3.528599481069,1.555484294891357,12.34301654912
BTN,2022,national,consumption,2.017121442578,1.302029967308044,18.073696454173
BWA,1985,national,consumption,12.923000090836,2.440651655197144,5.288109819325
BWA,1993,national,consumption,10.753493228451,2.842566967010498,7.401490162202
BWA,2002,national,consumption,9.36339470901,3.359291553497314,10.045519246834
BWA,2009,national,consumption,6.622089750476,2.764364004135132,11.688483934382
BWA,2015,national,consumption,6.385478395448,2.530253887176514,11.095035628769
CAF,1992,national,consumption,44.707341679904,2.910173177719116,1.82262796052
CAF,2008,national,consumption,19.744366648711,2.632960319519043,3.733869435394
CAF,2021,national,consumption,18.225404907534,1.791887044906616,2.75290659881
CAN,1971,national,income,2.550953218138,3.283612728118896,36.041882448869
CAN,1973,national,income,2.187618408848,3.161369562149048,40.463340168364
CAN,1975,national,income,2.007529376617,3.236536502838135,45.141567031806
CAN,1977,national,income,1.774747758267,3.025737524032593,47.736728185948
CAN,1979,national,income,1.686731084764,2.983514547348022,49.526807700055
CAN,1981,national,income,1.350166318575,2.507843255996704,52.008119706192
CAN,1982,national,income,1.23599496139,2.250202655792236,50.975671696202
CAN,1984,national,income,1.311080046052,2.390826940536499,51.05954986595
CAN,1985,national,income,1.147220764543,2.148497581481934,52.437975627727
CAN,1986,national,income,1.561666520979,2.8922438621521,51.856673192253
CAN,1987,national,income,1.259800870265,2.383459806442261,52.974145888728
CAN,1988,national,income,1.236144436589,2.396107912063599,54.274417473251
CAN,1989,national,income,1.817309394419,3.575446128845215,55.088302303515
CAN,1990,national,income,1.698864797968,3.325200080871582,54.804596331022
CAN,1991,national,income,1.809222810829,3.42765212059021,53.047229718567
CAN,1992,national,income,1.380385070512,2.643614053726196,53.623582073574
CAN,1993,national,income,1.786840904135,3.317355871200562,51.983341844235
CAN,1994,national,income,1.493108896597,2.831066846847534,53.090483448561
CAN,1995,national,income,1.351566179607,2.555840253829956,52.948594744704
CAN,1996,national,income,.890445864227,1.619138836860657,50.913694380747
CAN,1997,national,income,.892991624466,1.650081396102905,51.738760836684
CAN,1998,national,income,.898490083607,1.720467686653137,53.615613144836
CAN,1999,national,income,.874120278175,1.7162024974823,54.973750716198
CAN,2000,national,income,.807419561612,1.635600209236145,56.719960892754
CAN,2001,national,income,.7740903451709999,1.627691626548767,58.876030405619
CAN,2002,national,income,.76378506622,1.619833827018738,59.382342798415
CAN,2003,national,income,.766568718705,1.628106832504272,59.468891163067
CAN,2004,national,income,.761460223636,1.653446793556213,60.799645529425
CAN,2005,national,income,.754999002144,1.679306268692017,62.278988411851
CAN,2006,national,income,.725730501756,1.660090923309326,64.049322586551
CAN,2007,national,income,.6664999458200001,1.584895730018616,66.58227383893799
CAN,2008,national,income,.674779044187,1.632892608642578,67.756985321822
CAN,2009,national,income,.689129816932,1.675411581993103,68.073564262641
CAN,2010,national,income,.6611140161820001,1.606902599334717,68.05675125532299
CAN,2011,national,income,.643705971501,1.573244452476501,68.43317614135999
CAN,2012,national,income,.663641076023,1.63880455493927,69.14359382392
CAN,2013,national,income,.695669564382,1.750948429107666,70.47391340148999
CAN,2014,national,income,.648700175014,1.639796376228333,70.778922797267
CAN,2015,national,income,.6703133929140001,1.707755088806152,71.33550111022301
CAN,2016,national,income,.647535012924,1.635578274726868,70.72388382423
CAN,2017,national,income,.627886053862,1.6437087059021,73.29967320266
CAN,2018,national,income,.607883043982,1.597243309020996,73.571409375588
CAN,2019,national,income,.595474085638,1.564517140388489,73.565721583018
CAN,2020,national,income,.5049980427039999,1.40302848815918,77.791978493158
CAN,2021,national,income,.5464287203,1.516924262046814,77.729954278859
CHE,1982,national,income,1.033878420355,2.982370138168335,80.770001212162
CHE,1992,national,income,1.048597916391,2.869627475738525,76.62571634230601
CHE,2000,national,income,.55555724815,1.503236889839172,75.762909230164
CHE,2002,national,income,.501579786534,1.402352929115295,78.28441869504999
CHE,2004,national,income,.5365169229159999,1.449434995651245,75.64380084427999
CHE,2006,national,income,.5505920125879999,1.559092044830322,79.286613238161
CHE,2007,national,income,.52803521155,1.534337162971497,81.360937051866
CHE,2008,national,income,.525785262345,1.5385502576828,81.933463509766
CHE,2009,national,income,.504947207868,1.471332907676697,81.587383712239
CHE,2010,national,income,.515197660257,1.506862759590149,81.895087561804
CHE,2011,national,income,.475935690009,1.411800146102905,83.058291698872
CHE,2012,national,income,.455944679923,1.385938405990601,85.111807592076
CHE,2013,national,income,.472266308541,1.428846478462219,84.714285561192
CHE,2014,national,income,.465823195381,1.426352620124817,85.736116846494
CHE,2015,national,income,.470033289415,1.432627320289612,85.341964250819
CHE,2016,national,income,.489906092118,1.520185470581055,86.884391714275
CHE,2017,national,income,.4648630392,1.437849760055542,86.605711418822
CHE,2018,national,income,.495612623987,1.505637884140015,85.06211767254
CHE,2019,national,income,.476729053586,1.489006519317627,87.45467192196701
CHE,2020,national,income,.477400110656,1.507429599761963,88.412271337135
CHE,2021,national,income,.46572231316,1.488774061203003,89.507574629703
CHE,2022,national,income,.482939055759,1.50728178024292,87.389680666464
CHL,1987,national,income,7.400980923153,2.951489686965942,11.166318929049
CHL,1990,national,income,6.297265964601,2.999257802963257,13.335822571172
CHL,1992,national,income,5.159871534857,2.619214296340942,14.213144863576
CHL,1994,national,income,5.218031395923,2.971713304519653,15.94623797373
CHL,1996,national,income,4.429454966388,2.731128215789795,17.264334291332
CHL,1998,national,income,4.338033787677,2.86841082572937,18.514264520491
CHL,2000,national,income,4.844065827422,2.758919954299927,15.947297856092
CHL,2003,national,income,4.814099485635,2.699899196624756,15.703285039332
CHL,2006,national,income,3.282266113712,2.128570079803467,18.158175666237
CHL,2009,national,income,3.034214816856,2.124569654464722,19.605713760475
CHL,2011,national,income,2.668169886924,2.002276420593262,21.012056612852
CHL,2013,national,income,2.169834535582,1.990505933761597,25.68590684526
CHL,2015,national,income,2.01215933808,1.936550617218018,26.94787406764
CHL,2017,national,income,1.876618562763,1.972812414169312,29.435256235866
CHL,2020,national,income,2.509407070864,2.647208690643311,29.53759340378
CHL,2022,national,income,1.68620756398,1.973333120346069,32.767809609865
CHN,1981,national,income,27.485211918381,1.290212512016296,1.314377780717
CHN,1981,rural,income,30.684363972828,1.218483924865723,1.111887176927
CHN,1981,urban,income,14.782425116542,1.118396997451782,2.11840176135
CHN,1984,national,income,20.362233565899,1.269431471824646,1.745588449709
CHN,1984,urban,income,12.731821990967,1.103975534439087,2.427878335378
CHN,1984,rural,income,22.539927158507,1.248442530632019,1.550865229627
CHN,1987,rural,income,19.600065851775,1.319569945335388,1.885093604745
CHN,1987,national,income,17.473787684632,1.337079048156738,2.142535622369
CHN,1987,urban,income,10.835161427165,1.140136122703552,2.946316315002
CHN,1990,rural,consumption,20.384714305948,1.311677098274231,1.80169104506
CHN,1990,urban,consumption,11.497405253091,1.230246782302856,2.996059531909
CHN,1990,national,consumption,18.034732043842,1.363880395889282,2.117505960668
CHN,1993,rural,consumption,19.327781899187,1.269950151443481,1.839766427144
CHN,1993,national,consumption,16.508479721777,1.409352779388428,2.390400389246
CHN,1993,urban,consumption,9.640456953085,1.284860968589783,3.731784303044
CHN,1996,rural,consumption,15.210250118576,1.383276581764221,2.546423800033
CHN,1996,urban,consumption,8.317869119749,1.295882940292358,4.362261691724
CHN,1996,national,consumption,13.010477798994,1.452511429786682,3.125966621546
CHN,1999,national,consumption,12.812578252627,1.572477340698242,3.436417420515
CHN,1999,rural,consumption,15.65105715495,1.429362297058105,2.557152814114
CHN,1999,urban,consumption,7.509715119375,1.362226009368896,5.079064777108
CHN,2002,rural,consumption,14.219815381542,1.505134582519531,2.963735168962
CHN,2002,national,consumption,11.050995299471,1.721561074256897,4.361933907718
CHN,2002,urban,consumption,5.973048739943,1.408468127250671,6.602508724607
CHN,2005,rural,consumption,10.75511597614,1.457385420799255,3.794174885239
CHN,2005,urban,consumption,4.940090919349,1.449012756347656,8.212876314068
CHN,2005,national,consumption,8.282451023283,1.678111910820007,5.67309510545
CHN,2008,rural,consumption,10.007606597996,1.565588116645813,4.380314831402
CHN,2008,urban,consumption,4.085632863485,1.456240057945251,9.980025586611999
CHN,2008,national,consumption,7.251579243724,1.80936336517334,6.986364217867
CHN,2010,national,consumption,6.305942582749,1.848913669586182,8.209650052878001
CHN,2010,rural,consumption,8.964762379897,1.594653487205505,4.980644772298
CHN,2010,urban,consumption,3.563511418262,1.468700885772705,11.540197208107
CHN,2011,national,consumption,5.66441690057,1.781709432601929,8.807237481368
CHN,2011,rural,consumption,8.016563896152,1.5409996509552,5.38235466213
CHN,2011,urban,consumption,3.359861405521,1.459478616714478,12.162823903448
CHN,2012,national,consumption,5.200812617147,1.787093281745911,9.621306410442999
CHN,2012,urban,consumption,3.125668102031,1.456810355186462,13.050230491407
CHN,2012,rural,consumption,7.427823210787,1.576142191886902,5.941442093793
CHN,2013,rural,consumption,5.535708970307,1.414031624794006,7.152270235084
CHN,2013,urban,consumption,3.023758131008,1.520056366920471,14.075721605069
CHN,2013,national,consumption,4.204048472224,1.624954700469971,10.822599508838
CHN,2014,urban,consumption,2.873036005088,1.527866959571838,14.890267911734
CHN,2014,national,consumption,3.872191089258,1.612400889396667,11.659348318609
CHN,2014,rural,consumption,5.057411256053,1.413683533668518,7.826759044271
CHN,2015,rural,consumption,4.625014467675,1.394965887069702,8.445172241748001
CHN,2015,national,consumption,3.550457477787,1.582593441009521,12.48081892226
CHN,2015,urban,consumption,2.688875747178,1.509285926818848,15.71660770213
CHN,2016,urban,consumption,2.534131220535,1.503002285957336,16.606899815095
CHN,2016,national,consumption,3.320306864759,1.577541708946228,13.303338959815
CHN,2016,rural,consumption,4.351290160317,1.394134759902954,8.971080535604001
CHN,2017,national,consumption,3.18165242258,1.596492290496826,14.049864366983
CHN,2017,rural,consumption,4.147722742683,1.418795466423035,9.577851813553
CHN,2017,urban,consumption,2.480934750791,1.532290816307068,17.29353944887
CHN,2018,rural,consumption,3.782837619675,1.402662754058838,10.382300425575
CHN,2018,urban,consumption,2.37566668583,1.535047888755798,18.092328026884
CHN,2018,national,consumption,2.950467869078,1.574594736099243,14.942935951202
CHN,2019,urban,consumption,2.260645185917,1.528681635856628,18.93401373699
CHN,2019,rural,consumption,3.466840474382,1.369259595870972,11.058849802738
CHN,2019,national,consumption,2.739408219465,1.546611547470093,15.808203670444
CHN,2020,rural,consumption,3.366257116831,1.328017234802246,11.046239578549
CHN,2020,national,consumption,2.746475783609,1.490179300308228,15.192203511149
CHN,2020,urban,consumption,2.357301374775,1.498195171356201,17.795545974003
CHN,2021,rural,consumption,2.890698069442,1.314241051673889,12.730056788931
CHN,2021,urban,consumption,2.076666380342,1.466439247131348,19.772217306337
CHN,2021,national,consumption,2.381830580074,1.457361459732056,17.132252170575
CHN,2022,national,consumption,2.403642825616,1.468737244606018,17.109298793196
CHN,2022,urban,consumption,2.126468000012,1.476373434066772,19.439962028849
CHN,2022,rural,consumption,2.887101440208,1.34498393535614,13.044069505102
CIV,1985,national,consumption,5.984243931039,2.103842496871948,9.843781177659
CIV,1986,national,consumption,5.319569168305,1.550243616104126,8.159837515516999
CIV,1987,national,consumption,6.230598473623,1.65951406955719,7.457773757711
CIV,1988,national,consumption,7.314096690014,1.539321899414063,5.892868714322
CIV,1992,national,consumption,10.005406744312,1.69780695438385,4.751290649716
CIV,1995,national,consumption,9.235938708614,1.628499627113342,4.937017400849
CIV,1998,national,consumption,10.534697549361,1.61374843120575,4.289155505081
CIV,2002,national,consumption,10.551175684857,1.718775868415833,4.561171648967
CIV,2008,national,consumption,12.143345517633,1.897984862327576,4.376353674571
CIV,2015,national,consumption,11.564630175673,1.779368996620178,4.308164817838
CIV,2018,national,consumption,6.878634637358,1.524301767349243,6.204785248105
CIV,2021,national,consumption,6.710200906804,1.455066204071045,6.071629413816
CMR,1996,national,consumption,11.516549021128,1.733955979347229,4.215739087821
CMR,2001,national,consumption,7.970361224654,1.698491454124451,5.966826360885
CMR,2007,national,consumption,8.519441614788001,1.715352058410645,5.637676559767
CMR,2014,national,consumption,7.826141112771,2.050983428955078,7.337912560066
CMR,2021,national,consumption,7.308449222486,1.788948535919189,6.853787582893
COD,2004,national,consumption,41.362229038042,1.661168217658997,1.124521392454
COD,2012,national,consumption,21.868166579097,1.769743204116821,2.26597916622
COD,2020,national,consumption,26.06788284023,1.816099524497986,1.950706381655
COG,2005,national,consumption,12.850937675039,1.965373396873474,4.282213098842
COG,2011,national,consumption,10.563856247069,2.188250303268433,5.800060932361
COL,1980,urban,income,8.295779645670001,2.871366262435913,9.691464382698999
COL,1988,urban,income,6.459230803996,2.54790210723877,11.044853496108
COL,1989,urban,income,6.268033881352,2.419851541519165,10.809743962945
COL,1991,urban,income,5.983670568943,2.386681795120239,11.168243697869
COL,1992,national,income,8.256876454313,3.264107942581177,11.068958465948
COL,1996,national,income,11.772159914814,4.22386360168457,10.04642956827
COL,1999,national,income,13.211407302727,4.535341739654541,9.612114919182
COL,2000,national,income,13.941172158335,5.340480804443359,10.726032365093
COL,2001,national,income,12.384910783243,3.949573755264282,8.929258085483999
COL,2002,national,income,7.370851136753,2.962317705154419,11.253095817101
COL,2003,national,income,7.282603711352,2.776331186294556,10.674379143767
COL,2004,national,income,6.699081885841,2.708105564117432,11.31900690088
COL,2005,national,income,6.365783885349,2.713118314743042,11.933693492126
COL,2008,national,income,6.687670360939,3.224857330322266,13.501862546984
COL,2009,national,income,6.177754010551,3.004542112350464,13.61776113236
COL,2010,national,income,5.613107917636,2.948535442352295,14.708249663584
COL,2011,national,income,5.171020346141,2.818382263183594,15.260953475109
COL,2012,national,income,5.10892147937,2.823461532592773,15.474287755635
COL,2013,national,income,4.894067287687,2.839929103851318,16.247838124655
COL,2014,national,income,4.650428634293,2.825624227523804,17.012942825234
COL,2015,national,income,4.482599815991,2.666844367980957,16.658109952248
COL,2016,national,income,4.512822358438,2.645554065704346,16.414454205067
COL,2017,national,income,4.389806503209,2.554185390472412,16.291650044354
COL,2018,national,income,4.437879220716,2.625957012176514,16.568002523562
COL,2019,national,income,4.635899418602,2.749658584594727,16.607443894695
COL,2020,national,income,6.822887630373,3.548802852630615,14.563698346165
COL,2021,national,income,5.297240681491,3.219953775405884,17.019937271439
COL,2022,national,income,4.890169289338,3.230201721191406,18.495402368818
COL,2023,national,income,4.589687720411,3.144290685653687,19.182162649579
COM,2004,national,consumption,7.862969927161,2.42790961265564,8.645775269389
COM,2014,national,consumption,9.046701101915,2.065674543380737,6.393367776383
CPV,2001,national,consumption,9.479297366335,2.299024105072021,6.790869615098
CPV,2007,national,consumption,7.259939021878,1.965728402137756,7.581385274354
CPV,2015,national,consumption,5.65009634478,1.760746121406555,8.725672958405999
CRI,1981,national,income,11.064516804696,2.572317123413086,6.50953690322
CRI,1986,national,income,8.291773521354999,1.996652603149414,6.742378341452
CRI,1989,national,income,8.207354443207,3.183627605438232,10.86118223867
CRI,1990,national,income,7.778602485376,3.112807273864746,11.204918451658
CRI,1991,national,income,8.326769242378999,3.056458950042725,10.277798150029
CRI,1992,national,income,7.489194580273,2.92048454284668,10.918873001756
CRI,1993,national,income,7.139631208593,3.225708723068237,12.650491446978
CRI,1994,national,income,6.03430760996,3.07910943031311,14.287482620821
CRI,1995,national,income,6.225128331592,3.030651092529297,13.631563286345
CRI,1996,national,income,6.722769595938,3.101305723190308,12.916783614543
CRI,1997,national,income,5.687101087074,2.767624139785767,13.626182467374
CRI,1998,national,income,4.950205540758,2.707081079483032,15.312146494323
CRI,1999,national,income,5.495976147285,2.927995443344116,14.917072464354
CRI,2000,national,income,5.716550623687,3.020158529281616,14.792913063143
CRI,2001,national,income,4.342680792036,3.126672506332397,20.159628181532
CRI,2002,national,income,4.274032583579,3.127378463745117,20.488050135137
CRI,2003,national,income,4.055457668604,2.908495664596558,20.081057205465
CRI,2004,national,income,4.019948010627,2.694984197616577,18.771276165466
CRI,2005,national,income,3.464176625967,2.413966655731201,19.511437416895
CRI,2006,national,income,3.526735008252,2.557916641235352,20.308207103931
CRI,2007,national,income,2.954943227057,2.386142015457153,22.610240391161
CRI,2008,national,income,3.071412498099,2.497726202011108,22.7700883232
CRI,2009,national,income,3.104769136238,2.759883880615234,24.889691470407
CRI,2010,national,income,2.647376360609,2.401941776275635,25.404159576049
CRI,2011,national,income,2.673645170628,2.50224494934082,26.204993942124
CRI,2012,national,income,2.503306160246,2.419897556304932,27.067058449393
CRI,2013,national,income,2.481349109168,2.472312688827515,27.898031651709
CRI,2014,national,income,2.518155729259,2.45177960395813,27.261946859985
CRI,2015,national,income,2.521638374831,2.456796646118164,27.280005468349
CRI,2016,national,income,2.397608119695,2.425289154052734,28.323266246225
CRI,2017,national,income,2.263503640778,2.32610011100769,28.774330454213
CRI,2018,national,income,2.437465953046,2.446479320526123,28.103540962942
CRI,2019,national,income,2.30447787571,2.302724599838257,27.97869648155
CRI,2020,national,income,3.008995327171,2.608272790908813,24.271103693195
CRI,2021,national,income,2.359468993706,2.325619459152222,27.598305756989
CRI,2022,national,income,2.305634068306,2.207603216171265,26.809498525425
CRI,2023,national,income,2.140405481891,2.184595108032227,28.578073817868
CRI,2024,national,income,1.953855527463,2.14465856552124,30.73432952841
CYP,2004,national,income,.8015465770969999,1.427954792976379,49.881984445996
CYP,2005,national,income,.705554366502,1.342062830924988,53.259906579229
CYP,2006,national,income,.641776429978,1.340935230255127,58.503530459703
CYP,2007,national,income,.646168914677,1.352690696716309,58.615228203706
CYP,2008,national,income,.656955904861,1.364676117897034,58.163618283248
CYP,2009,national,income,.757755379853,1.55691659450531,57.529996950883
CYP,2010,national,income,.677055973774,1.412944674491882,58.433057179021
CYP,2011,national,income,.67536294298,1.402926921844482,58.164213942711
CYP,2012,national,income,.725792179813,1.423898339271545,54.931915449807
CYP,2013,national,income,.822803615084,1.54929256439209,52.722413782911
CYP,2014,national,income,.893085366844,1.567267894744873,49.136960951915
CYP,2015,national,income,.801144082636,1.432500004768372,50.065902740111
CYP,2016,national,income,.773151313756,1.428669333457947,51.739862194856
CYP,2017,national,income,.727499568051,1.372221231460571,52.814042990439
CYP,2018,national,income,.702446323898,1.426592469215393,56.864968716631
CYP,2019,national,income,.819514901363,1.676124334335327,57.267392395227
CYP,2020,national,income,.655856733534,1.376599550247192,58.770130616849
CYP,2021,national,income,.633135419924,1.363542199134827,60.301764628637
CYP,2022,national,income,.636393650984,1.353232383728027,59.539417447658
CYP,2023,national,income,.607924670448,1.3759765625,63.375191385565
CZE,1992,national,income,1.542588006317,1.148994207382202,20.855754885962
CZE,1993,national,income,1.513749894583,1.221642136573792,22.59685115289
CZE,1996,national,income,1.371759485213,1.253291249275208,25.581857125907
CZE,2002,national,income,1.246778756521,1.25819993019104,28.256495801109
CZE,2004,national,income,1.194996741787,1.297889828681946,30.410891421468
CZE,2005,national,income,1.146638842235,1.278698444366455,31.224788848357
CZE,2006,national,income,1.095600303151,1.28916072845459,32.946776880074
CZE,2007,national,income,1.038501016835,1.286581635475159,34.688734173995
CZE,2008,national,income,1.008805898964,1.280532598495483,35.541934483474
CZE,2009,national,income,.989168589882,1.273786187171936,36.056555850833
CZE,2010,national,income,1.002482716148,1.28862738609314,35.99220755634
CZE,2011,national,income,1.011596857086,1.298959136009216,35.953902435326
CZE,2012,national,income,1.027890727922,1.297647714614868,35.348246900891
CZE,2013,national,income,1.009168606053,1.282451152801514,35.582391629901
CZE,2014,national,income,.975599453449,1.268727540969849,36.412864746023
CZE,2015,national,income,.939629938176,1.272369623184204,37.91529751694
CZE,2016,national,income,.896088580619,1.258428812026978,39.322012742099
CZE,2017,national,income,.853891630623,1.239477753639221,40.64377262445
CZE,2018,national,income,.816302651783,1.240987300872803,42.567108489466
CZE,2019,national,income,.780365833475,1.241460084915161,44.544341571653
CZE,2020,national,income,.783715538119,1.268014192581177,45.30265702215
CZE,2021,national,income,.746812201919,1.274463415145874,47.783066450991
CZE,2022,national,income,.796187858368,1.272655129432678,44.75620002479
CZE,2023,national,income,.825961719505,1.278746843338013,43.349361078972
DEU,1991,national,income,.641440981823,1.329825878143311,58.049184554316
DEU,1992,national,income,.6422655873400001,1.351226687431335,58.90763483137
DEU,1993,national,income,.623707947581,1.317178964614868,59.131859703624
DEU,1994,national,income,.7179257854510001,1.482519745826721,57.820117692097
DEU,1995,national,income,.676131678916,1.411590337753296,58.456849790358
DEU,1996,national,income,.626407187938,1.322126269340515,59.098195562493
DEU,1997,national,income,.644159804911,1.338670134544373,58.188611167875
DEU,1998,national,income,.6171195420259999,1.324745416641235,60.106458406979
DEU,1999,national,income,.6122566597370001,1.3526771068573,61.861246640239
DEU,2000,national,income,.598931885299,1.344945907592773,62.876071454735
DEU,2001,national,income,.608853010389,1.36728823184967,62.879005198909
DEU,2002,national,income,.59619665417,1.362535357475281,63.990613874111
DEU,2003,national,income,.613676888546,1.39199960231781,63.512231330198
DEU,2004,national,income,.599293856398,1.371127963066101,64.061367103224
DEU,2005,national,income,.614205159434,1.407932162284851,64.18393145881601
DEU,2006,national,income,.594930704175,1.376202583312988,64.770016766092
DEU,2007,national,income,.588149099216,1.374724864959717,65.446494738921
DEU,2008,national,income,.59582620729,1.383855819702148,65.032321532423
DEU,2009,national,income,.587390109486,1.37446129322052,65.51849826468001
DEU,2010,national,income,.589167662042,1.383983969688416,65.773384841614
DEU,2011,national,income,.580262708277,1.371603846549988,66.18537986163599
DEU,2012,national,income,.589433412949,1.391075968742371,66.080622277327
DEU,2013,national,income,.583916166625,1.390218377113342,66.663878158385
DEU,2014,national,income,.5954353473490001,1.415694355964661,66.57220319472501
DEU,2015,national,income,.575447480155,1.421128630638123,69.148971601447
DEU,2016,national,income,.568959399979,1.433141231536865,70.52868012854201
DEU,2017,national,income,.61214965318,1.546805262565613,70.751566431116
DEU,2018,national,income,.5555727220310001,1.454300999641418,73.294506217522
DEU,2019,national,income,.5795198000140001,1.541915416717529,74.49897508218
DEU,2020,national,income,.581684059867,1.654367446899414,79.63479113465
DJI,2002,national,consumption,8.717136762193,1.694570183753967,5.443067672316
DJI,2012,national,consumption,9.927981592447001,2.371967315673828,6.689686315459
DJI,2013,national,consumption,9.64516972641,2.057933568954468,5.974196564283
DJI,2017,national,consumption,8.301349842138,1.85828959941864,6.267909254429
DNK,1987,national,income,1.164096317348,2.276938199996948,54.767179366587
DNK,1992,national,income,1.151602426392,2.214182138442993,53.835507861008
DNK,1995,national,income,.611256738212,1.218047618865967,55.79543154228
DNK,2000,national,income,.572302860349,1.217999339103699,59.590795380236
DNK,2003,national,income,.773498308866,1.608139038085938,58.213305764599
DNK,2004,national,income,.7796525589760001,1.649335145950317,59.233289396063
DNK,2005,national,income,.709523248935,1.518260598182678,59.915296369355
DNK,2006,national,income,.597193732914,1.318145632743835,61.802521855903
DNK,2007,national,income,.591371078114,1.329276442527771,62.938044920301
DNK,2008,national,income,.641055286077,1.425840973854065,62.277851564322
DNK,2009,national,income,.712788335147,1.608568906784058,63.1883640379
DNK,2010,national,income,.5575941049549999,1.320730328559875,66.321449995143
DNK,2011,national,income,.568964451479,1.326175332069397,65.264022041171
DNK,2012,national,income,.578171046377,1.339603781700134,64.87510286302501
DNK,2013,national,income,.812748322202,1.928992986679077,66.455754095202
DNK,2014,national,income,.619629799311,1.480764389038086,66.913184764036
DNK,2015,national,income,.666168219065,1.607381224632263,67.560525314065
DNK,2016,national,income,.689595944869,1.691905856132507,68.69727897928701
DNK,2017,national,income,.587619200803,1.476608276367188,70.360247997862
DNK,2018,national,income,.660409473896,1.675639867782593,71.043675302355
DNK,2019,national,income,.722884733114,1.83405327796936,71.039666911548
DNK,2020,national,income,.6128388587119999,1.599024891853333,73.05786292012399
DNK,2021,national,income,.629233760766,1.683364748954773,74.907319906322
DNK,2022,national,income,.685434963596,1.759223580360413,71.864236985658
DNK,2023,national,income,.772921065243,2.006111145019531,72.673802135344
DOM,1986,national,income,3.802636681565,2.238837003707886,16.485254500792
DOM,1989,national,income,6.177405484652,2.159887313842773,9.7900076372
DOM,1992,national,income,4.801635873123,2.275803327560425,13.270997239411
DOM,1996,national,income,4.603228165776,2.429366588592529,14.777078593911
DOM,1997,national,income,4.674451995541,2.701845645904541,16.184074535233
DOM,2000,national,income,4.304492054934,2.676790952682495,17.412077232814
DOM,2001,national,income,3.876500602958,2.315465688705444,16.724630891506
DOM,2002,national,income,4.433055169614,2.570970773696899,16.23872897967
DOM,2003,national,income,4.986358546886,2.578595399856567,14.479639439568
DOM,2004,national,income,5.587589533916,2.461253643035889,12.333601115696
DOM,2005,national,income,4.566108098083,2.322000980377197,14.238828206695
DOM,2006,national,income,4.158581607677,2.410788297653198,16.231994773278
DOM,2007,national,income,4.228214948252,2.243428468704224,14.856386305141
DOM,2008,national,income,4.132443716624,2.115770578384399,14.335724081909
DOM,2009,national,income,3.865677153441,2.138830184936523,15.492045205795
DOM,2010,national,income,3.780451532249,2.062005043029785,15.272286936608
DOM,2011,national,income,3.671332253922,2.077987670898438,15.848103529098
DOM,2012,national,income,3.682239839167,1.992733359336853,15.152878822816
DOM,2013,national,income,3.53097569408,2.018507719039917,16.006401132289
DOM,2014,national,income,3.269489573013,1.937651634216309,16.594102867151
DOM,2015,national,income,3.041927321501,1.979169130325317,18.217639871795
DOM,2016,national,income,2.948107080814,2.054870128631592,19.516376191282
DOM,2017,national,income,2.77505388495,1.830182909965515,18.46635236934
DOM,2018,national,income,2.4777064112,1.793683528900146,20.270011398923
DOM,2019,national,income,2.417996632864,1.775965452194214,20.565385736387
DOM,2020,national,income,2.701812964075,1.750698208808899,18.143205929445
DOM,2021,national,income,2.598232951348,1.627267718315125,17.536339757991
DOM,2022,national,income,2.456576369577,1.57464063167572,17.94771684271
DOM,2023,national,income,2.371121195617,1.71575939655304,20.260989570861
DOM,2024,national,income,2.093597605651,1.69951868057251,22.729546038601
DZA,1988,national,consumption,5.276609632793,1.521624565124512,8.074405880886999
DZA,1995,national,consumption,5.150247836164,1.482128262519836,8.057785607235999
DZA,2011,national,consumption,3.376642598861,1.260634303092957,10.453507869986
ECU,1987,urban,income,7.583282390451,2.686863660812378,9.920794188053
ECU,1994,national,income,8.957225554860999,3.141901731491089,9.821484085648001
ECU,1995,urban,income,9.136042646199,3.170593023300171,9.717183531036
ECU,1998,urban,income,7.976260989497,2.624537706375122,9.213221031109001
ECU,1999,national,income,9.992506092584,3.59087347984314,10.061985907036
ECU,2000,national,income,11.182702012686,3.093889951705933,7.746689370902
ECU,2003,national,income,7.195193954896,2.961989402770996,11.52654209071
ECU,2004,national,income,7.786848639065,3.147650241851807,11.318341207253
ECU,2005,national,income,6.166583142105,2.958552360534668,13.433608436345
ECU,2006,national,income,5.025807672866,2.653051853179932,14.780798381966
ECU,2007,national,income,5.211917606419,2.899207353591919,15.575420231611
ECU,2008,national,income,4.983104327836,2.649377107620239,14.886816162027
ECU,2009,national,income,4.786524802133,2.452169418334961,14.344591860156
ECU,2010,national,income,4.241571033103,2.404966831207275,15.87597451531
ECU,2011,national,income,4.032314850074,2.361672163009644,16.399220528414
ECU,2012,national,income,3.678080115786,2.295098543167114,17.471820978968
ECU,2013,national,income,3.40253441886,2.197183847427368,18.080977540761
ECU,2014,national,income,3.187799182048,2.081690788269043,18.284509553983
ECU,2015,national,income,3.402953283101,2.237874031066895,18.413557209223
ECU,2016,national,income,3.407899157067,2.194908857345581,18.033821387365
ECU,2017,national,income,3.24799734937,2.151677131652832,18.548956365188
ECU,2018,national,income,3.267258146887,2.159415006637573,18.505920064493
ECU,2019,national,income,3.311779202523,2.149943590164185,18.177063439416
ECU,2020,national,income,4.00203769308,2.310346126556396,16.164188249144
ECU,2021,national,income,3.450844564845,2.138720750808716,17.353485438047
ECU,2022,national,income,3.276800387818,2.102705717086792,17.967453583126
ECU,2023,national,income,3.255653385544,2.050218820571899,17.632751770894
ECU,2024,national,income,3.541446419765,2.141371250152588,16.930481323291
EGY,1990,national,consumption,5.105284960903,1.338896036148071,7.343191983021
EGY,1995,national,consumption,5.07371865697,1.288287878036499,7.109590322968
EGY,1999,national,consumption,4.265423563805,1.306586146354675,8.576970855646
EGY,2004,national,consumption,4.813204240746,1.336299777030945,7.773697150315
EGY,2008,national,consumption,4.732557017355,1.321747660636902,7.820071347145
EGY,2010,national,consumption,4.194659016142,1.300109267234802,8.678431053961001
EGY,2012,national,consumption,3.991951526884,1.264230847358704,8.86745834611
EGY,2015,national,consumption,3.88715798789,1.334064722061157,9.609542811454
EGY,2017,national,consumption,4.477675417033,1.335705399513245,8.352492951462001
EGY,2019,national,consumption,4.206137300919,1.345866084098816,8.959348433495
EGY,2021,national,consumption,3.945518735142,1.272080659866333,9.027522130728
ESP,1980,national,income,1.89864304896,1.594716906547546,23.517887260767
ESP,1985,national,income,1.81692047979,1.49985671043396,23.113828602856
ESP,1990,national,income,1.593613603193,1.699390530586243,29.858514127832
ESP,1993,national,income,1.853238109102,2.212897539138794,33.433983000744
ESP,1994,national,income,1.772402304461,2.092583417892456,33.05814869271
ESP,1995,national,income,1.786151935278,2.110848188400269,33.089991032635
ESP,1996,national,income,2.053415420026,2.439364433288574,33.262729944878
ESP,1997,national,income,1.807757752635,2.240332841873169,34.700069914705
ESP,1998,national,income,1.627328778041,2.161687135696411,37.194231274662
ESP,1999,national,income,1.39351519506,1.971285581588745,39.609180868347
ESP,2000,national,income,1.394048608959,2.074603080749512,41.669195944003
ESP,2003,national,income,1.47327192793,2.264167070388794,43.031214795991
ESP,2004,national,income,1.503836703033,2.341271162033081,43.59222593382
ESP,2005,national,income,1.479455965423,2.362480163574219,44.712005951677
ESP,2006,national,income,1.53195093855,2.468865394592285,45.124313074373
ESP,2007,national,income,1.075487637924,2.066253185272217,53.794288454247
ESP,2008,national,income,1.12437629264,2.196578502655029,54.700726252648
ESP,2009,national,income,1.293937053178,2.524828433990479,54.63572846987
ESP,2010,national,income,1.310897084114,2.418877124786377,51.665808515891
ESP,2011,national,income,1.697749458923,3.015533924102783,49.733458849545
ESP,2012,national,income,1.485413957431,2.513653039932251,47.382272053136
ESP,2013,national,income,1.598709216342,2.631372928619385,46.08620708644
ESP,2014,national,income,1.417319805999,2.344750881195068,46.321956092697
ESP,2015,national,income,1.530876945368,2.605507373809814,47.655171996128
ESP,2016,national,income,1.538986359193,2.714980840682983,49.395800797869
ESP,2017,national,income,1.404593310627,2.504721879959106,49.930617690851
ESP,2018,national,income,1.396363473514,2.504027843475342,50.210980349791
ESP,2019,national,income,1.328250191464,2.488915920257568,52.467260390822
ESP,2020,national,income,1.312365894672,2.466140031814575,52.616362604785
ESP,2021,national,income,1.180625480263,2.279359579086304,54.057843088013
ESP,2022,national,income,1.256562109665,2.425456285476685,54.046491339274
ESP,2023,national,income,1.294046123238,2.534919261932373,54.849465063976
EST,1993,national,income,3.334268275059,1.587878942489624,13.334443286765
EST,1995,national,consumption,3.428771066107,1.342432260513306,10.962558513391
EST,1998,national,consumption,3.003755245979,1.512940526008606,14.103125043378
EST,2000,national,consumption,3.321134939899,1.535605192184448,12.946461722601
EST,2001,national,consumption,3.416632558756,1.533798933029175,12.569795154633
EST,2002,national,consumption,3.354241398644,1.53881561756134,12.845479253892
EST,2003,national,consumption,3.264771001072,1.518102288246155,13.019861030737
EST,2003,national,income,3.42026492826,2.054327487945557,16.817752715017
EST,2004,national,consumption,2.840595373266,1.518851757049561,14.971455770468
EST,2004,national,income,2.648583875509,1.73015034198761,18.290607982683
EST,2005,national,income,2.140454431384,1.618606805801392,21.17353642095
EST,2006,national,income,1.986245891106,1.74897027015686,24.6551389444
EST,2007,national,income,1.637354838295,1.622361540794373,27.743602883282
EST,2008,national,income,1.591316798431,1.630959510803223,28.69753350827
EST,2009,national,income,1.640065842829,1.582627415657043,27.019383704303
EST,2010,national,income,1.869402083591,1.695732355117798,25.398765500164
EST,2011,national,income,1.955715182322,1.838815093040466,26.326340469669
EST,2012,national,income,1.781047021407,1.770967245101929,27.841534993345
EST,2013,national,income,1.921513457149,2.080975532531738,30.323656249015
EST,2014,national,income,1.730772699934,2.02508282661438,32.76127387745
EST,2015,national,income,1.482536967022,1.854732155799866,35.029480985057
EST,2016,national,income,1.345015846092,1.789527297019958,37.253661051153
EST,2017,national,income,1.145240577106,1.611042976379395,39.388408029618
EST,2018,national,income,1.12474742392,1.67687714099884,41.744980745092
EST,2019,national,income,1.200961222263,1.885268926620483,43.954399912248
EST,2020,national,income,1.023655770004,1.678877472877502,45.92224253147
EST,2021,national,income,.949318923247,1.763614416122437,52.017505583999
EST,2022,national,income,1.182189885059,1.866835117340088,44.215724114808
EST,2023,national,income,1.021285498424,1.597494006156921,43.797580177794
ETH,1981,rural,consumption,14.760189764317,1.325932502746582,2.51528669358
ETH,1995,national,consumption,15.863748493577,1.715258479118347,3.027483475025
ETH,1999,national,consumption,12.314734883639,1.308974385261536,2.976213637882
ETH,2004,national,consumption,9.138493485753999,1.297071814537048,3.974179037953
ETH,2010,national,consumption,9.18177239608,1.411909341812134,4.305646049322
ETH,2015,national,consumption,8.657159249939999,1.471123099327087,4.75807885457
ETH,2021,national,consumption,9.123179706690999,1.356499195098877,4.163238815798
FIN,1987,national,income,.827100084322,1.18375551700592,40.073933669449
FIN,1991,national,income,.742997645148,1.196503639221191,45.09045551202
FIN,1995,national,income,.797025199472,1.193053960800171,41.912742543064
FIN,2000,national,income,.731518161177,1.270404934883118,48.626733583613
FIN,2003,national,income,.737322959004,1.357680439949036,51.558211853023
FIN,2004,national,income,.688698696882,1.329357385635376,54.046866837606
FIN,2005,national,income,.674067497458,1.345192551612854,55.877772040029
FIN,2006,national,income,.699896640957,1.418438911437988,56.745934167183
FIN,2007,national,income,.638762868817,1.342498421669006,58.848057768164
FIN,2008,national,income,.62911161773,1.337275385856628,59.518388471664
FIN,2009,national,income,.626259974887,1.357340216636658,60.686499222108
FIN,2010,national,income,.6166003756789999,1.356553792953491,61.601498556999
FIN,2011,national,income,.617579315134,1.36646294593811,61.953114314889
FIN,2012,national,income,.623942335522,1.383849740028381,62.101562146157
FIN,2013,national,income,.64152379046,1.417261242866516,61.857898580739
FIN,2014,national,income,.616786386397,1.355561971664429,61.537894520136
FIN,2015,national,income,.631709470263,1.401058554649353,62.100762696142
FIN,2016,national,income,.5974090292250001,1.340034365653992,62.806150858566
FIN,2017,national,income,.621607930983,1.423426985740662,64.117517175608
FIN,2018,national,income,.595749000994,1.385671019554138,65.12606717481
FIN,2019,national,income,.58344367825,1.380841970443726,66.26788143234999
FIN,2020,national,income,.559542566113,1.323720574378967,66.240136418951
FIN,2021,national,income,.54616169272,1.318640232086182,67.60255654879499
FIN,2022,national,income,.606309862412,1.425819158554077,65.845766703339
FIN,2023,national,income,.681181470903,1.568252325057983,64.463094099834
FJI,2002,national,consumption,4.129875577526,1.563142061233521,10.597892208728
FJI,2008,national,consumption,3.794949576577,1.605336427688599,11.844537051466
FJI,2013,national,consumption,3.581792614294,1.479048848152161,11.56219020164
FJI,2019,national,consumption,4.418677351151,1.345533728599548,8.526294741542999
FRA,1970,national,income,1.450575343824,1.540432572364807,29.734486101072
FRA,1975,national,income,1.198192552861,1.60095739364624,37.412021580397
FRA,1979,national,income,1.028920679454,1.564488291740417,42.574392230949
FRA,1984,national,income,1.164814243058,1.870019435882568,44.9518419918
FRA,1990,national,income,.840887760156,1.435623288154602,47.80358961768
FRA,1996,national,income,.805971315599,1.469931244850159,51.066425459992
FRA,1997,national,income,.793527751599,1.456714630126953,51.400859809914
FRA,1998,national,income,.754908722543,1.421382904052734,52.719911817895
FRA,1999,national,income,.747462681477,1.446271181106567,54.177409527533
FRA,2000,national,income,.731818733471,1.450371980667114,55.492450264395
FRA,2001,national,income,.707514605547,1.4389967918396,56.948518540111
FRA,2002,national,income,.669251009148,1.395083665847778,58.367250061358
FRA,2003,national,income,.748814353551,1.449079513549805,54.184625845277
FRA,2004,national,income,.7125494919749999,1.401363015174866,55.067282329408
FRA,2005,national,income,.720359456879,1.399395227432251,54.393769888953
FRA,2006,national,income,.7147082479869999,1.369671821594238,53.6593955422
FRA,2007,national,income,.6090530535000001,1.417787194252014,65.17994225105301
FRA,2008,national,income,.610304934825,1.433197855949402,65.75325965053
FRA,2009,national,income,.624639403725,1.47939920425415,66.31534572527001
FRA,2010,national,income,.648972654916,1.543662071228027,66.60147693463399
FRA,2011,national,income,.603930764213,1.444021344184875,66.94905938524001
FRA,2012,national,income,.616321421804,1.460856676101685,66.367947117803
FRA,2013,national,income,.6352308515839999,1.49107551574707,65.72431830865899
FRA,2014,national,income,.59738503992,1.418150186538696,66.470038917989
FRA,2015,national,income,.6326541221550001,1.521255016326904,67.327687772296
FRA,2016,national,income,.628316291983,1.51622200012207,67.568222311684
FRA,2017,national,income,.581548236216,1.395401954650879,67.18488957888199
FRA,2018,national,income,.5844285196,1.425487041473389,68.295156890374
FRA,2019,national,income,.624819716888,1.437209486961365,64.405562314953
FRA,2020,national,income,.625319933036,1.469282388687134,65.79017128305399
FRA,2021,national,income,.634494576209,1.494931578636169,65.970750372024
FRA,2022,national,income,.6285662470109999,1.483446359634399,66.081335399357
FRA,2023,national,income,.627774591838,1.497729420661926,66.801724327946
FSM,2000,urban,income,21.294559967872,4.707222938537598,6.189479462705
FSM,2005,national,consumption,5.59435831627,1.76205575466156,8.819163363788
FSM,2013,national,consumption,8.656655904841999,1.896192789077759,6.133245717064
GAB,2005,national,consumption,4.761470044086,1.74327552318573,10.251396184349
GAB,2017,national,consumption,3.274041773123,1.68630063533783,14.421446807256
GBR,1968,national,income,1.457239848074,1.260137796401978,24.212800277069
GBR,1969,national,income,1.475960767342,1.29133129119873,24.497451216378
GBR,1970,national,income,1.430686069639,1.281235575675964,25.075099712947
GBR,1971,national,income,1.464043814549,1.304931640625,24.956963005564
GBR,1972,national,income,1.438691900274,1.331716537475586,25.918031976759
GBR,1973,national,income,1.2793635772,1.289348244667053,28.218522946072
GBR,1974,national,income,1.319194553233,1.329762578010559,28.224305931535
GBR,1975,national,income,1.338965387988,1.297277688980103,27.128239931214
GBR,1976,national,income,1.358717759434,1.272056937217712,26.214122376199
GBR,1977,national,income,1.411121753583,1.291889905929565,25.634158433288
GBR,1978,national,income,1.27237774617,1.268104434013367,27.905960606311
GBR,1979,national,income,1.251942533775,1.271204710006714,28.430804037637
GBR,1980,national,income,1.246531133685,1.299625158309937,29.192615170616
GBR,1981,national,income,1.275747981369,1.327381372451782,29.133245019742
GBR,1982,national,income,1.16834350243,1.336184501647949,32.022402086464
GBR,1983,national,income,1.211580073087,1.326986789703369,30.667085166471
GBR,1984,national,income,1.175253798823,1.324739336967468,31.561438016908
GBR,1985,national,income,1.159312320477,1.358563780784607,32.81237003704
GBR,1986,national,income,1.146539976244,1.440205216407776,35.171686677767
GBR,1987,national,income,1.063664787312,1.428970456123352,37.616336466065
GBR,1988,national,income,1.01488238153,1.455918788909912,40.167930290543
GBR,1989,national,income,1.007947348768,1.457422733306885,40.486080775001
GBR,1990,national,income,.9980970182210001,1.519858002662659,42.637160985755
GBR,1991,national,income,.9800633184250001,1.50626814365387,43.033450749555
GBR,1992,national,income,1.023652552887,1.519764184951782,41.570156688061
GBR,1993,national,income,1.030055460253,1.522080183029175,41.374707649482
GBR,1994,national,income,1.020508719122,1.642763733863831,45.072996316675
GBR,1995,national,income,.998265254798,1.610305428504944,45.166903575006
GBR,1996,national,income,.923015643677,1.547421932220459,46.941579952056
GBR,1997,national,income,.904308230615,1.570621371269226,48.630982989095
GBR,1998,national,income,.891802510116,1.632765769958496,51.264085259444
GBR,1999,national,income,.9016354613849999,1.690587639808655,52.500657159377
GBR,2000,national,income,.874745722775,1.797757506370544,57.544963361175
GBR,2001,national,income,.8224802167950001,1.711146712303162,58.253203386385
GBR,2002,national,income,.852117829712,1.721129775047302,56.555128264684
GBR,2003,national,income,.8111724903300001,1.668864965438843,57.605772981436
GBR,2004,national,income,.8349942025180001,1.777465224266052,59.604036368168
GBR,2005,national,income,.906167880417,1.967113852500916,60.782542044486
GBR,2006,national,income,.800666938465,1.769593715667725,61.884186907808
GBR,2007,national,income,.787377055202,1.736701011657715,61.759012150677
GBR,2008,national,income,.798471529182,1.792623519897461,62.861924838373
GBR,2009,national,income,.877001821976,1.952429890632629,62.335146488248
GBR,2010,national,income,.7864078192490001,1.705405592918396,60.72085660513
GBR,2011,national,income,.772859432694,1.63859224319458,59.364717006957
GBR,2012,national,income,.898182176861,1.897949934005737,59.166835531942
GBR,2013,national,income,.735116271934,1.562417984008789,59.511272399417
GBR,2014,national,income,.841520809677,1.841905236244202,61.28588417213
GBR,2015,national,income,.7614143176880001,1.691621065139771,62.20711744534
GBR,2016,national,income,.901850732608,2.015058755874634,62.562065498649
GBR,2017,national,income,.904660651929,2.009328365325928,62.190384104344
GBR,2018,national,income,.911046910827,2.064527034759521,63.450911889467
GBR,2019,national,income,.899206738508,2.065487623214722,64.316304404721
GBR,2020,national,income,.909733028844,2.079410552978516,64.000638451941
GBR,2021,national,income,.883422754748,2.029364109039307,64.320502726719
GEO,1996,national,consumption,5.129110805639,1.603564858436584,8.753918422686001
GEO,1997,national,consumption,9.069429954704001,1.940483331680298,5.99084327085
GEO,1998,national,consumption,9.135356312452,2.006050825119019,6.148574938234
GEO,1999,national,consumption,9.91172681055,1.879770040512085,5.310231220567
GEO,2000,national,consumption,10.512569842399,1.920649647712708,5.115608318602
GEO,2001,national,consumption,10.403846678513,1.817344307899475,4.891040891087
GEO,2002,national,consumption,7.424251638322,1.65435004234314,6.239255180916
GEO,2003,national,consumption,7.571820728306,1.669740080833435,6.174568134926
GEO,2004,national,consumption,7.327817904077,1.671745419502258,6.387832486598
GEO,2005,national,consumption,7.516630529463,1.692032337188721,6.302944462259
GEO,2006,national,consumption,7.509291269941,1.659047365188599,6.186113168373
GEO,2007,national,consumption,7.738161509448,1.686026096343994,6.100768188936
GEO,2008,national,consumption,7.186764871419,1.692407488822937,6.593705083282
GEO,2009,national,consumption,7.259270132029,1.694503545761108,6.535932401279
GEO,2010,national,consumption,7.588991262785,1.760815739631653,6.496626424004
GEO,2011,national,consumption,7.433003492488,1.787487030029297,6.733433862634
GEO,2012,national,consumption,6.570795814874,1.695850253105164,7.226492587895
GEO,2013,national,consumption,5.869440999509,1.662868618965149,7.932667056137
GEO,2014,national,consumption,5.460592020793,1.615970611572266,8.286130341530001
GEO,2015,national,consumption,5.214726774713,1.557119250297546,8.360809642819
GEO,2016,national,consumption,5.19844808347,1.565059304237366,8.429758138824001
GEO,2017,national,consumption,5.299949411495,1.644862174987793,8.689920824354999
GEO,2018,national,consumption,5.253570557183,1.59705376625061,8.511831424367999
GEO,2019,national,consumption,5.075186335368,1.544159173965454,8.519186108736999
GEO,2020,national,consumption,5.493295041899,1.520717024803162,7.751281814234
GEO,2021,national,consumption,5.283863215662,1.521418929100037,8.062231752099001
GEO,2022,national,consumption,4.750865389641,1.517172932624817,8.941706421180999
GEO,2023,national,consumption,4.14384004549,1.507598042488098,10.186866201886
GEO,2024,national,consumption,3.838941040583,1.46895706653595,10.71410022541
GHA,1987,national,consumption,17.874570230959,1.485478520393372,2.326959294718
GHA,1988,national,consumption,17.467325109182,1.490755081176758,2.389669903119
GHA,1991,national,consumption,19.958957767687,1.583892464637756,2.222009248523
GHA,1998,national,consumption,16.175809616063,1.709162831306458,2.958526433347
GHA,2005,national,consumption,15.366811918837,1.859225273132324,3.387710287507
GHA,2012,national,consumption,10.628889480053,1.830675601959229,4.822603093187
GHA,2016,national,consumption,11.280751369716,2.042154788970947,5.068841136955
GIN,1991,national,consumption,37.06783595579,2.086734294891357,1.576260324775
GIN,1994,national,consumption,9.149378956111001,1.885548233985901,5.770375361982
GIN,2002,national,consumption,11.542732936446,1.759645104408264,4.268491881522
GIN,2007,national,consumption,10.204262340869,1.637264609336853,4.492574548682
GIN,2012,national,consumption,7.066906886908,1.448314666748047,5.73841013185
GIN,2018,national,consumption,5.716055386322,1.334692358970642,6.537968073325
GMB,1998,national,consumption,23.95202471641,2.102004766464233,2.457250887192
GMB,2003,national,consumption,13.582847908228,2.039282321929932,4.203824464414
GMB,2010,national,consumption,8.903498656219,1.787899374961853,5.622641820191
GMB,2015,national,consumption,6.399607208922,1.48232364654541,6.485564149619
GMB,2020,national,consumption,6.907535187122,1.595163464546204,6.466065879204
GNB,1991,national,consumption,20.149189837193,3.540646314620972,4.920202772047
GNB,1993,national,consumption,12.451523718129,1.778377652168274,3.999074780525
GNB,2002,national,consumption,14.59594340617,1.497109293937683,2.871966449228
GNB,2010,national,consumption,20.943288029278,2.150606155395508,2.87523953974
GNB,2018,national,consumption,8.578132693684999,1.428390026092529,4.662427437947
GNB,2021,national,consumption,9.098176603901999,1.400114059448242,4.308906480789
GNQ,2022,national,consumption,4.734313293818,1.59619414806366,9.440320947587001
GRC,1995,national,income,2.374591366072,2.597541570663452,30.628918525104
GRC,2000,national,income,1.261035738291,1.563404321670532,34.713782515117
GRC,2002,national,income,1.124841587043,1.614193558692932,40.181143473535
GRC,2003,national,income,1.411636207231,1.982416272163391,39.321502621701
GRC,2004,national,income,1.427185657567,2.112356185913086,41.442381691702
GRC,2005,national,income,1.20982041639,1.810256600379944,41.896452148635
GRC,2006,national,income,1.303938319816,1.969033718109131,42.281864122895
GRC,2007,national,income,1.352948860529,2.102461099624634,43.511557726118
GRC,2008,national,income,1.19088757453,1.88034999370575,44.210555298511
GRC,2009,national,income,1.431731529486,2.294955015182495,44.881834589372
GRC,2010,national,income,1.750431423656,2.43252158164978,38.910751212424
GRC,2011,national,income,2.132880294718,2.459475755691528,32.28747506052
GRC,2012,national,income,1.989552544498,1.991521596908569,28.027711282716
GRC,2013,national,income,1.896029464991,1.812662839889526,26.768867268132
GRC,2014,national,income,2.30081025229,2.191979169845581,26.675566796112
GRC,2015,national,income,2.227149058985,2.156438827514648,27.111021853184
GRC,2016,national,income,1.985061785711,1.96250593662262,27.681841071349
GRC,2017,national,income,1.822506797265,1.828835725784302,28.097234557613
GRC,2018,national,income,1.503436062572,1.560925006866455,29.070675121973
GRC,2019,national,income,1.702204768569,1.878864645957947,30.905922713679
GRC,2020,national,income,1.712405674274,1.911862850189209,31.261376301158
GRC,2021,national,income,1.551942834204,1.848393797874451,33.348539593166
GRC,2022,national,income,1.443110364287,1.706433057785034,33.109128405762
GRC,2023,national,income,1.326139704552,1.621723294258118,34.240926706082
GRD,2018,national,consumption,2.40254595021,1.811191201210022,21.108172538606
GTM,1986,national,income,13.953532878721,2.733797788619995,5.485803463872
GTM,1989,national,income,11.830030967141,3.713693618774414,8.789784394178
GTM,1998,national,income,4.739961173691,2.32448673248291,13.731257881683
GTM,2000,national,income,4.441002801432,2.775778293609619,17.500955841326
GTM,2006,national,income,4.482949450761,2.885424375534058,18.022036818709
GTM,2014,national,income,4.336294612108,2.16433048248291,13.975354340406
GTM,2023,national,income,4.793515989909,2.141957759857178,12.511655419263
GUY,1992,national,income,9.236395112506001,1.746244192123413,5.293714324625
GUY,1998,national,income,7.701822805482,2.935279846191406,10.67121839533
HND,1986,urban,income,17.491682279833,2.626718997955322,4.204749042906
HND,1989,national,income,14.06329413942,2.738273620605469,5.451899173558
HND,1990,national,income,15.479712414095,2.844634294509888,5.145428839543
HND,1991,national,income,11.949187985966,2.5235435962677,5.913307503556
HND,1992,national,income,10.568417768079,2.479346513748169,6.568788852517
HND,1993,national,income,9.472832614331001,2.660208225250244,7.863100082359
HND,1994,national,income,10.399468955861,2.953991413116455,7.953460101187
HND,1995,national,income,10.599274919628,2.94994854927063,7.792849907127
HND,1996,national,income,11.914396473342,3.056060075759888,7.182040565855
HND,1997,national,income,8.400442107844,2.602756261825562,8.675397489057
HND,1998,national,income,12.561856208757,4.039416313171387,9.00373717451
HND,1999,national,income,12.745397982453,3.803066492080688,8.354847872500001
HND,2001,national,income,8.812034867093001,3.443815231323242,10.94262867662
HND,2002,national,income,9.845386515995999,3.371949195861816,9.589728053558
HND,2003,national,income,11.428187111047,3.685319423675537,9.029335957978001
HND,2004,national,income,11.177008343258,3.725810050964355,9.333685622247
HND,2005,national,income,12.028347775168,4.374903202056885,10.184049371812
HND,2006,national,income,10.225048099003,4.055305957794189,11.104941791842
HND,2007,national,income,7.353154990791,3.158287763595581,12.026410331821
HND,2008,national,income,7.474339005298,3.314664602279663,12.417232825811
HND,2009,national,income,6.148599681197,2.679637670516968,12.202754776453
HND,2010,national,income,6.517013260617,2.817576169967651,12.105565520086
HND,2011,national,income,7.196414468899,2.991462469100952,11.639261611341
HND,2012,national,income,8.117662371652001,3.017366886138916,10.407709694753
HND,2013,national,income,6.968095389834,2.585834264755249,10.390695830444
HND,2014,national,income,6.475959180657,2.455946922302246,10.618738247135
HND,2015,national,income,6.474380202988,2.434249877929688,10.527494000724
HND,2016,national,income,6.916274052619,2.731379270553589,11.057777801206
HND,2017,national,income,6.638887874985,2.58213472366333,10.89034432943
HND,2018,national,income,6.634136248685,2.574265241622925,10.864930484978
HND,2019,national,income,6.38620604102,2.500284433364868,10.962371431961
HND,2023,national,income,6.627897911563,2.593332052230835,10.955705584512
HND,2024,national,income,6.236415353005,2.571680068969727,11.546223306827
HRV,1988,national,income,1.294663271081,1.188329696655273,25.700297903195
HRV,1998,national,consumption,.855908268554,1.316259264945984,43.059824716435
HRV,1999,national,consumption,1.638373625581,1.266798973083496,21.649745872037
HRV,2000,national,consumption,1.549016128222,1.346406102180481,24.337624269491
HRV,2001,national,consumption,1.639749581953,1.345284342765808,22.971777077682
HRV,2004,national,consumption,1.040291787354,1.338003396987915,36.013063524135
HRV,2008,national,consumption,1.112371781954,1.414513826370239,35.605349766904
HRV,2009,national,income,2.052494728935,1.971388578414917,26.893555494528
HRV,2009,national,consumption,1.128770594154,1.412335991859436,35.034052330947
HRV,2010,national,consumption,1.21300288879,1.270324468612671,29.323165285105
HRV,2010,national,income,2.384129564422,2.118905544281006,24.885123070568
HRV,2011,national,income,1.995093148726,1.70973014831543,23.995091545198
HRV,2012,national,income,2.129603889153,1.734813213348389,22.809298180611
HRV,2013,national,income,2.117531908338,1.698965072631836,22.465315077359
HRV,2014,national,income,2.107692969852,1.784677386283875,23.70884463065
HRV,2015,national,income,1.859882130052,1.64348042011261,24.742133927668
HRV,2016,national,income,1.729504948662,1.650844573974609,26.726520497454
HRV,2017,national,income,1.660157735054,1.667160987854004,28.118115962104
HRV,2018,national,income,1.458125599595,1.572397470474243,30.194331496351
HRV,2019,national,income,1.319449350802,1.510468602180481,32.053614809618
HRV,2020,national,income,1.320651560423,1.574760317802429,33.387526327319
HRV,2021,national,income,1.218064762878,1.542241811752319,35.451948866347
HRV,2022,national,income,1.253110883578,1.616840362548828,36.127313826527
HRV,2023,national,income,1.063721178422,1.57104480266571,41.354122410559
HTI,2001,national,income,28.510870323507,3.061423301696777,3.006567468911
HTI,2012,national,income,25.199347611997,3.535853624343872,3.928827864792
HTI,2012,national,consumption,10.433830744856,1.774496674537659,4.762000521146
HUN,1987,national,income,1.453769212773,1.143770098686218,22.029330068234
HUN,1989,national,income,3.209024802526,1.204368114471436,10.508584390647
HUN,1991,national,income,2.789003212139,1.95413601398468,19.61840937255
HUN,1993,national,income,2.163880503228,1.255610108375549,16.247238220093
HUN,1994,national,income,2.630528106383,1.66246235370636,17.695665125287
HUN,1998,national,consumption,2.708442017584,1.251913070678711,12.942335591239
HUN,1999,national,consumption,2.710661584737,1.271089792251587,13.129825682875
HUN,1999,national,income,2.400604308985,1.382293105125427,16.122692695067
HUN,2000,national,consumption,2.65116019228,1.263042330741882,13.339512764292
HUN,2001,national,consumption,2.32443176284,1.264008641242981,15.226191287193
HUN,2002,national,consumption,2.258353759924,1.254357099533081,15.552035642547
HUN,2003,national,consumption,2.196711515466,1.36307156085968,17.374154281681
HUN,2004,national,consumption,2.071603376261,1.335876226425171,18.055837886886
HUN,2004,national,income,1.967972112463,1.371495842933655,19.513429446399
HUN,2005,national,consumption,2.039599946908,1.342106461524963,18.424682571465
HUN,2005,national,income,2.156098236392,1.656518459320068,21.512245971852
HUN,2006,national,income,1.822706262834,1.3628830909729,20.93630011567
HUN,2006,national,consumption,2.02307005488,1.314807653427124,18.197399352198
HUN,2007,national,consumption,2.051803358942,1.365286231040955,18.631421468274
HUN,2007,national,income,1.819704876036,1.32730770111084,20.423431111982
HUN,2008,national,income,1.739974673113,1.29761004447937,20.881385165692
HUN,2009,national,income,1.829899837698,1.300158023834229,19.894217345002
HUN,2010,national,income,1.832768645666,1.355144143104553,20.703123152746
HUN,2011,national,income,1.834621088676,1.37162721157074,20.93378505035
HUN,2012,national,income,2.10430489157,1.488998055458069,19.812692137005
HUN,2013,national,income,1.949552981093,1.427472591400146,20.501741990117
HUN,2014,national,income,2.188072447509,1.683774709701538,21.546677145188
HUN,2015,national,income,1.953832929265,1.577938795089722,22.613134142986
HUN,2016,national,income,2.206451060141,1.859917521476746,23.602467976434
HUN,2017,national,income,1.871045114925,1.658269643783569,24.815837290096
IDN,1984,national,consumption,19.333802249352,1.361181378364563,1.971318339932
IDN,1987,national,consumption,18.314014575715,1.303386449813843,1.992726496927
IDN,1990,national,consumption,15.107851207545,1.315721869468689,2.43848123847
IDN,1993,national,consumption,15.022049483779,1.33539891242981,2.489085695401
IDN,1996,national,consumption,13.017318811228,1.393294930458069,2.996950428742
IDN,1998,national,consumption,16.822681783923,1.333491444587708,2.219489159386
IDN,1999,national,consumption,12.221308064604,1.317543983459473,3.018599318196
IDN,2000,national,consumption,12.182187666647,1.309502005577087,3.009808737291
IDN,2001,national,consumption,11.651952180603,1.325118184089661,3.184299700682
IDN,2002,national,consumption,9.495316839855001,1.295871376991272,3.821294307229
IDN,2003,national,consumption,9.453967339753,1.286893248558044,3.811416957194
IDN,2004,national,consumption,9.566840197131,1.310905456542969,3.836726790341
IDN,2005,national,consumption,9.09930507747,1.303046107292175,4.009678721997
IDN,2006,national,consumption,9.896976237976,1.346791863441467,3.810272142041
IDN,2007,national,consumption,9.05844346103,1.376266002655029,4.254091688289
IDN,2008,national,consumption,8.718091184119,1.362004995346069,4.374367929606
IDN,2009,national,consumption,8.733029228609,1.379717707633972,4.423676419152
IDN,2010,national,consumption,8.140067737463999,1.4144127368927,4.865261500194
IDN,2011,national,consumption,7.732943906657,1.498206377029419,5.424813722461
IDN,2012,national,consumption,7.237416269198,1.471968054771423,5.694726200216
IDN,2013,national,consumption,7.202480716332,1.52497136592865,5.928401472665
IDN,2014,national,consumption,7.033249981232,1.522314429283142,6.060470465569
IDN,2015,national,consumption,6.758089178899,1.509393215179443,6.253692086356
IDN,2016,national,consumption,6.300795734455,1.4889315366745,6.616637885418
IDN,2017,national,consumption,5.88889823584,1.480526685714722,7.039473963023
IDN,2018,national,consumption,5.589057274642,1.48285710811615,7.428801774934
IDN,2019,national,consumption,5.408730485729,1.450340270996094,7.508144213789
IDN,2020,national,consumption,5.26131062972,1.447046995162964,7.700992616685
IDN,2021,national,consumption,5.101206926373,1.44986891746521,7.95818155909
IDN,2022,national,consumption,5.096771263666,1.440458297729492,7.913408385093
IDN,2023,national,consumption,4.968416141845,1.448032259941101,8.16052858944
IDN,2024,national,consumption,4.813790225593,1.415780067443848,8.235058013341
IND,1977,national,consumption,11.409827760165,1.29712176322937,3.18316898971
IND,1983,national,consumption,10.279978826242,1.250082612037659,3.404901244308
IND,1987,national,consumption,10.22173275521,1.249531984329224,3.422794862241
IND,1993,national,consumption,9.696512365079,1.232611775398254,3.559334247456
IND,2004,national,consumption,9.470958364858999,1.25309145450592,3.704647277038
IND,2009,national,consumption,8.418810315884,1.254729270935059,4.173085835194
IND,2011,national,consumption,7.670601308358,1.272284746170044,4.644221687875
IND,2022,national,consumption,5.363668652611,1.217378973960876,6.355092371251
IRL,1987,national,income,2.251094149962,1.610753178596497,20.035185362639
IRL,1994,national,income,1.56923699814,1.636825799942017,29.205991976212
IRL,1995,national,income,1.539103270119,1.656942367553711,30.143778315518
IRL,1996,national,income,1.355678475062,1.528899073600769,31.57767577231
IRL,2000,national,income,1.025504808758,1.445975065231323,39.480361450697
IRL,2002,national,income,.966869152651,1.500816822052002,43.462831711558
IRL,2003,national,income,.952057892718,1.516211628913879,44.591748771464
IRL,2004,national,income,.8953741850419999,1.481018781661987,46.314185381236
IRL,2005,national,income,.840976335893,1.460413336753845,48.623928862729
IRL,2006,national,income,.86444991879,1.600734710693359,51.848661152587
IRL,2007,national,income,.80558987355,1.481275677680969,51.484907132529
IRL,2008,national,income,.922038776569,1.566384077072144,47.567146245882
IRL,2009,national,income,1.217799556803,2.03526782989502,46.795467539845
IRL,2010,national,income,1.231650033991,1.978752613067627,44.984427789021
IRL,2011,national,income,1.274218809418,1.992398142814636,43.781450997076
IRL,2012,national,income,1.059924703465,1.669934153556824,44.114600553216
IRL,2013,national,income,1.392275809628,2.188628435134888,44.015415841072
IRL,2014,national,income,1.149591971655,1.895812153816223,46.175289044014
IRL,2015,national,income,1.075732818441,1.830301403999329,47.640489338244
IRL,2016,national,income,.893144189344,1.623363733291626,50.89232565718
IRL,2017,national,income,.8948115610039999,1.727988243103027,54.071351543151
IRL,2018,national,income,.682942331115,1.35040271282196,55.365253610793
IRL,2019,national,income,.670847315108,1.36311149597168,56.893903632483
IRL,2020,national,income,.716590565614,1.520814657211304,59.424185837945
IRL,2021,national,income,.664438350844,1.439053773880005,60.642955434185
IRL,2022,national,income,.724623729004,1.538694024085999,59.45628215854
IRL,2023,national,income,.661937485877,1.398516297340393,59.157332418707
IRN,1986,national,consumption,6.446585820112,2.003889560699463,8.703662873440001
IRN,1990,national,consumption,6.541305635318,1.814567804336548,7.767240977242
IRN,1994,national,consumption,5.488734723393,1.757048606872559,8.963333816757
IRN,1998,national,consumption,5.301964611879,1.830434441566467,9.666636478299001
IRN,2005,national,consumption,3.474959634588,1.845906376838684,14.87366316111
IRN,2006,national,consumption,3.482128019795,1.902031660079956,15.294350342319
IRN,2009,national,consumption,3.538187690449,1.862981677055359,14.742996327153
IRN,2011,national,consumption,3.386508714189,1.484485983848572,12.273881888773
IRN,2012,national,consumption,3.275882055709,1.455406904220581,12.439823432735
IRN,2013,national,consumption,3.380119640755,1.43961238861084,11.925361286609
IRN,2014,national,consumption,3.602248722886,1.486745834350586,11.556359666283
IRN,2015,national,consumption,3.531976471439,1.487606048583984,11.793105022455
IRN,2016,national,consumption,3.529885570482,1.505661606788635,11.943312470889
IRN,2017,national,consumption,3.378957805439,1.533594846725464,12.708254556495
IRN,2018,national,consumption,3.568530020733,1.557840347290039,12.223388784445
IRN,2019,national,consumption,3.903411453288,1.531841993331909,10.988227903501
IRN,2020,national,consumption,3.961164144872,1.519069671630859,10.7377400101
IRN,2021,national,consumption,3.67488254899,1.519024729728699,11.57389122683
IRN,2022,national,consumption,3.445115053915,1.488649487495422,12.098923972275
IRN,2023,national,consumption,3.320401052078,1.515899062156677,12.783146822454
IRQ,2006,national,consumption,3.094819674231,1.284457683563232,11.620973187132
IRQ,2012,national,consumption,2.99092745128,1.314023971557617,12.301424944454
IRQ,2023,national,consumption,2.84674983284,1.317400217056274,12.957656753322
ISL,2003,national,income,.674273890818,1.297224998474121,53.868762443363
ISL,2004,national,income,.734122307592,1.444447159767151,55.09234517596
ISL,2005,national,income,.649567422129,1.333262205123901,57.471081628551
ISL,2006,national,income,.637840728571,1.500491738319397,65.868747304114
ISL,2007,national,income,.562237744703,1.396989345550537,69.57146271878599
ISL,2008,national,income,.561644192822,1.454178810119629,72.49608703043199
ISL,2009,national,income,.648699250015,1.409869313240051,60.85461362209
ISL,2010,national,income,.737538961731,1.422997355461121,54.022808762434
ISL,2011,national,income,.769935171958,1.484631419181824,53.991142963814
ISL,2012,national,income,.666627067506,1.312198519706726,55.115613152611
ISL,2013,national,income,.653647267544,1.314690113067627,56.316801412232
ISL,2014,national,income,.6112040120360001,1.297038793563843,59.418928327545
ISL,2015,national,income,.566987242227,1.284731030464172,63.444934647922
ISL,2016,national,income,.526857765213,1.293344736099243,68.73515876424401
ISL,2017,national,income,.49492018733,1.258998870849609,71.2275815332
ISL,2018,national,income,.716344356853,1.704864263534546,66.63861841876
ISL,2019,national,income,.589185844012,1.437868237495422,68.332105884074
ISR,1979,national,income,1.96027202759,1.542238116264343,22.028916388152
ISR,1986,national,income,2.033854986238,1.586844086647034,21.846018620084
ISR,1992,national,income,1.64400418067,1.518858075141907,25.868563881112
ISR,1997,national,income,1.857964476452,1.791310667991638,26.995510291302
ISR,2001,national,income,1.529562751638,1.682059645652771,30.791590643914
ISR,2002,national,income,1.920977667327,1.894583106040955,27.615274783766
ISR,2003,national,income,1.84371689357,1.879909157752991,28.549642024887
ISR,2004,national,income,1.919048274248,2.035913705825806,29.705132206529
ISR,2005,national,income,1.967136208373,2.183090448379517,31.073869156821
ISR,2006,national,income,1.696585538124,1.91869068145752,31.665564750876
ISR,2007,national,income,1.642888510649,1.948908090591431,33.215537593197
ISR,2008,national,income,1.626947035205,1.9809889793396,34.09311413159
ISR,2009,national,income,1.692348744009,2.063120126724243,34.134431397436
ISR,2010,national,income,1.629522409346,2.033943891525269,34.949151626776
ISR,2011,national,income,1.592501390764,1.979673147201538,34.807408673469
ISR,2012,national,income,1.572274676596,2.063500165939331,36.748034678549
ISR,2013,national,income,1.428273271603,1.947477579116821,38.178529917067
ISR,2014,national,income,1.415539465188,1.96841835975647,38.93619032616
ISR,2015,national,income,1.382308915653,1.980597972869873,40.118920584269
ISR,2016,national,income,1.271874810375,1.846868872642517,40.658346690996
ISR,2017,national,income,1.289979304894,1.955033183097839,42.435509239516
ISR,2018,national,income,1.226388250448,1.92976188659668,44.058913126573
ISR,2019,national,income,1.361384520619,2.072223901748657,42.620043057894
ISR,2020,national,income,1.306578141534,1.970268607139587,42.222901215019
ISR,2021,national,income,1.247096194149,1.905309319496155,42.778303836995
ITA,1977,national,income,1.519585268141,1.522234559059143,28.048816163827
ITA,1978,national,income,1.606617918092,1.750762462615967,30.512138023889
ITA,1979,national,income,1.373245472524,1.556344389915466,31.733323368413
ITA,1980,national,income,1.23089951487,1.467199921607971,33.375265583653
ITA,1981,national,income,1.226627990403,1.412637948989868,32.246012272253
ITA,1982,national,income,1.139911690332,1.347154855728149,33.09057838864
ITA,1983,national,income,1.21835175335,1.439690828323364,33.086784602098
ITA,1984,national,income,1.157745581126,1.433001518249512,34.657045323948
ITA,1986,national,income,1.243046271621,1.473461985588074,33.190185683231
ITA,1987,national,income,1.740884191373,2.415159463882446,38.84489742951
ITA,1989,national,income,.938136078873,1.417572617530823,42.3094621259
ITA,1991,national,income,1.180917483411,1.749792337417603,41.488237960522
ITA,1993,national,income,1.842625505653,2.664694786071777,40.491923592363
ITA,1995,national,income,1.478510873818,2.122153043746948,40.189279270466
ITA,1998,national,income,2.282239286552,3.552411556243896,43.583302640321
ITA,2000,national,income,2.014709116981,3.19620680809021,44.420202804283
ITA,2002,national,income,2.067302540813,3.281381368637085,44.443751300549
ITA,2003,national,income,1.273657603196,2.481577157974243,54.554818383015
ITA,2004,national,income,1.19472122026,2.394755601882935,56.124520074652
ITA,2005,national,income,1.243240782018,2.453426122665405,55.255534598655
ITA,2006,national,income,1.206463887245,2.426796197891235,56.321862144961
ITA,2007,national,income,1.201200189873,2.431150913238525,56.670177789469
ITA,2008,national,income,1.209664600389,2.412812471389771,55.849159190846
ITA,2009,national,income,1.29771074573,2.616921901702881,56.463904149571
ITA,2010,national,income,1.598070590994,3.164125919342041,55.439058011484
ITA,2011,national,income,1.582393486425,3.086353540420532,54.612142956926
ITA,2012,national,income,1.582585148115,2.947429180145264,52.147600064971
ITA,2013,national,income,1.851509509391,3.409051656723022,51.554391175382
ITA,2014,national,income,1.671558516087,3.064671277999878,51.335801221618
ITA,2015,national,income,2.113879878671,3.97242546081543,52.617897028441
ITA,2016,national,income,1.978637496729,3.807138919830322,53.875402089213
ITA,2017,national,income,1.860820866197,3.643029451370239,54.817111307812
ITA,2018,national,income,1.775738195527,3.49124813079834,55.05031723111
ITA,2019,national,income,1.535026617497,3.134050130844116,57.167349645857
ITA,2020,national,income,1.394882185305,2.840062141418457,57.009645550662
ITA,2021,national,income,1.297715841958,2.738225221633911,59.08096396343
ITA,2022,national,income,1.217601736347,2.533391714096069,58.25793652823
ITA,2023,national,income,1.369579280451,2.812973499298096,57.509090316273
JAM,1988,national,consumption,5.199223482983,1.776497006416321,9.567181959199001
JAM,1990,national,consumption,5.257700543958,1.676054358482361,8.925864363044001
JAM,1993,national,consumption,6.680522051863,1.505623698234558,6.310504351359
JAM,1996,national,consumption,4.794481269356,1.652285575866699,9.649426680424
JAM,1999,national,consumption,4.025590680909,1.868249177932739,12.994608623114
JAM,2002,national,consumption,4.086432036586,2.074644565582275,14.215346891075
JAM,2004,national,consumption,3.712354027557,1.879228472709656,14.173862558509
JAM,2018,national,consumption,2.345457139672,1.483314752578735,17.707769432117
JAM,2021,national,consumption,2.552382022162,1.726690292358398,18.942042735792
JOR,1986,national,consumption,2.350066154321,1.468772053718567,17.499770544353
JOR,1992,national,consumption,3.464408224755,1.693353295326233,13.686000559206
JOR,1997,national,consumption,3.410670327383,1.457591891288757,11.96614373094
JOR,2002,national,consumption,2.997311849057,1.506173729896545,14.070229253736
JOR,2006,national,consumption,2.554776839121,1.409259080886841,15.44528449874
JOR,2008,national,consumption,2.486510723283,1.369293332099915,15.419283830525
JOR,2010,national,consumption,2.260019497659,1.398598194122314,17.327616442307
JPN,2008,national,income,1.341458981114,2.336198806762695,48.763003462893
JPN,2009,national,income,1.262620255867,2.137924432754517,47.410835501977
JPN,2010,national,income,.992719394185,1.710537314414978,48.246306613664
JPN,2011,national,income,1.034675345938,1.711265325546265,46.309625651241
JPN,2012,national,income,1.325695612362,2.213506937026978,46.751451293974
JPN,2013,national,income,1.149595512875,1.88006865978241,45.791692004548
JPN,2014,national,income,1.173553238214,1.954983830451965,46.644280795486
JPN,2015,national,income,.900690306787,1.520222306251526,47.259558042316
JPN,2016,national,income,1.005280979707,1.679214000701904,46.77099378323
JPN,2017,national,income,1.03748970154,1.759320974349976,47.48094152316
JPN,2018,national,income,1.205037943167,1.988883852958679,46.21327299937
JPN,2019,national,income,1.268372451334,2.111057043075562,46.602715142368
JPN,2020,national,income,1.183763821048,2.033885478973389,48.108236995723
KAZ,1993,national,income,5.771970496515,1.411077380180359,6.845178162796
KAZ,1996,national,consumption,5.948652652484,1.551007986068726,7.300514033646
KAZ,2001,national,consumption,6.824690192745,1.545904040336609,6.342458081921
KAZ,2002,national,consumption,6.152765669932,1.472998261451721,6.703319293104
KAZ,2003,national,consumption,5.594405067211,1.440014600753784,7.207273812883
KAZ,2004,national,consumption,5.031726005473,1.371878862380981,7.634082131591
KAZ,2005,national,consumption,5.637208561595,1.680894017219543,8.348996167694001
KAZ,2006,national,consumption,3.972343986838,1.324316501617432,9.334756190305001
KAZ,2007,national,consumption,3.411700872829,1.318117737770081,10.817858762872
KAZ,2008,national,consumption,3.331193056909,1.279312968254089,10.753133133362
KAZ,2009,national,consumption,3.372005907972,1.278039336204529,10.612407333065
KAZ,2010,national,consumption,3.155492358943,1.271867156028748,11.285807776945
KAZ,2011,national,consumption,2.657507373607,1.27111804485321,13.392739963278
KAZ,2012,national,consumption,2.617912400933,1.273070693016052,13.616185375535
KAZ,2013,national,consumption,2.453338888623,1.249390602111816,14.259316527751
KAZ,2014,national,consumption,2.509599515474,1.247283816337585,13.916143019729
KAZ,2015,national,consumption,2.618693822834,1.242014408111572,13.280056664973
KAZ,2016,national,consumption,2.851409466903,1.252460598945618,12.298793577861
KAZ,2017,national,consumption,2.653007464864,1.25412392616272,13.236099778862
KAZ,2018,national,consumption,2.500624781925,1.257329225540161,14.078568552375
KAZ,2019,national,consumption,2.509905206744,1.25996720790863,14.055942248232
KAZ,2020,national,consumption,2.470989285264,1.270362019538879,14.395099939173
KAZ,2021,national,consumption,2.370794678031,1.277989029884338,15.093542904389
KEN,1992,national,consumption,8.938319353142001,2.688952207565308,8.423357688571
KEN,1994,national,consumption,9.327081368806001,1.902273416519165,5.710645711017
KEN,1997,national,consumption,8.190111287676,1.798075437545776,6.147182969747
KEN,2005,national,consumption,11.21700666238,2.009290933609009,5.015611480773
KEN,2015,national,consumption,9.210214818857001,1.688829898834229,5.134216405011
KEN,2020,national,consumption,9.847950847063,1.4905606508255,4.238008370495
KEN,2021,national,consumption,10.031201091683,1.555980682373047,4.34319472399
KEN,2022,national,consumption,10.0390631699,1.537522673606873,4.288311898252
KGZ,1998,national,income,12.649220433438,2.200823068618774,4.871687023899
KGZ,2000,national,consumption,12.78081979496,1.339747428894043,2.935095518417
KGZ,2001,national,consumption,11.91620204011,1.322138428688049,3.106684034064
KGZ,2002,national,consumption,11.708756210883,1.332393169403076,3.186248761372
KGZ,2003,national,consumption,10.749304197379,1.285895228385925,3.349525322451
KGZ,2004,national,consumption,8.097218667599,1.445260882377625,4.997679714666
KGZ,2005,national,consumption,8.605614324973001,1.373085975646973,4.46759593634
KGZ,2006,national,consumption,7.188374287176,1.505570530891418,5.864465873196
KGZ,2007,national,consumption,7.175571559738,1.428019285202026,5.572314215313
KGZ,2008,national,consumption,6.097152534683,1.362787485122681,6.258339452889
KGZ,2009,national,consumption,5.744528132479,1.310944080352783,6.389808154934
KGZ,2010,national,consumption,6.413904363307,1.394332051277161,6.086978161583
KGZ,2011,national,consumption,5.825551286574,1.262797236442566,6.06952410418
KGZ,2012,national,consumption,6.112553092283,1.279456377029419,5.860853512214
KGZ,2013,national,consumption,6.243438274735,1.288185358047485,5.777135627024
KGZ,2014,national,consumption,5.760343787566,1.242060542106628,6.037434220574
KGZ,2015,national,consumption,6.078258615696,1.288949728012085,5.937653414587
KGZ,2016,national,consumption,5.74758338357,1.243064045906067,6.055726264986
KGZ,2017,national,consumption,5.754578912991,1.253119707107544,6.097292778603
KGZ,2018,national,consumption,5.398869292315,1.256569623947144,6.516911041561
KGZ,2019,national,consumption,5.287320426013,1.303724646568298,6.904118900739
KGZ,2020,national,consumption,5.731031380525,1.285887479782104,6.282438084349
KGZ,2021,national,consumption,5.252330862711,1.285168051719666,6.851188162075
KGZ,2022,national,consumption,5.105559262932,1.232965230941772,6.761850249628
KGZ,2023,national,consumption,4.723827654401,1.24658191204071,7.388985291364
KIR,2006,national,consumption,7.200262399066,1.577481150627136,6.134425212303
KIR,2019,national,consumption,5.141752663952,1.268453359603882,6.907507092512
KOR,2006,national,income,1.152316532545,1.59412407875061,38.735429305585
KOR,2008,national,income,1.128353009828,1.613150119781494,40.030204736442
KOR,2010,national,income,1.166628280723,1.690945982933044,40.584037695837
KOR,2012,national,income,1.030158534524,1.576247096061707,42.842841948232
KOR,2014,national,income,.968250343017,1.553699731826782,44.930108528746
KOR,2016,national,income,.846955843237,1.62318229675293,53.661716161011
KOR,2017,national,income,.816438068699,1.61724865436554,55.464050888138
KOR,2018,national,income,.764511705664,1.555352926254272,56.964308693397
KOR,2019,national,income,.714129342534,1.50739312171936,59.102751046561
KOR,2020,national,income,.670086475797,1.467642545700073,61.32640003681
KOR,2021,national,income,.649365779844,1.493310928344727,64.39006438694599
LAO,1992,national,consumption,9.046650508562999,1.406980633735657,4.35470093473
LAO,1997,national,consumption,12.033187539402,1.431480765342712,3.330909855828
LAO,2002,national,consumption,9.327018710276,1.365371823310852,4.098888730278
LAO,2007,national,consumption,8.590308179451,1.440351843833923,4.694808412665
LAO,2012,national,consumption,6.845683978792,1.461828231811523,5.979123702141
LAO,2018,national,consumption,5.995621361021,1.543231964111328,7.207008879598
LBN,2011,national,consumption,1.556611518383,1.400091648101807,25.184552485852
LBN,2022,national,consumption,4.234669436196,1.511881113052368,9.996688801908
LBR,2007,national,consumption,14.239908874028,1.619180798530579,3.183802838786
LBR,2014,national,consumption,8.281209806798,1.42456591129303,4.8166687856
LBR,2016,national,consumption,8.527339542928001,1.479373574256897,4.857606461904
LCA,1995,national,income,10.570959840383,1.802486538887024,4.774365095481
LCA,2015,national,consumption,1.488651158877,1.817403554916382,34.183494894649
LCA,2015,national,income,3.907048538495,3.654029130935669,26.186728076538
LKA,1985,national,consumption,7.648646835606,1.362007260322571,4.986006659908
LKA,1990,national,consumption,7.263119883009,1.355463147163391,5.225435780477
LKA,1995,national,consumption,7.071824991246,1.435348272323608,5.683080556392
LKA,2002,national,consumption,6.594942671976,1.571292638778687,6.671201752101
LKA,2006,national,consumption,5.556941858667,1.557309031486511,7.846879479367
LKA,2009,national,consumption,5.160448940697,1.456710934638977,7.903945481809
LKA,2012,national,consumption,4.752061946703,1.528552651405334,9.006505797901999
LKA,2016,national,consumption,4.17264742962,1.545829057693481,10.373082119755
LKA,2019,national,consumption,3.970270079583,1.499703645706177,10.576535134828
LSO,1986,national,consumption,20.893121186565,2.872133016586304,3.849100411801
LSO,1994,national,consumption,25.775522403711,4.41370677947998,4.79461818857
LSO,2002,national,consumption,27.76211821468,2.492971420288086,2.514332705423
LSO,2017,national,consumption,10.983141271449,2.014095067977905,5.134656607389
LTU,1993,national,income,5.951251576167,1.381551861763,6.500053049804
LTU,1996,national,consumption,3.03080439474,1.390935063362122,12.850113950554
LTU,1998,national,consumption,2.866713047296,1.400523781776428,13.679313195367
LTU,1999,national,consumption,2.901656753903,1.399776816368103,13.507369681448
LTU,2000,national,consumption,3.053464413137,1.388073205947876,12.728509651709
LTU,2001,national,consumption,3.116534041554,1.409897446632385,12.666997334892
LTU,2002,national,consumption,3.09265008113,1.397619843482971,12.653664289382
LTU,2003,national,consumption,2.3859826213,1.484442353248596,17.420238504734
LTU,2004,national,consumption,2.311009438327,1.490324258804321,18.056645638787
LTU,2004,national,income,3.598525485964,2.021679401397705,15.73061705275
LTU,2005,national,income,2.866646167405,1.865425229072571,18.220562513015
LTU,2006,national,income,2.279256468606,1.847154259681702,22.691751283579
LTU,2007,national,income,2.243700898771,2.157681941986084,26.926536762178
LTU,2008,national,income,2.198060688448,2.26286244392395,28.825475880022
LTU,2008,national,consumption,1.868018969376,1.555386900901794,23.313913332675
LTU,2009,national,income,2.707818023654,2.310121774673462,23.887650855815
LTU,2010,national,income,2.755141783698,2.114818334579468,21.492510758557
LTU,2011,national,income,2.118998935576,1.778473138809204,23.500364044163
LTU,2012,national,income,2.257976716141,2.040600538253784,25.30443063101
LTU,2013,national,income,2.025664245786,1.912161231040955,26.431090424553
LTU,2014,national,income,2.157399615558,2.22506308555603,28.878175090148
LTU,2015,national,income,1.891787823903,2.148025035858154,31.792520961829
LTU,2016,national,income,1.953319086132,2.372787714004517,34.01290466156
LTU,2017,national,income,1.997909585219,2.584446907043457,36.220113421033
LTU,2018,national,income,1.477710303012,2.052608013153076,38.893296398516
LTU,2019,national,income,1.297272874406,1.983467936515808,42.810656781649
LTU,2020,national,income,1.004348850268,1.74709153175354,48.706745698222
LTU,2021,national,income,1.014666844336,1.820173859596252,50.228179745097
LTU,2022,national,income,1.215428855451,2.03253698348999,46.823828513145
LTU,2023,national,income,1.581330556914,2.627750396728516,46.528544798224
LUX,1985,national,income,.715720406554,1.263247847557068,49.420050453836
LUX,1986,national,income,.661192706971,1.290111064910889,54.633256098561
LUX,1987,national,income,.614158802683,1.321962714195251,60.269354386582
LUX,1988,national,income,.57514826722,1.288070201873779,62.707247951464
LUX,1989,national,income,.54388981529,1.319101929664612,67.908706874622
LUX,1990,national,income,.517221214476,1.268898963928223,68.692411239636
LUX,1991,national,income,.514756072977,1.267151117324829,68.926301539934
LUX,1992,national,income,.49292238606,1.262756705284119,71.729727936023
LUX,1993,national,income,.488968774255,1.25470244884491,71.84849146867199
LUX,1994,national,income,.53005104375,1.296093463897705,68.46626625021101
LUX,1995,national,income,.519748034234,1.301297664642334,70.103845171556
LUX,1996,national,income,.529246957185,1.329120635986328,70.31760285882
LUX,1997,national,income,.512589815141,1.332870960235596,72.80750993659299
LUX,1998,national,income,.5095384479640001,1.351714611053467,74.27900718422001
LUX,1999,national,income,.487386050076,1.337842583656311,76.85815775801299
LUX,2000,national,income,.487086880627,1.334407806396484,76.707914504112
LUX,2001,national,income,.480622276421,1.353732585906982,78.865494890935
LUX,2002,national,income,.453769309191,1.356257915496826,83.68838679017701
LUX,2003,national,income,.496802612217,1.451354503631592,81.798935501797
LUX,2004,national,income,.457784022387,1.373526096343994,84.01064749029
LUX,2005,national,income,.453967433091,1.407994508743286,86.842892037776
LUX,2006,national,income,.447181029029,1.370867490768433,85.83613421345299
LUX,2007,national,income,.443139704282,1.376238346099854,86.95829527690501
LUX,2008,national,income,.45808850465,1.41838550567627,86.69677201751
LUX,2009,national,income,.475119540794,1.465789437294006,86.38268942731899
LUX,2010,national,income,.457175536832,1.383878588676453,84.756505779161
LUX,2011,national,income,.500409374239,1.497072577476501,83.767481980905
LUX,2012,national,income,.513463864262,1.557207584381104,84.91700307260101
LUX,2013,national,income,.522114892369,1.573067784309387,84.36054725937301
LUX,2014,national,income,.560118209341,1.70333456993103,85.148754794553
LUX,2015,national,income,.712301224393,2.02307653427124,79.525544427277
LUX,2016,national,income,.521836580335,1.605867147445679,86.165442318228
LUX,2017,national,income,.669288290399,2.063662528991699,86.334319457891
LUX,2018,national,income,.595746256716,1.929113507270813,90.668094487153
LUX,2019,national,income,.5429756070490001,1.769676446914673,91.258136629737
LUX,2020,national,income,.407846169402,1.46893298625946,100.847150127289
LUX,2021,national,income,.446267091861,1.603310942649841,100.596050943989
LUX,2022,national,income,.429996625381,1.585880041122437,103.26741735187
LUX,2023,national,income,.40616819949,1.539028763771057,106.09595684737
LVA,1993,national,income,3.574417656256,1.244523406028748,9.748904205941001
LVA,1995,national,income,3.321030525374,1.369493007659912,11.546357066552
LVA,1996,national,income,3.532502649811,1.412812471389771,11.198505588003
LVA,1997,national,consumption,3.805096939867,1.500820875167847,11.043867343124
LVA,1998,national,consumption,3.642716588436,1.465197682380676,11.262345731125
LVA,2002,national,consumption,2.806968807371,1.523274779319763,15.19492976695
LVA,2003,national,consumption,2.510665818969,1.554216146469116,17.333271873758
LVA,2004,national,income,3.577287946432,1.96437406539917,15.37546700408
LVA,2004,national,consumption,2.432008803307,1.503979921340942,17.315495959318
LVA,2005,national,income,3.360314213746,2.112024068832397,17.598555005331
LVA,2006,national,income,2.621498695723,1.95623767375946,20.894404752313
LVA,2007,national,income,1.905696461984,1.850656628608704,27.191310740889
LVA,2007,national,consumption,1.761053099717,1.531797885894775,24.354939741943
LVA,2008,national,income,2.096995988269,1.983050227165222,26.47854619662
LVA,2008,national,consumption,1.751992444848,1.5246502161026,24.366661114315
LVA,2009,national,income,2.730658646608,2.1262047290802,21.801967626938
LVA,2009,national,consumption,2.127134621774,1.506611466407776,19.831900499471
LVA,2010,national,income,2.662219075973,1.958352446556091,20.597053488767
LVA,2011,national,income,2.374920897217,1.784804701805115,21.042608411339
LVA,2012,national,income,2.305478573804,1.779831171035767,21.616020368337
LVA,2013,national,income,2.27041245325,1.940202474594116,23.927665220963
LVA,2014,national,income,1.926903182222,1.804772973060608,26.225314912012
LVA,2015,national,income,1.768500175411,1.780002951622009,28.182118267426
LVA,2016,national,income,1.629755619516,1.722896933555603,29.600214114359
LVA,2017,national,income,1.577356568609,1.807973265647888,32.093727602765
LVA,2018,national,income,1.365360462451,1.704033374786377,34.945301881789
LVA,2019,national,income,1.321272841336,1.712808132171631,36.297293576754
LVA,2020,national,income,1.284761167378,1.795552611351013,39.132155447173
LVA,2021,national,income,1.246117231259,1.820317029953003,40.9021517988
LVA,2022,national,income,1.219244024923,1.654083013534546,37.986098364156
LVA,2023,national,income,1.289788281471,1.843388080596924,40.018091977771
MAR,1984,national,consumption,6.984499335318,1.509914040565491,6.05306009692
MAR,1990,national,consumption,5.218503800368,1.582577466964722,8.491354930816
MAR,1998,national,consumption,6.168980563634,1.603552341461182,7.278263442861
MAR,2000,national,consumption,6.121774719555,1.635917901992798,7.482421972237
MAR,2006,national,consumption,5.037694141036,1.626534581184387,9.040439169597001
MAR,2013,national,consumption,3.860165002628,1.593002200126648,11.554962396858
MDA,1997,national,consumption,6.927640275546,1.622069120407104,6.556047007372
MDA,1998,national,consumption,8.856404353090999,1.703827857971191,5.386743681414
MDA,1999,national,consumption,10.292463764066,1.733901381492615,4.716969558489
MDA,2000,national,consumption,9.875234941982001,1.540476679801941,4.36782987989
MDA,2001,national,consumption,8.532943278984,1.583918333053589,5.197469645022
MDA,2002,national,consumption,6.586687880304,1.506710290908813,6.405023001391
MDA,2003,national,consumption,5.300861487503,1.447452902793884,7.645678377865
MDA,2004,national,consumption,5.477811497304,1.469530820846558,7.511551176728
MDA,2005,national,consumption,6.278197061275,1.523053646087646,6.792635322371
MDA,2006,national,consumption,3.702661166788,1.527449250221252,11.550767452774
MDA,2007,national,consumption,3.158841629352,1.473308444023132,13.059419515822
MDA,2008,national,consumption,3.230255584059,1.469249844551086,12.735523659425
MDA,2009,national,consumption,3.135469301656,1.423680901527405,12.7135877355
MDA,2010,national,consumption,2.980988767037,1.382547616958618,12.986071192827
MDA,2011,national,consumption,2.823999335976,1.343532562255859,13.321147122456
MDA,2012,national,consumption,2.806923080144,1.304345607757568,13.011285211111
MDA,2013,national,consumption,2.590986886191,1.288044929504395,13.919506510157
MDA,2014,national,consumption,2.570709798307,1.245828032493591,13.569476452693
MDA,2015,national,consumption,2.503217832665,1.252717971801758,14.012405049119
MDA,2016,national,consumption,2.554397902456,1.240953922271729,13.602700932228
MDA,2017,national,consumption,2.521779003281,1.229827642440796,13.655111625402
MDA,2018,national,consumption,2.42207780431,1.223594427108765,14.145145541752
MDA,2019,national,consumption,2.395840018907,1.231295943260193,14.390062249382
MDA,2020,national,consumption,2.459263212933,1.21106219291687,13.788576842443
MDA,2021,national,consumption,2.387122789303,1.226180076599121,14.382604756756
MDA,2022,national,consumption,2.562909770574,1.222152829170227,13.352120403961
MDA,2023,national,consumption,2.574924225857,1.244125366210938,13.528752043375
MDG,1980,national,consumption,14.979067018263,1.91328501701355,3.576456445544
MDG,1993,national,consumption,22.836925347889,1.846745729446411,2.264266299167
MDG,1997,national,consumption,21.419637279139,1.657037615776062,2.166098862088
MDG,1999,national,consumption,20.48491562103,1.6167072057724,2.209811558336
MDG,2001,national,consumption,13.555810706856,1.990180253982544,4.110786771706
MDG,2005,national,consumption,11.714726533414,1.604870438575745,3.835887355398
MDG,2010,national,consumption,14.333339374495,1.708444237709045,3.337424498484
MDG,2012,national,consumption,15.860927867136,1.775660634040833,3.134652589341
MDG,2021,national,consumption,14.4266793387,1.500346779823303,2.911945937457
MDV,2002,national,consumption,6.785530321437,1.621841192245483,6.692410301184
MDV,2009,national,consumption,5.406352370962,1.597672343254089,8.274493316579999
MDV,2016,national,consumption,2.068007334643,1.362229347229004,18.444046210998
MDV,2019,national,consumption,2.054471552365,1.300684332847595,17.726778874787
MEX,1984,national,income,5.576216879648,2.112179040908813,10.605938295297
MEX,1989,national,income,5.955621896914,2.330198287963867,10.955288099891
MEX,1992,national,income,5.16832802737,2.375974416732788,12.872109851433
MEX,1994,national,income,5.255935286522,2.505348205566406,13.346767686983
MEX,1996,national,income,7.113117528685,2.47063136100769,9.725366833936
MEX,1998,national,income,7.030779434804,2.655678272247314,10.576209243011
MEX,2000,national,income,5.949968606009,2.67548942565918,12.590605400752
MEX,2002,national,income,5.194429465235,2.341080904006958,12.619338839149
MEX,2004,national,income,5.041438213964,2.399276494979858,13.325511366951
MEX,2005,national,income,5.140019043782,2.516330003738403,13.707583630431
MEX,2006,national,income,4.457140082016,2.277142286300659,14.305132787562
MEX,2008,national,income,4.644136764181,2.430402278900146,14.653156034833
MEX,2010,national,income,4.410483117232,2.160364389419556,13.71509637731
MEX,2012,national,income,4.141555276634,2.209555149078369,14.938239498909
MEX,2014,national,income,4.226386352118,2.121427059173584,14.054549268198
MEX,2016,national,income,3.520658091019,1.995071053504944,15.866916709514
MEX,2018,national,income,3.362928918609,1.944638848304749,16.191209456274
MEX,2020,national,income,3.473672440818,1.912667274475098,15.417309709731
MEX,2022,national,income,2.886176187896,1.83669912815094,17.818584766728
MHL,2019,national,consumption,3.275336366388,1.495303392410278,12.782960602126
MKD,1998,national,consumption,3.721970552133,1.312095642089844,9.870759908905001
MKD,2000,national,consumption,4.87304659672,1.520849585533142,8.738637714640999
MKD,2002,national,consumption,3.175296941931,1.649313926696777,14.543770575123
MKD,2003,national,consumption,3.248056268614,1.649140477180481,14.216482394708
MKD,2004,national,consumption,2.597739389129,1.647778153419495,17.760746120788
MKD,2005,national,consumption,3.126836481436,1.709475636482239,15.307905210096
MKD,2006,national,consumption,3.287669336702,1.852872490882874,15.780306566973
MKD,2008,national,consumption,2.605498648978,1.967527270317078,21.144038463313
MKD,2009,national,income,5.695199814118,2.449908971786499,12.044783392948
MKD,2010,national,income,7.670538214055,3.299916505813599,12.045786290558
MKD,2011,national,income,5.427529492988,2.412311792373657,12.444838710308
MKD,2012,national,income,4.732776988577,2.115469455718994,12.515515737074
MKD,2013,national,income,4.135914420425,1.849189043045044,12.518947330204
MKD,2014,national,income,4.049234802941,1.9278404712677,13.330798712469
MKD,2015,national,income,4.027720996597,2.000986814498901,13.910504222786
MKD,2016,national,income,3.606743017791,1.899357795715332,14.745164386785
MKD,2017,national,income,3.603723355857,1.975963950157166,15.352729889679
MKD,2018,national,income,3.102840073695,1.746598720550537,15.761290369504
MKD,2019,national,income,2.939626423609,1.807526707649231,17.216727510025
MLI,1994,national,consumption,36.406288844575,2.032490730285645,1.563184263198
MLI,2001,national,consumption,16.199319875214,1.644638776779175,2.842704905281
MLI,2006,national,consumption,14.072838744114,1.606622815132141,3.1966143859
MLI,2009,national,consumption,13.013732959798,1.406971573829651,3.027202511768
MLI,2018,national,consumption,7.621093202309,1.469385147094727,5.398540982717
MLI,2021,national,consumption,8.502714853037,1.450858950614929,4.777774231057
MLT,2006,national,income,1.099001555512,1.468334555625916,37.409744780786
MLT,2007,national,income,1.076229392464,1.567263960838318,40.775128856728
MLT,2008,national,income,.934224813991,1.395784378051758,41.833574982366
MLT,2009,national,income,1.076279358233,1.57717502117157,41.031075529707
MLT,2010,national,income,.990388661451,1.469578862190247,41.547534558328
MLT,2011,national,income,.997803954787,1.510645866394043,42.39117678436
MLT,2012,national,income,.887239366813,1.391398668289185,43.910541779064
MLT,2013,national,income,.803948913212,1.328539609909058,46.270488774107
MLT,2014,national,income,.758924392681,1.328061103820801,48.997911268851
MLT,2015,national,income,.809608928489,1.423609256744385,49.234956610764
MLT,2016,national,income,.770210898638,1.440069198608398,52.351812731212
MLT,2017,national,income,.7782859868549999,1.465214014053345,52.71326226341
MLT,2018,national,income,.721187665871,1.391712427139282,54.033019069903
MLT,2019,national,income,.77573055118,1.630720019340515,58.860849997048
MLT,2020,national,income,.715679839418,1.571769833564758,61.493354979592
MLT,2021,national,income,.625010024768,1.44044303894043,64.530813390349
MLT,2022,national,income,.684413253436,1.599751114845276,65.447347325382
MMR,2015,national,consumption,6.701628520272,1.526503324508667,6.377866788052
MMR,2017,national,consumption,5.675987424405,1.326144576072693,6.541953928465
MNE,2005,national,consumption,2.371074810672,1.347012519836426,15.906858195778
MNE,2006,national,consumption,2.284854695481,1.343505620956421,16.464135660877
MNE,2007,national,consumption,1.921557838716,1.389894366264343,20.252860472966
MNE,2008,national,consumption,1.783142019487,1.356223344802856,21.296259343029
MNE,2009,national,consumption,1.838260832936,1.371747136116028,20.894162160363
MNE,2010,national,consumption,1.949474149012,1.315100312232971,18.888585584772
MNE,2011,national,consumption,2.071984909958,1.376258611679077,18.59822547076
MNE,2012,national,income,3.769030152196,2.288490295410156,17.001117656694
MNE,2012,national,consumption,2.417022900347,1.506011247634888,17.446385750483
MNE,2013,national,income,3.20109831049,1.927906632423401,16.863394778548
MNE,2013,national,consumption,2.308555724466,1.462379574775696,17.736902347678
MNE,2014,national,consumption,2.054775729875,1.367344260215759,18.632514104283
MNE,2014,national,income,3.009384696046,1.877975583076477,17.473112012784
MNE,2015,national,income,2.838573572799,1.794459104537964,17.70074090731
MNE,2016,national,income,3.637886281957,2.512769937515259,19.340230359178
MNE,2017,national,income,3.835972854925,2.612197399139404,19.06726941453
MNE,2018,national,income,3.027586856627,2.004630327224731,18.539401096043
MNE,2019,national,income,2.555706442598,1.7687007188797,19.377663790154
MNE,2020,national,income,2.752062832953,1.875360369682312,19.08026551863
MNE,2021,national,income,2.776795069731,2.046593904495239,20.636968467615
MNG,1995,national,consumption,6.818525742064,1.423593640327454,5.845929662034
MNG,1998,national,consumption,9.838256219382,1.375484824180603,3.914674779211
MNG,2002,national,consumption,6.576856000438,1.439851403236389,6.129956098269
MNG,2007,national,consumption,4.128518912753,1.480536222457886,10.041134976026
MNG,2010,national,consumption,3.983243236442,1.406616926193237,9.887740300601999
MNG,2011,national,consumption,3.652763251944,1.419859290122986,10.883831389456
MNG,2012,national,consumption,3.193374464941,1.427772998809814,12.518933896976
MNG,2014,national,consumption,2.96471786761,1.382280707359314,13.054820366841
MNG,2016,national,consumption,3.590168349133,1.385328769683838,10.804286272422
MNG,2018,national,consumption,3.408072304729,1.39818811416626,11.48721743854
MNG,2022,national,consumption,2.673304575172,1.368240714073181,14.330854780769
MOZ,1996,national,consumption,35.703836360621,2.220299959182739,1.741224658702
MOZ,2002,national,consumption,26.874859328234,1.860353231430054,1.938238589703
MOZ,2008,national,consumption,22.617638380032,1.879139065742493,2.326321267458
MOZ,2014,national,consumption,20.391527050255,2.288572311401367,3.142482990924
MOZ,2019,national,consumption,25.243784337518,2.132603645324707,2.365449786533
MOZ,2022,national,consumption,24.427747165547,2.077036380767822,2.380776881711
MRT,1987,national,consumption,15.011163808887,2.121500015258789,3.957188157607
MRT,1993,national,consumption,12.199472446426,1.98319685459137,4.551796082573
MRT,1995,national,consumption,8.730688569053999,1.630843877792358,5.230243751961
MRT,2000,national,consumption,8.156730012862001,1.631415843963623,5.600239907273
MRT,2004,national,consumption,7.867826287504,1.623038411140442,5.776065063559
MRT,2008,national,consumption,6.567733577549,1.55243706703186,6.618453389672
MRT,2014,national,consumption,5.546663836425,1.43442702293396,7.241101811553
MRT,2019,national,consumption,5.49787447538,1.415090084075928,7.206880217119
MUS,2006,national,consumption,2.944352222514,1.469926714897156,13.978608481977
MUS,2012,national,consumption,2.749307539789,1.557109832763672,15.858202337087
MUS,2017,national,consumption,2.412203257938,1.509503126144409,17.521776914766
MWI,1997,national,consumption,13.707242655569,2.829400062561035,5.779659775714
MWI,2004,national,consumption,16.050099610648,1.571048140525818,2.74075238339
MWI,2010,national,consumption,17.951374717987,1.825989723205566,2.848122470534
MWI,2016,national,consumption,15.335274584892,1.714710354804993,3.130813815398
MWI,2019,national,consumption,16.727274914544,1.548171877861023,2.591504856393
MYS,1984,national,income,3.751137693378,2.022249937057495,15.094887049722
MYS,1987,national,income,3.72821274451,1.932526707649231,14.513857576497
MYS,1989,national,income,3.673168191455,1.872949600219727,14.277208469537
MYS,1992,national,income,3.513642058985,1.988496780395508,15.846209736551
MYS,1995,national,income,3.473920233103,2.045489549636841,16.486765289697
MYS,1997,national,income,2.843437754291,2.086812734603882,20.549335220054
MYS,2003,national,income,2.983811937551,2.020778894424438,18.962928140114
MYS,2006,national,income,2.591060449776,1.914212942123413,20.685724163289
MYS,2008,national,income,2.551903884809,1.968089580535889,21.594273095868
MYS,2011,national,income,1.962559544815,1.855678677558899,26.475121343829
MYS,2013,national,income,1.590419270462,1.714473366737366,30.184024574184
MYS,2015,national,income,1.430426213155,1.714080214500427,33.552408462162
MYS,2018,national,income,1.285715711037,1.72157883644104,37.49211918726
MYS,2021,national,income,1.191523085283,1.689250469207764,39.696263816995
NAM,1993,national,income,19.750370871573,4.878335952758789,6.915991785112
NAM,2003,national,consumption,11.225168456493,3.145412683486938,7.845900752167
NAM,2009,national,consumption,9.179507444122001,2.885365724563599,8.801152155612
NAM,2015,national,consumption,6.983753319327,3.17339038848877,12.72309094921
NER,1992,national,consumption,21.273371315702,1.454951524734497,1.915006470702
NER,1994,national,consumption,28.131896778351,1.680628299713135,1.672748670014
NER,2005,national,consumption,23.145194572376,1.769944190979004,2.14119764152
NER,2007,national,consumption,18.499873898921,1.479457378387451,2.239193945658
NER,2011,national,consumption,12.903087175777,1.334405422210693,2.895690848835
NER,2014,national,consumption,12.545224083865,1.428504109382629,3.188314215354
NER,2018,national,consumption,11.659616748907,1.482451677322388,3.560035251733
NER,2021,national,consumption,11.335916528193,1.359645962715149,3.358359824238
NGA,1985,national,consumption,11.907226579325,1.620333671569824,3.810235870785
NGA,1992,national,consumption,16.566160052807,2.223737716674805,3.758544838955
NGA,1996,national,consumption,17.676445899214,2.421717643737793,3.836070664031
NGA,2003,national,consumption,12.69304468911,1.73664927482605,3.830931185694
NGA,2010,national,consumption,9.109434289013,1.495389342308044,4.596432598224
NGA,2012,national,consumption,8.961300310746999,1.492423534393311,4.663146903595
NGA,2015,national,consumption,8.729434976667999,1.505696892738342,4.829581001627
NGA,2018,national,consumption,8.674624869661001,1.48764955997467,4.801843260631
NGA,2022,national,consumption,9.756024804142999,1.44828736782074,4.156615721035
NIC,1993,national,income,17.466173556276,3.636524677276611,5.829707877042
NIC,1993,national,consumption,8.769787590393999,2.141731977462769,6.838078699512
NIC,1998,national,consumption,7.723878864502,1.85382878780365,6.720354713737
NIC,1998,national,income,11.696937496405,2.990140199661255,7.157764481434
NIC,2001,national,consumption,8.046881255822001,1.770762205123901,6.161559906233
NIC,2001,national,income,8.170069367489999,2.473684787750244,8.477673106324
NIC,2005,national,consumption,7.569727413142,1.647601127624512,6.094384664056
NIC,2005,national,income,5.999274735707,2.068250417709351,9.653001724613
NIC,2009,national,income,5.566138422863,1.871870279312134,9.416289208861
NIC,2014,national,income,4.174066079493,1.925148129463196,12.914061785279
NLD,1983,national,income,1.362814636862,1.976740717887878,40.613548871704
NLD,1987,national,income,1.053515404178,1.661862850189209,44.168468034352
NLD,1990,national,income,1.290120733537,2.500854015350342,54.277024538285
NLD,1993,national,income,1.50921170849,2.698215246200562,50.059265113292
NLD,1999,national,income,.791476920665,1.669794082641602,59.072136854711
NLD,2004,national,income,.707826728829,1.504686117172241,59.521925804671
NLD,2005,national,income,.6665161638679999,1.431986451148987,60.157010628281
NLD,2006,national,income,.61002292408,1.392125248908997,63.898430073748
NLD,2007,national,income,.571917116878,1.367547512054443,66.952583843433
NLD,2008,national,income,.6016424438620001,1.436819791793823,66.868542912859
NLD,2009,national,income,.607181651608,1.429042816162109,65.899881208259
NLD,2010,national,income,.57142077719,1.328414916992188,65.09321756489901
NLD,2011,national,income,.618627318394,1.421581745147705,64.342920244344
NLD,2012,national,income,.59477215422,1.347804069519043,63.450373877198
NLD,2013,national,income,.604777813678,1.342745780944824,62.166434514215
NLD,2014,national,income,.606555719432,1.368573188781738,63.176471832942
NLD,2015,national,income,.569838552279,1.362483263015747,66.94796192746399
NLD,2016,national,income,.552172122895,1.36402440071106,69.168075101173
NLD,2017,national,income,.58125387081,1.44726824760437,69.717404814562
NLD,2018,national,income,.57405343939,1.43238639831543,69.866001392024
NLD,2019,national,income,.551776735398,1.429554581642151,72.542978186356
NLD,2020,national,income,.500077490053,1.325772523880005,74.231758376063
NLD,2021,national,income,.5081074204080001,1.370000839233398,75.495894625969
NOR,1979,national,income,1.171758980185,1.402143597602844,33.505201008155
NOR,1986,national,income,.794839770829,1.268564820289612,44.688020685095
NOR,1991,national,income,.9826307753969999,1.663806676864624,47.410062552868
NOR,1995,national,income,.975187996006,1.675463318824768,48.106595587839
NOR,2000,national,income,.806114472402,1.687720417976379,58.622160749904
NOR,2003,national,income,.68136675324,1.518191337585449,62.388366601023
NOR,2004,national,income,.806222250608,1.898198366165161,65.92419697096599
NOR,2005,national,income,.703540746554,1.697169661521912,67.54512787207
NOR,2006,national,income,.6529146383959999,1.513148665428162,64.89081515252499
NOR,2007,national,income,.594594812884,1.523039221763611,71.72127437773401
NOR,2008,national,income,.606569440659,1.609439969062805,74.29374926407399
NOR,2009,national,income,.526894571263,1.399484753608704,74.370805963762
NOR,2010,national,income,.5701958512700001,1.519079089164734,74.59580013599999
NOR,2011,national,income,.508569398069,1.421601057052612,78.268234786446
NOR,2012,national,income,.53336433012,1.525267481803894,80.071887207591
NOR,2013,national,income,.49483528805,1.48504114151001,84.03028621464399
NOR,2014,national,income,.493632995436,1.504985332489014,85.366235076067
NOR,2015,national,income,.502270798316,1.549692392349243,86.390421427211
NOR,2016,national,income,.604777490025,1.856556057929993,85.95487122952299
NOR,2017,national,income,.619995797216,1.866253733634949,84.282998672738
NOR,2018,national,income,.631104673531,1.914635062217712,84.9459447647
NOR,2019,national,income,.559801793297,1.744062662124634,87.234007691477
NOR,2020,national,income,.662858543956,1.997875928878784,84.392855801064
NOR,2021,national,income,.572408522901,1.780287742614746,87.084757152115
NOR,2022,national,income,.660132470028,1.999610781669617,84.814949285509
NOR,2023,national,income,.552162896448,1.710544466972351,86.741153127646
NPL,1984,national,income,16.486752972524,1.298110961914063,2.20462492815
NPL,1995,national,consumption,14.270798247654,1.439621090888977,2.824606603432
NPL,2003,national,consumption,11.487308788305,1.682964444160461,4.102179736838
NPL,2010,national,consumption,6.876177015268,1.38253128528595,5.629709178491
NPL,2022,national,consumption,3.907729901515,1.321604490280151,9.469673735863999
NRU,2012,national,consumption,4.978580757774,1.375038743019104,7.73334570863
PAK,1987,national,consumption,16.658441351509,1.387300968170166,2.331816482316
PAK,1990,national,consumption,16.479995423225,1.394613981246948,2.369490483465
PAK,1996,national,consumption,9.283687415513,1.265692114830017,3.81738189075
PAK,1998,national,consumption,10.074849549522,1.366451144218445,3.797638066921
PAK,2001,national,consumption,10.532715333206,1.269056797027588,3.373639984519
PAK,2004,national,consumption,8.993481518784,1.321569561958313,4.114529869374
PAK,2005,national,consumption,8.898224653731001,1.317365050315857,4.145346038968
PAK,2007,national,consumption,8.275970764174,1.283567786216736,4.342680504344
PAK,2010,national,consumption,7.578297566176,1.268322348594666,4.686148247035
PAK,2011,national,consumption,7.497155848801,1.284385919570923,4.796859684026
PAK,2013,national,consumption,7.057747671458,1.286624312400818,5.104387937346
PAK,2015,national,consumption,6.606242034228,1.317403316497803,5.583702662086
PAK,2018,national,consumption,6.620992316496,1.284329295158386,5.431394276684
PAN,1979,national,income,5.101739983244,2.225713491439819,12.215436016573
PAN,1989,national,income,17.713467666938,6.820315837860107,10.780997026632
PAN,1991,national,income,15.159362551178,6.231285095214844,11.509454215359
PAN,1995,national,income,12.815394987781,6.7255539894104,14.6944760277
PAN,1997,national,income,10.917735986739,5.935465335845947,15.222297860027
PAN,1998,national,income,11.639065414472,6.060497760772705,14.57968745472
PAN,1999,national,income,10.515652238756,5.752223491668701,15.316430804267
PAN,2000,national,income,8.331215550770001,4.839913845062256,16.26624424294
PAN,2001,national,income,9.270345661525001,4.738982677459717,14.313545031828
PAN,2002,national,income,6.452335974813,3.603243112564087,15.636323021091
PAN,2003,national,income,6.539878065068,3.715171098709106,15.90622808591
PAN,2004,national,income,5.990957523309,3.464126348495483,16.190322728288
PAN,2005,national,income,5.873729727485,3.35217022895813,15.979756227923
PAN,2006,national,income,6.310865399552,3.648297071456909,16.186736799313
PAN,2007,national,income,5.009529064483,3.026580333709717,16.916610569845
PAN,2008,national,income,3.801131102729,2.767238140106201,20.384109028357
PAN,2009,national,income,3.486571918804,2.545153856277466,20.439650192228
PAN,2010,national,income,3.633109587647,2.715742588043213,20.929946728602
PAN,2011,national,income,3.238391058211,2.679429531097412,23.167069331414
PAN,2012,national,income,3.420221873858,2.864149808883667,23.447658730149
PAN,2013,national,income,3.107370910639,2.695617914199829,24.289763461918
PAN,2014,national,income,3.203624212818,2.791962623596191,24.402035259521
PAN,2015,national,income,2.772170403057,2.639012336730957,26.655052217637
PAN,2016,national,income,2.698649480094,2.699819564819336,28.012140963603
PAN,2017,national,income,2.880306859541,2.865602254867554,27.85705325849
PAN,2018,national,income,2.487124077953,2.608583211898804,29.367385569354
PAN,2019,national,income,2.404772785341,2.608563423156738,30.372839910515
PAN,2021,national,income,2.70518971799,2.704148530960083,27.989224386236
PAN,2023,national,income,2.573060126846,2.510832548141479,27.32283983112
PAN,2024,national,income,2.446845901623,2.508029460906982,28.700142953938
PER,1985,national,consumption,3.878682813237,2.015643358230591,14.550820121506
PER,1994,national,consumption,7.682754753337,1.941286206245422,7.075068263815
PER,1997,national,income,8.902322401724,2.96473503112793,9.32482326571
PER,1998,national,income,8.807277752947,3.078642845153809,9.787587147984
PER,1999,national,income,8.889777728206001,3.033754348754883,9.555370577306
PER,2000,national,income,8.425768318893001,2.533467769622803,8.419066075448001
PER,2001,national,income,8.644503405668001,2.624891519546509,8.502161710595001
PER,2002,national,income,7.92063972835,2.776866912841797,9.816413382042001
PER,2003,national,income,6.948622995694,2.526677131652832,10.181436209478
PER,2004,national,income,7.294245121692,2.415174961090088,9.270993020632
PER,2005,national,income,7.868878780901,2.492614269256592,8.869522773435
PER,2006,national,income,7.093837696174,2.529018402099609,9.982257507838
PER,2007,national,income,6.353811082969,2.545727252960205,11.218521525247
PER,2008,national,income,5.668238304473,2.356076955795288,11.638564388733
PER,2009,national,income,5.234108876426,2.270114660263062,12.144036693387
PER,2010,national,income,4.711908720892,2.138508558273315,12.707852137094
PER,2011,national,income,4.500140675171,2.110934019088745,13.134289615935
PER,2012,national,income,4.2954161248,2.126195669174194,13.859769906783
PER,2013,national,income,4.133466889775,2.066362857818604,13.997489178129
PER,2014,national,income,4.005901873398,2.012565135955811,14.067201034951
PER,2015,national,income,3.967206005708,2.012207984924316,14.201889999285
PER,2016,national,income,3.874522429318,2.032467365264893,14.688026054204
PER,2017,national,income,3.877157164259,2.004483222961426,14.475949591653
PER,2018,national,income,3.634972105004,1.928713440895081,14.85677850471
PER,2019,national,income,3.492729430092,1.878082275390625,15.055933949515
PER,2020,national,income,4.812486590412,2.03989577293396,11.868516958585
PER,2021,national,income,3.701116328851,1.74708878993988,13.217224753108
PER,2022,national,income,3.696129274405,1.788672924041748,13.550078291172
PER,2023,national,income,3.81176950699,1.841026306152344,13.52357160568
PER,2024,national,income,3.634083547434,1.799153566360474,13.862174319773
PHL,1985,national,consumption,9.655340281799999,1.615374445915222,4.684504407626
PHL,1988,national,consumption,9.267701894741,1.626806735992432,4.914982096482
PHL,1991,national,consumption,9.167211569865,1.724456667900085,5.267118284317
PHL,1994,national,consumption,8.909839237121,1.699307322502136,5.340231637915
PHL,1997,national,consumption,7.717620965614,1.845690727233887,6.696278799452
PHL,2000,national,income,7.005583299283,1.935345411300659,7.735211955101
PHL,2000,national,consumption,7.447408398385,1.687184929847717,6.343304521713
PHL,2003,national,income,6.909029788508,1.905330657958984,7.721671368549
PHL,2003,national,consumption,7.195273654989,1.659863471984863,6.459264674991
PHL,2006,national,income,7.071893724513,1.944149017333984,7.697538026065
PHL,2006,national,consumption,7.315021255788,1.717211961746216,6.573041030897
PHL,2009,national,income,6.49792647114,1.878205895423889,8.093314667517999
PHL,2009,national,consumption,6.754984014113,1.663950443267822,6.897220169999
PHL,2012,national,consumption,6.947517177412,1.685581207275391,6.793257639597
PHL,2012,national,income,6.399805549715,1.894788861274719,8.289953375642
PHL,2015,national,income,5.565090331129,1.793419599533081,9.023348213898
PHL,2015,national,consumption,6.236836733356,1.615144968032837,7.251121204614
PHL,2018,national,income,4.738423404045,1.683923006057739,9.950534426419001
PHL,2018,national,consumption,5.646813401888,1.524890184402466,7.561242444395
PHL,2021,national,consumption,6.046330371857,1.518548130989075,7.032256783062
PHL,2021,national,income,4.797026539129,1.620804786682129,9.460555306667001
PHL,2023,national,income,4.415393654742,1.565390586853027,9.926847123335
PHL,2023,national,consumption,5.57696585132,1.44507896900177,7.255237090735
PNG,1996,national,consumption,16.48532341342,1.972768425941467,3.350708564843
PNG,2009,national,consumption,13.491122404067,1.848664164543152,3.836789555536
POL,1985,national,income,2.120190298552,1.222795605659485,16.148680553183
POL,1986,national,income,2.253707708928,1.32861852645874,16.506718515786
POL,1987,national,income,2.086817067645,1.229400992393494,16.495566087633
POL,1989,national,income,1.491232481363,1.262026906013489,23.696341417127
POL,1992,national,income,2.066977629415,1.343032598495483,18.193188364397
POL,1993,national,consumption,3.300551437505,1.254981875419617,10.646552423098
POL,1995,national,income,3.081420763616,1.647770166397095,14.97282237789
POL,1996,national,consumption,5.138617228677,1.366780400276184,7.447500002726
POL,1998,national,consumption,2.35288508879,1.379854202270508,16.42065681406
POL,1999,national,consumption,2.410032955551,1.390345811843872,16.153173790448
POL,1999,national,income,2.324167419022,1.488282799720764,17.929826869471
POL,2000,national,consumption,2.439437593734,1.407259345054626,16.152601313987
POL,2001,national,consumption,2.470786440422,1.407294392585754,15.94805695845
POL,2002,national,consumption,2.497738814131,1.434942483901978,16.085904591379
POL,2003,national,consumption,2.309858277924,1.466106176376343,17.772074059611
POL,2004,national,income,2.923590025286,2.026195049285889,19.405408676541
POL,2004,national,consumption,2.259386592853,1.495615482330322,18.534779920873
POL,2005,national,income,2.305112336435,1.69177770614624,20.549877394527
POL,2005,national,consumption,2.447602955981,1.452404618263245,16.615166062151
POL,2006,national,income,2.0968211913,1.645533919334412,21.97371484714
POL,2006,national,consumption,2.257666209498,1.425646543502808,17.681136278927
POL,2007,national,consumption,2.113726811524,1.417664408683777,18.779439351859
POL,2007,national,income,1.869289008407,1.648481726646423,24.692537983656
POL,2008,national,income,1.580704509713,1.503093719482422,26.625232886178
POL,2008,national,consumption,1.976793498014,1.420669436454773,20.122862745422
POL,2009,national,income,1.581299132678,1.529183387756348,27.077189496272
POL,2009,national,consumption,1.93427991908,1.415221691131592,20.486284147864
POL,2010,national,consumption,1.910224943533,1.409679651260376,20.663026574292
POL,2010,national,income,1.564150667954,1.543087959289551,27.622955339236
POL,2011,national,consumption,1.927006982576,1.40162467956543,20.366033933679
POL,2011,national,income,1.565117831917,1.555902004241943,27.835127796
POL,2012,national,consumption,1.92047865161,1.388451814651489,20.243208613783
POL,2012,national,income,1.553249964048,1.536293625831604,27.694332218321
POL,2013,national,income,1.543528334128,1.564320921897888,28.377183090032
POL,2013,national,consumption,1.907493091591,1.394309878349304,20.467008364849
POL,2014,national,consumption,1.869462581711,1.385390162467957,20.749772740869
POL,2014,national,income,1.500779982028,1.563467621803284,29.169560363949
POL,2015,national,consumption,1.819659864513,1.375172972679138,21.160461610159
POL,2015,national,income,1.436257489988,1.573083519935608,30.667439179375
POL,2016,national,consumption,1.698385410054,1.342235088348389,22.128418148597
POL,2016,national,income,1.293102103521,1.515885949134827,32.824017608701
POL,2017,national,consumption,1.649303991868,1.328329086303711,22.550855165958
POL,2017,national,income,1.282147881777,1.544420719146729,33.727607005558
POL,2018,national,income,1.167056410164,1.511147379875183,36.255425055306
POL,2018,national,consumption,1.691646812056,1.348071455955505,22.313169491605
POL,2019,national,income,.967213802549,1.371425271034241,39.701571767455
POL,2019,national,consumption,1.613151977405,1.323576807975769,22.973750027471
POL,2020,national,income,.982142801986,1.427308559417725,40.691270097472
POL,2021,national,income,.911003291583,1.399454951286316,43.012731438576
POL,2022,national,income,.99122842519,1.538984656333923,43.472897727302
POL,2023,national,income,.935349504252,1.471659660339355,44.054622896889
PRT,2003,national,income,1.691681337074,1.995442390441895,33.027726290397
PRT,2004,national,income,1.486411772712,1.811303853988647,34.120092635128
PRT,2005,national,income,1.465769963072,1.780900001525879,34.01980036086
PRT,2006,national,income,1.302372623249,1.6104736328125,34.623931953421
PRT,2007,national,income,1.295003172521,1.613126754760742,34.878331701241
PRT,2008,national,income,1.30137410564,1.606707692146301,34.56947258348
PRT,2009,national,income,1.228709325592,1.550741910934448,35.338522685169
PRT,2010,national,income,1.261564291596,1.564823508262634,34.730737598163
PRT,2011,national,income,1.411656420428,1.676703095436096,33.257161631277
PRT,2012,national,income,1.609642072445,1.800115704536438,31.313322291593
PRT,2013,national,income,1.633760209828,1.822788715362549,31.239642597674
PRT,2014,national,income,1.517410312441,1.723201036453247,31.797351047062
PRT,2015,national,income,1.435204101328,1.71569287776947,33.472173436775
PRT,2016,national,income,1.363672037194,1.671687006950378,34.32440870981
PRT,2017,national,income,1.314416723788,1.622658252716064,34.566229569552
PRT,2018,national,income,1.232975435657,1.606435179710388,36.48100649017
PRT,2019,national,income,1.067104917066,1.486073136329651,38.993400381926
PRT,2020,national,income,1.18776017334,1.716047406196594,40.453728281654
PRT,2021,national,income,1.111408626837,1.604289531707764,40.417273150296
PRT,2022,national,income,1.117570133199,1.630634427070618,40.854495141246
PRT,2023,national,income,1.097961340011,1.610364198684692,41.067199655852
PRY,1990,national,income,3.009729437784,1.788451194763184,16.638250624096
PRY,1995,national,income,6.897931535034,3.859408140182495,15.666062339977
PRY,1997,national,income,6.027661433402,3.620930671691895,16.82013146677
PRY,1999,national,income,5.957554941057,3.253826141357422,15.292704947972
PRY,2001,national,income,5.470344936257,3.047143220901489,15.596824281583
PRY,2002,national,income,6.823440252423,3.081710338592529,12.645804142887
PRY,2003,national,income,5.361396721541,2.742694854736328,14.323778122501
PRY,2004,national,income,4.893821781985,2.449357748031616,14.013999349082
PRY,2005,national,income,4.695803568837,2.469082593917847,14.722573883319
PRY,2006,national,income,5.256204162542,2.579602003097534,13.74163864735
PRY,2007,national,income,4.955781461099,2.6053147315979,14.719941697225
PRY,2008,national,income,4.28275757017,2.341326713562012,15.307228740473
PRY,2009,national,income,4.369503856746,2.322232484817505,14.88098273007
PRY,2010,national,income,4.273280591298,2.472543954849243,16.200955511025
PRY,2011,national,income,4.176579201704,2.661945104598999,17.845815091539
PRY,2012,national,income,3.497233103583,2.213546752929688,17.722384548381
PRY,2013,national,income,3.135308730581,2.217332124710083,19.801973911628
PRY,2014,national,income,3.099263072644,2.338539123535156,21.12731070333
PRY,2015,national,income,3.009859145015,2.146812200546265,19.971281132164
PRY,2016,national,income,3.046681314871,2.107286930084229,19.366656703185
PRY,2017,national,income,2.814164295762,2.049820184707642,20.395029162337
PRY,2018,national,income,2.785795344111,2.010537624359131,20.207893864091
PRY,2019,national,income,2.707770964672,1.977189183235168,20.445340183517
PRY,2020,national,income,2.863729480864,1.848659992218018,18.075198784819
PRY,2021,national,income,2.785249598099,1.8099684715271,18.195538461435
PRY,2022,national,income,2.882474812348,1.99029541015625,19.333480369547
PRY,2023,national,income,2.669073650335,1.939122319221497,20.342422892907
PRY,2024,national,income,2.488791584885,1.891008496284485,21.274677963089
PSE,2004,national,consumption,3.03572262607,1.462035059928894,13.485086434822
PSE,2005,national,consumption,2.928199955384,1.469982504844666,14.056249963147
PSE,2006,national,consumption,2.829931826365,1.423895597457886,14.088351821624
PSE,2007,national,consumption,3.277576922739,1.517623066902161,12.964896648078
PSE,2009,national,consumption,2.709083723127,1.4381183385849,14.863813361858
PSE,2010,national,consumption,2.731396887298,1.463103055953979,14.998510344749
PSE,2011,national,consumption,2.694496914717,1.440492987632751,14.968955021147
PSE,2016,national,consumption,2.826195593838,1.463517665863037,14.49952527023
PSE,2023,national,consumption,2.907885203094,1.559659838676453,15.017950475577
QAT,2017,national,income,.483873600592,1.525924444198608,88.299678495197
ROU,1989,national,income,1.771414968218,1.202852249145508,19.012972739609
ROU,1992,national,income,2.772177022086,1.246208906173706,12.587164377093
ROU,1994,national,income,6.693597872629,1.287447094917297,5.385522178158
ROU,1995,national,income,3.806029066417,1.403934359550476,10.328392750233
ROU,1997,national,income,4.08727244795,1.3818199634552,9.466204886733999
ROU,1998,national,consumption,3.985260241944,1.383477568626404,9.720161348656999
ROU,1999,national,consumption,5.651140634939,1.331664085388184,6.598065056412
ROU,2000,national,consumption,5.853169725434,1.330755114555359,6.365976741809
ROU,2001,national,consumption,5.334344972142,1.336942911148071,7.017619184576
ROU,2002,national,consumption,5.263452803256,1.363926768302917,7.255683998247
ROU,2003,national,consumption,4.882897682519,1.342929244041443,7.700759361105
ROU,2004,national,consumption,4.368478116607,1.338907837867737,8.581803214922999
ROU,2005,national,consumption,4.125728900144,1.335738062858582,9.06522583566
ROU,2006,national,income,5.08642769181,1.98475193977356,10.925753110261
ROU,2006,national,consumption,4.094659746118,1.354686856269836,9.263586173812
ROU,2007,national,consumption,3.709675718947,1.343016982078552,10.136862847577
ROU,2007,national,income,4.365698312325,1.855584621429443,11.901044462402
ROU,2008,national,consumption,3.100049818282,1.331336855888367,12.024785271447
ROU,2008,national,income,3.82133577109,1.828707933425903,13.399456827244
ROU,2009,national,consumption,2.977626316709,1.30054235458374,12.229602288
ROU,2009,national,income,3.442444762735,1.682600975036621,13.685862644895
ROU,2010,national,consumption,3.110951292575,1.304340004920959,11.739663320877
ROU,2010,national,income,3.876179966341,1.811333894729614,13.084363759499
ROU,2011,national,consumption,3.116947268062,1.279836654663086,11.496962483145
ROU,2011,national,income,4.388963653547,1.922611713409424,12.265567036683
ROU,2012,national,income,4.447130868996,1.961071610450745,12.347287692965
ROU,2012,national,consumption,3.063218305015,1.282325029373169,11.721365813191
ROU,2013,national,consumption,3.053086845689,1.286363959312439,11.797302853765
ROU,2013,national,income,4.610981306983,2.047340869903564,12.43239608119
ROU,2014,national,income,4.51708807087,2.080818653106689,12.898336364684
ROU,2015,national,income,3.889402384764,1.932974457740784,13.915578791643
ROU,2016,national,consumption,2.710144198777,1.309282302856445,13.526920332174
ROU,2016,national,income,3.232818738034,1.829874277114868,15.848856786571
ROU,2017,national,income,3.027183957341,2.146765470504761,19.856551245781
ROU,2018,national,consumption,2.28432616465,1.31963849067688,16.175394820009
ROU,2018,national,income,2.562372926485,2.045700073242188,22.354124647753
ROU,2019,national,consumption,2.107619229472,1.290198802947998,17.14046182775
ROU,2019,national,income,2.336818258617,2.02028489112854,24.207264596788
ROU,2020,national,income,2.18085917759,2.113792657852173,27.138935125311
ROU,2020,national,consumption,2.174312911808,1.291856169700623,16.636047795655
ROU,2021,national,income,1.865120079093,1.985316395759583,29.804439123639
ROU,2021,national,consumption,1.995067605753,1.293460130691528,18.153211846512
ROU,2022,national,income,1.725586340267,1.869894981384277,30.341604393337
ROU,2023,national,income,1.334851692971,1.556792497634888,32.655455449659
RUS,1993,national,consumption,3.480134100018,1.96408748626709,15.80239373425
RUS,1996,national,consumption,3.595698204411,2.042896270751953,15.908203065221
RUS,1997,national,consumption,3.160319118461,1.639855146408081,14.52889521145
RUS,1998,national,consumption,3.524144575241,1.644935369491577,13.069324766871
RUS,1999,national,consumption,4.380020282316,1.628647923469543,10.411399536896
RUS,2000,national,consumption,3.929416179095,1.601193189620972,11.409687429579
RUS,2001,national,consumption,3.458009474942,1.586078405380249,12.842705067447
RUS,2002,national,consumption,3.095439665914,1.573248386383057,14.230919715732
RUS,2003,national,consumption,3.00124517161,1.680146336555481,15.674859613218
RUS,2004,national,consumption,2.82309919433,1.704232335090637,16.902879973209
RUS,2005,national,consumption,2.609734445371,1.732732772827148,18.590595351281
RUS,2006,national,consumption,2.367985398337,1.711998343467712,20.243348502248
RUS,2007,national,consumption,2.080513992237,1.74428117275238,23.474907245979
RUS,2008,national,consumption,1.829789797932,1.697472095489502,25.975233909432
RUS,2009,national,consumption,1.836544808576,1.625436663627625,24.78144036747
RUS,2010,national,consumption,1.711103451645,1.628965616226196,26.655919977529
RUS,2011,national,consumption,1.639614022487,1.62192714214325,27.697958153705
RUS,2012,national,consumption,1.587186194489,1.652024030685425,29.143821966677
RUS,2013,national,consumption,1.551470920839,1.649503111839294,29.769226202582
RUS,2014,national,consumption,1.542991955935,1.610743999481201,29.229467423977
RUS,2014,national,income,1.151730709277,1.753124475479126,42.620627356504
RUS,2015,national,consumption,1.607976997577,1.545131921768188,26.905666800329
RUS,2015,national,income,1.248129887692,1.745953679084778,39.167961867114
RUS,2016,national,consumption,1.63085875332,1.522779107093811,26.144394037663
RUS,2016,national,income,1.256478788951,1.694137454032898,37.753003402338
RUS,2017,national,income,1.282842167038,1.675838112831116,36.577740204338
RUS,2017,national,consumption,1.632796771316,1.527740001678467,26.198434436465
RUS,2018,national,income,1.192551658588,1.591876983642578,37.375784888733
RUS,2018,national,consumption,1.611652783648,1.527746438980103,26.542256700462
RUS,2019,national,consumption,1.553035465578,1.532707095146179,27.633496074205
RUS,2019,national,income,1.188846266892,1.610074520111084,37.920870778826
RUS,2020,national,income,1.102295623184,1.490405201911926,37.858579157134
RUS,2020,national,consumption,1.574994703005,1.477488160133362,26.266544981829
RUS,2021,national,income,1.153812546679,1.585156321525574,38.467581164758
RUS,2022,national,income,1.095281646063,1.483224272727966,37.917442913528
RUS,2023,national,income,.990785960727,1.45478630065918,41.112832672605
RWA,1984,rural,consumption,13.371203564657,1.266708612442017,2.652554208617
RWA,2000,national,consumption,22.757566748811,1.949942827224731,2.399131630796
RWA,2005,national,consumption,19.506987071025,2.165638446807861,3.108520759175
RWA,2010,national,consumption,15.695863675984,1.852396845817566,3.304508358778
RWA,2013,national,consumption,14.058648979693,1.768502831459045,3.522250103906
RWA,2016,national,consumption,13.853254126144,1.734111666679382,3.504961854851
RWA,2023,national,consumption,8.772481843836999,1.533671617507935,4.895171773885
SDN,2009,national,consumption,5.703258514237,1.537979125976563,7.55066890366
SDN,2014,national,consumption,5.452413829273,1.435617327690125,7.372383613257
SEN,1991,national,consumption,27.036834933235,2.465614080429077,2.553449495385
SEN,1994,national,consumption,15.752910559051,1.554528117179871,2.763094896609
SEN,2001,national,consumption,13.759415087599,1.626375675201416,3.309625982945
SEN,2005,national,consumption,12.446816661234,1.662491917610168,3.739893794673
SEN,2011,national,consumption,12.658510518948,1.715535402297974,3.7946795724
SEN,2018,national,consumption,6.378956285214,1.5369873046875,6.746502294476
SEN,2021,national,consumption,6.374511714377,1.482704520225525,6.512769454162
SLB,2005,national,consumption,15.520243152513,1.966492295265198,3.547739879369
SLB,2012,national,consumption,9.657353068059001,1.534365296363831,4.448654580573
SLE,2003,national,consumption,16.132729357904,1.613758087158203,2.800841945964
SLE,2011,national,consumption,11.050339777807,1.428378105163574,3.619308329403
SLE,2018,national,consumption,9.133582681677,1.438646912574768,4.410330025376
SLV,1989,national,income,12.054820448537,3.708169460296631,8.613047740935
SLV,1991,national,income,12.295754567801,3.683027029037476,8.387021208443
SLV,1995,national,income,8.020763428206999,2.766383409500122,9.657277508852999
SLV,1996,national,income,8.245174803903,2.83509635925293,9.627775965436999
SLV,1998,national,income,12.663261846104,4.424055576324463,9.782120623318001
SLV,1999,national,income,11.079717974594,4.040872097015381,10.211849936322
SLV,2000,national,income,7.249450920543,2.990557432174683,11.550613544659
SLV,2001,national,income,8.001941871458,3.160336256027222,11.058492721514
SLV,2002,national,income,8.067499542943001,3.213472843170166,11.153051793781
SLV,2003,national,income,9.863989985050001,3.636369943618774,10.322228367868
SLV,2004,national,income,7.332901626611,2.780333757400513,10.616444353757
SLV,2005,national,income,6.727153589639,2.594804525375366,10.800188541108
SLV,2006,national,income,5.34578466939,2.055893898010254,10.768303472316
SLV,2007,national,income,4.670165582065,1.922044396400452,11.523626030551
SLV,2008,national,income,5.182850524457,2.057541608810425,11.115729270159
SLV,2009,national,income,5.176589366464,1.984277963638306,10.732893396966
SLV,2010,national,income,4.9790670937,1.889200925827026,10.624003412353
SLV,2011,national,income,4.809101524938,1.781428217887878,10.371997427036
SLV,2012,national,income,4.595398896422,1.761524438858032,10.733058654463
SLV,2013,national,income,4.284095856166,1.811414480209351,11.839045440753
SLV,2014,national,income,4.229880710425,1.745454907417297,11.554164189113
SLV,2015,national,income,3.94986581031,1.677028059959412,11.888198036496
SLV,2016,national,income,3.95299065829,1.691582441329956,11.981892448777
SLV,2017,national,income,3.755723222873,1.613617420196533,12.029983514027
SLV,2018,national,income,3.552758533149,1.641675233840942,12.938370248458
SLV,2019,national,income,3.250372993036,1.633732914924622,14.073622258425
SLV,2021,national,income,3.828317890115,1.934192061424255,14.146520220688
SLV,2022,national,income,3.832491669873,1.948830723762512,14.238063705573
SLV,2023,national,income,3.553385469881,1.961395978927612,15.455426211546
SRB,2002,national,consumption,2.204243226001,1.4085294008255,17.892227684649
SRB,2003,national,consumption,2.51292587855,1.434317469596863,15.981724525511
SRB,2004,national,consumption,2.815674286621,1.503434538841248,14.950651994797
SRB,2005,national,consumption,2.732385310343,1.558814644813538,15.973885983221
SRB,2006,national,consumption,2.525159053063,1.351812243461609,14.989448718168
SRB,2007,national,consumption,2.447861943385,1.322926878929138,15.132369848286
SRB,2008,national,consumption,2.330548500087,1.282835602760315,15.412421906397
SRB,2009,national,consumption,2.402895444245,1.301835536956787,15.169780233402
SRB,2010,national,consumption,2.522255274471,1.322787046432495,14.684492457241
SRB,2012,national,income,5.059910716666,2.804491996765137,15.519201425715
SRB,2013,national,consumption,2.545007452822,1.323050141334534,14.55610883609
SRB,2013,national,income,5.514748081677,2.80077075958252,14.220338045233
SRB,2014,national,income,6.33099257833,3.239231586456299,14.326107792247
SRB,2015,national,income,6.146063023309,3.227748155593872,14.704852380844
SRB,2015,national,consumption,2.2278768999,1.306313991546631,16.417780084761
SRB,2016,national,income,6.194163983387,3.324176073074341,15.026552855554
SRB,2017,national,income,5.305556992374,2.864289045333862,15.116244104874
SRB,2018,national,consumption,2.108175982441,1.342233896255493,17.827046226818
SRB,2018,national,income,3.556814436805,2.185782432556152,17.206944895528
SRB,2019,national,consumption,2.227772384826,1.328627705574036,16.699002257529
SRB,2019,national,income,3.060723999275,2.130748510360718,19.492432554576
SRB,2020,national,income,2.532948700892,1.899758815765381,21.000522765283
SRB,2021,national,income,2.432295771537,1.902727365493774,21.903736638218
SRB,2022,national,income,2.405552316402,1.887816786766052,21.973693303753
SSD,2009,national,consumption,13.548837033859,2.340266227722168,4.836389511011
SSD,2016,national,consumption,23.04177894708,1.926227927207947,2.340721292551
STP,2000,national,consumption,6.242641111828,1.383023023605347,6.203246827569
STP,2010,national,consumption,6.612398951034,1.34865403175354,5.710834091009
STP,2017,national,consumption,5.682273105705,1.650755405426025,8.134271321967001
SUR,1999,urban,income,15.526132210346,8.067585945129395,14.549174024626
SUR,2022,national,consumption,2.535347498646,1.692830324172974,18.695365860215
SVK,1992,national,income,1.858546483455,1.144893288612366,17.248431867482
SVK,1996,national,income,2.497834096235,1.574840903282166,17.653512308791
SVK,2004,national,income,2.004546677691,1.314584612846375,18.362439900377
SVK,2004,national,consumption,2.369750817607,1.300191640853882,15.362528925957
SVK,2005,national,consumption,2.098881827194,1.326421499252319,17.695041976204
SVK,2005,national,income,1.819543734925,1.367901921272278,21.049922347123
SVK,2006,national,consumption,1.807128698711,1.263540506362915,19.577540099045
SVK,2006,national,income,1.662216701911,1.347864747047424,22.704748226312
SVK,2007,national,income,1.648488659037,1.386053323745728,23.54246987804
SVK,2007,national,consumption,1.783356879241,1.268574118614197,19.917536122707
SVK,2008,national,income,1.60057972161,1.399749994277954,24.48675200889
SVK,2008,national,consumption,1.728099191894,1.248950242996216,20.236457548262
SVK,2009,national,income,1.526291731866,1.419546365737915,26.04174470814
SVK,2009,national,consumption,1.851564446968,1.231055855751038,18.616452961246
SVK,2010,national,income,1.542899741555,1.467310667037964,26.62823674012
SVK,2011,national,income,1.451329897986,1.432429671287537,27.635364474231
SVK,2012,national,income,1.560904332597,1.413662433624268,25.358728404803
SVK,2013,national,income,1.568843369625,1.457962393760681,26.02104705804
SVK,2014,national,income,1.883896804689,1.707075715065002,25.371941001896
SVK,2015,national,income,1.60915351254,1.488610744476318,25.902500682778
SVK,2016,national,income,2.427972362724,2.27208685874939,26.202289646977
SVK,2017,national,income,1.414342146866,1.365046858787537,27.024092874654
SVK,2018,national,income,1.377409762017,1.404518246650696,28.551061707584
SVK,2019,national,income,1.222368560378,1.278224468231201,29.279455391923
SVK,2020,national,income,1.30213084784,1.306710600852966,28.098478846163
SVK,2021,national,income,1.316736185139,1.313498258590698,27.931145493947
SVK,2022,national,income,1.668810885411,1.508128762245178,25.304008499833
SVK,2023,national,income,1.513253872486,1.375307559967041,25.447556410013
SVN,1987,national,income,.768461841768,1.190333485603333,43.371492233213
SVN,1993,national,income,1.368316377772,1.282374143600464,26.241355243627
SVN,1997,national,income,1.16187502821,1.239603877067566,29.873186382462
SVN,1998,national,consumption,1.213591569573,1.277686238288879,29.478794008762
SVN,1999,national,income,1.156689802135,1.240721225738525,30.034150344134
SVN,2002,national,consumption,1.196898226197,1.321833848953247,30.922718819678
SVN,2003,national,consumption,1.246790325351,1.359376311302185,30.528417223516
SVN,2004,national,income,.946446079727,1.263691425323486,37.38549995961
SVN,2005,national,income,.930322910567,1.285955786705017,38.70351033272
SVN,2006,national,income,.8717029591,1.247503876686096,40.071112705547
SVN,2007,national,income,.826133469528,1.24396026134491,42.161331661608
SVN,2008,national,income,.783909560186,1.215520262718201,43.416445808355
SVN,2009,national,income,.794735191449,1.240386247634888,43.701116113015
SVN,2010,national,income,.796815250247,1.245370030403137,43.762166075715
SVN,2011,national,income,.801557712189,1.242084383964539,43.38846810268
SVN,2012,national,income,.8519259708169999,1.265645503997803,41.597599266402
SVN,2013,national,income,.8687728466919999,1.283759951591492,41.374770859212
SVN,2014,national,income,.83242509127,1.260317325592041,42.392865232902
SVN,2015,national,income,.824107030572,1.252413511276245,42.552214542949
SVN,2016,national,income,.790112580534,1.236912727355957,43.833697492165
SVN,2017,national,income,.762878478364,1.222265720367432,44.860934533506
SVN,2018,national,income,.720467653475,1.22699499130249,47.685501220223
SVN,2019,national,income,.702837492179,1.222648620605469,48.708501305883
SVN,2020,national,income,.664791734102,1.21356463432312,51.113466927705
SVN,2021,national,income,.6369634657960001,1.22402548789978,53.806404267644
SVN,2022,national,income,.637916149151,1.226561307907104,53.837352994627
SVN,2023,national,income,.629903544884,1.230780720710754,54.709743406804
SWE,1975,national,income,1.377368142244,1.516164660453796,30.821542242183
SWE,1981,national,income,1.252934573182,1.444194793701172,32.274195486432
SWE,1987,national,income,1.010374941547,1.251446723937988,34.680698719392
SWE,1992,national,income,.890131496853,1.305966377258301,41.080513678299
SWE,1995,national,income,.999501937128,1.383692026138306,38.762681625744
SWE,2000,national,income,.808786019576,1.302963495254517,45.108317875128
SWE,2001,national,income,.798820893131,1.329735994338989,46.609454936179
SWE,2002,national,income,.752764991937,1.283092498779297,47.726169349436
SWE,2003,national,income,1.033204038883,1.619760274887085,43.89577044399
SWE,2004,national,income,1.109918031551,1.786338090896606,45.06410771114
SWE,2005,national,income,1.552127609677,2.522885084152222,45.512224750315
SWE,2006,national,income,.98768247861,1.70093309879303,48.220080182936
SWE,2007,national,income,1.048532506099,1.913969278335571,51.110612730389
SWE,2008,national,income,1.155827771936,2.179563999176025,52.800074901711
SWE,2009,national,income,1.003032987306,1.90332043170929,53.131823632473
SWE,2010,national,income,1.064229418623,2.050787448883057,53.956457155503
SWE,2011,national,income,1.05371274531,2.051641702651978,54.517674267924
SWE,2012,national,income,1.010341226683,2.013314247131348,55.795804195338
SWE,2013,national,income,1.14529241528,2.341874361038208,57.253919810738
SWE,2014,national,income,.927028195209,1.940470814704895,58.61006505929
SWE,2015,national,income,.85407242817,1.849562883377075,60.636265146482
SWE,2016,national,income,.852675611647,1.875504612922668,61.587463203988
SWE,2017,national,income,.739046620522,1.624501705169678,61.546924531413
SWE,2018,national,income,1.217248766911,2.705422163009644,62.231997330078
SWE,2019,national,income,.83373463766,1.889509201049805,63.456949856823
SWE,2020,national,income,.885364591304,2.044998407363892,64.67386991485201
SWE,2021,national,income,1.067141334655,2.466140031814575,64.70738392990199
SWE,2022,national,income,1.425797712517,3.307542324066162,64.95394295043
SWE,2023,national,income,1.105881784617,2.481673240661621,62.833885262449
SWZ,1994,national,consumption,43.322033696141,2.62050461769104,1.693690739839
SWZ,2000,national,consumption,15.225135300634,2.195897102355957,4.038395762498
SWZ,2009,national,consumption,15.169724502188,2.314148426055908,4.271412687446
SWZ,2016,national,consumption,10.815047891622,2.491397142410278,6.450190779678
SYC,1999,national,consumption,2.333328382265,1.809286713600159,21.711487142873
SYC,2006,national,consumption,2.46952692438,1.739556789398193,19.723449206978
SYC,2013,national,income,2.304265490076,2.137977600097656,25.979373346346
SYC,2018,national,income,1.768202434816,1.513509273529053,23.966859145829
SYR,1996,national,consumption,3.373075597397,1.439114809036255,11.946134221452
SYR,2003,national,consumption,2.811184142802,1.509836316108704,15.038295476426
SYR,2006,national,consumption,2.917915397498,1.629829406738281,15.639666612426
SYR,2009,national,consumption,2.925166326917,1.621200799942017,15.518305191995
SYR,2022,national,consumption,6.644384444185,1.267607808113098,5.341806846834
TCD,2003,national,consumption,15.652666924491,1.653544068336487,2.957913501635
TCD,2011,national,consumption,11.986875092503,1.922825694084167,4.491505902496
TCD,2018,national,consumption,9.498533422258999,1.524357199668884,4.493536044902
TCD,2022,national,consumption,9.487555890782,1.551060676574707,4.57754343839
TGO,2006,national,consumption,15.545004899483,1.704679369926453,3.070505420232
TGO,2011,national,consumption,17.043392688335,1.959372162818909,3.218984672909
TGO,2015,national,consumption,15.99719028462,1.885493874549866,3.300193739266
TGO,2018,national,consumption,8.888276617816,1.745441317558289,5.49851877646
TGO,2021,national,consumption,8.566718709474999,1.548391103744507,5.060858462653
THA,1981,national,consumption,7.727502700534,1.809798836708069,6.557664269767
THA,1988,national,consumption,6.947256644677,1.70067822933197,6.854359045568
THA,1990,national,consumption,6.501960350233,1.779845118522644,7.664713343472
THA,1992,national,consumption,5.763646877293,1.899143576622009,9.226106372234
THA,1994,national,consumption,4.942499518507,1.712250113487244,9.700153294833999
THA,1996,national,consumption,4.503456110256,1.694079756736755,10.532851116969
THA,1998,national,consumption,4.383590271557,1.648649573326111,10.530680009882
THA,1999,national,consumption,4.74438578604,1.705333352088928,10.064386797398
THA,2000,national,consumption,4.786497221196,1.697247982025146,9.928542943265001
THA,2002,national,consumption,4.163147204125,1.668861389160156,11.224229279762
THA,2004,national,consumption,3.742995625857,1.693368673324585,12.66748040098
THA,2006,national,consumption,3.337887890208,1.692658543586731,14.198931033332
THA,2007,national,consumption,3.177137385422,1.605299830436707,14.147450577668
THA,2008,national,consumption,3.032216970972,1.619119048118591,14.951216388617
THA,2009,national,consumption,2.897604985761,1.600258231163025,15.463539684682
THA,2010,national,consumption,2.7903244529,1.590144038200378,15.956579502279
THA,2011,national,consumption,2.608273403215,1.508701682090759,16.196019386821
THA,2012,national,consumption,2.541326231085,1.584693193435669,17.459942005214
THA,2013,national,consumption,2.425801653361,1.536685824394226,17.737313521949
THA,2014,national,consumption,2.388844613682,1.510653853416443,17.706596900656
THA,2015,national,consumption,2.221326912818,1.470336675643921,18.533709633503
THA,2016,national,consumption,2.262295779156,1.491969704627991,18.465822898942
THA,2017,national,consumption,2.218341930644,1.487433433532715,18.77444426587
THA,2018,national,consumption,2.251119644581,1.490121006965637,18.534505363899
THA,2019,national,consumption,2.170902615581,1.44163191318512,18.593968097666
THA,2020,national,consumption,2.139193570561,1.451143980026245,18.994088283352
THA,2021,national,consumption,2.108774955653,1.445457100868225,19.192564683667
THA,2022,national,consumption,1.895163599375,1.427325367927551,21.087947192895
THA,2023,national,consumption,1.925854920443,1.401532888412476,20.376882981417
TJK,1999,national,consumption,16.748396512625,1.360314846038818,2.274176912459
TJK,2003,national,consumption,11.721155625885,1.404728293418884,3.355675262849
TJK,2004,national,consumption,8.948837743918,1.420474529266357,4.44451965783
TJK,2007,national,consumption,8.839985367862999,1.592975974082947,5.045633757368
TJK,2009,national,consumption,6.371612341815,1.35269296169281,5.944398575562
TJK,2015,national,consumption,5.896559136952,1.46589195728302,6.960835203544
TJK,2021,national,consumption,5.090642548758,1.421396255493164,7.818088506205
TJK,2022,national,consumption,4.834321642331,1.646171927452087,9.534494970994
TJK,2023,national,consumption,4.536083228868,1.583406090736389,9.773932646893
TJK,2024,national,consumption,4.403467252395,1.500996828079224,9.544276654571
TKM,1998,national,consumption,8.838887708289001,1.679792761802673,5.321280264355
TLS,2001,national,consumption,11.686863934539,1.473365068435669,3.529965090015
TLS,2007,national,consumption,11.390618780216,1.262484669685364,3.103393291238
TLS,2014,national,consumption,9.41398054736,1.278501152992249,3.802645813456
TON,2000,national,consumption,3.675071636676,1.645171761512756,12.534397233401
TON,2009,national,consumption,3.733642230275,1.5608971118927,11.705759452672
TON,2015,national,consumption,4.273433654282,1.424717783927917,9.33490549978
TON,2021,national,consumption,2.812892737142,1.265720248222351,12.599188564816
TTO,1988,national,income,2.312416001649,1.862492084503174,22.55207497458
TTO,1992,national,income,3.039563703012,1.717864751815796,15.824709966523
TUN,1985,national,consumption,6.482296540218,1.759032368659973,7.598064174492
TUN,1990,national,consumption,5.705999110731,1.665473341941833,8.172671056735
TUN,1995,national,consumption,5.760171488641,1.713005065917969,8.326859965518
TUN,2000,national,consumption,4.719625638531,1.660544514656067,9.851468958591999
TUN,2005,national,consumption,4.108263697465,1.592016458511353,10.850437999546
TUN,2010,national,consumption,3.266009418473,1.629372119903564,13.968857676751
TUN,2015,national,consumption,2.637600167641,1.410716533660889,14.975758920059
TUN,2021,national,consumption,2.539252092638,1.441115975379944,15.890997065527
TUR,1987,national,consumption,4.561722107581,1.645846605300903,10.102260130121
TUR,1994,national,consumption,4.592013252264,1.693913578987122,10.328711398645
TUR,2002,national,consumption,4.284035242264,1.710569620132446,11.180101777206
TUR,2003,national,consumption,4.672093611537,1.773429155349731,10.62821531559
TUR,2004,national,consumption,3.803588586478,1.77426552772522,13.061200807171
TUR,2005,national,consumption,3.731588104245,1.850445151329041,13.884829328999
TUR,2006,national,consumption,3.464595186576,1.726517558097839,13.953286994129
TUR,2007,national,consumption,3.201079619484,1.681991696357727,14.71246393015
TUR,2008,national,consumption,2.955115749789,1.717809677124023,16.276408125338
TUR,2009,national,consumption,2.917711009935,1.678283929824829,16.10575911279
TUR,2010,national,consumption,2.863759083306,1.675144791603088,16.378491987763
TUR,2011,national,consumption,2.667823068662,1.707103133201599,17.916813275815
TUR,2012,national,consumption,2.568793261238,1.707186102867126,18.608430072821
TUR,2013,national,consumption,2.470361613909,1.708512544631958,19.364917982924
TUR,2014,national,consumption,2.396858076131,1.73128867149353,20.224844946828
TUR,2015,national,consumption,2.469753013875,1.787227511405945,20.262094524568
TUR,2016,national,consumption,2.303905352615,1.748353004455566,21.248217857076
TUR,2017,national,consumption,2.232976619704,1.725529193878174,21.636955564039
TUR,2017,national,income,2.194543992169,1.856259942054749,23.683862818751
TUR,2018,national,consumption,2.196642627782,1.733412027359009,22.095327497046
TUR,2018,national,income,2.131397279574,1.83719539642334,24.135093381565
TUR,2019,national,income,2.170334633546,1.911268949508667,24.65773219552
TUR,2019,national,consumption,2.310912481273,1.795839786529541,21.759160264372
TUR,2020,national,income,2.147532905541,1.899613499641418,24.767573730859
TUR,2021,national,income,1.988523563319,1.929228067398071,27.165072771522
TUR,2022,national,income,1.796886393359,1.857119083404541,28.938576083718
TUV,2010,national,consumption,4.772674788747,1.579265117645264,9.26512424547
TWN,1981,national,income,2.031553124589,1.318456053733826,18.171698394947
TWN,1986,national,income,1.520050211203,1.314045190811157,24.205296225861
TWN,1991,national,income,.915266595499,1.319881081581116,40.37803773138
TWN,1995,national,income,1.094425517464,1.837261319160461,47.004859804946
TWN,1997,national,income,.762025062084,1.351674675941467,49.666203041883
TWN,2000,national,income,.722100787121,1.357440233230591,52.635762548465
TWN,2005,national,income,.742000253187,1.390458345413208,52.470109952241
TWN,2007,national,income,.7822153742520001,1.391112089157104,49.795926721148
TWN,2010,national,income,.888596075356,1.469419717788696,46.301973184246
TWN,2013,national,income,.852816846279,1.431972503662109,47.015055044734
TWN,2016,national,income,.76950112047,1.38081693649292,50.244079974328
TWN,2017,national,income,.753378187961,1.389491200447083,51.641732251917
TWN,2018,national,income,.748362623229,1.387272000312805,51.904806299917
TWN,2019,national,income,.733084253626,1.390933752059937,53.126425918095
TWN,2020,national,income,.695736811115,1.389320850372314,55.913362848507
TWN,2021,national,income,.69640583005,1.383057236671448,55.607806970669
TZA,1991,national,consumption,16.52853465856,1.509608745574951,2.557337675224
TZA,2000,national,consumption,23.909238996277,1.543086767196655,1.807101863286
TZA,2007,national,consumption,13.669025773951,1.647679567337036,3.375151035454
TZA,2011,national,consumption,10.679866678919,1.507736921310425,3.952917525539
TZA,2018,national,consumption,10.639085809997,1.588971972465515,4.181864502039
UGA,1989,national,consumption,19.864580109184,1.877111315727234,2.645871092796
UGA,1992,national,consumption,19.563976362103,1.671020269393921,2.391567295093
UGA,1996,national,consumption,18.436699398799,1.573789715766907,2.390130277484
UGA,1999,national,consumption,20.780285887972,1.731972575187683,2.333713486879
UGA,2002,national,consumption,19.428728931681,1.77899169921875,2.563820236228
UGA,2005,national,consumption,16.803943928753,1.712531685829163,2.853549634273
UGA,2009,national,consumption,14.001339388091,1.770700097084045,3.541061431934
UGA,2012,national,consumption,12.154647026628,1.655173301696777,3.812932824461
UGA,2016,national,consumption,12.984670820664,1.697137475013733,3.659688302959
UGA,2019,national,consumption,13.135485892133,1.711738228797913,3.64879307069
UKR,1992,national,consumption,4.94679381369,1.378251552581787,7.801223155417
UKR,1993,national,consumption,4.702610148061,1.317554950714111,7.844906898237
UKR,1995,national,consumption,5.51459120216,1.616608738899231,8.208232251941
UKR,1996,national,consumption,6.209323429413,1.521307706832886,6.860105836691
UKR,1999,national,income,7.432429494701,1.295336842536926,4.87988901111
UKR,2002,national,consumption,4.96899078253,1.315513730049133,7.412850235311
UKR,2003,national,consumption,4.379183550683,1.298022270202637,8.299406426135
UKR,2004,national,consumption,3.952083677173,1.311424255371094,9.291270701759
UKR,2005,national,consumption,3.330141066751,1.311208844184875,11.024712734885
UKR,2006,national,consumption,3.095733076566,1.319511532783508,11.934596170637
UKR,2007,national,consumption,3.108250916246,1.259442567825317,11.345413518615
UKR,2008,national,consumption,2.693295775476,1.249523401260376,12.990275653384
UKR,2009,national,consumption,2.851268431804,1.225475907325745,12.034407582009
UKR,2010,national,consumption,2.643573401675,1.211975336074829,12.836907971423
UKR,2011,national,consumption,2.539336996493,1.209575772285461,13.337386986389
UKR,2012,national,consumption,2.445163720424,1.213154196739197,13.892042453346
UKR,2013,national,consumption,2.307710735311,1.209402084350586,14.673961025295
UKR,2014,national,consumption,2.37874721553,1.199514269828796,14.119364524802
UKR,2015,national,consumption,2.705357615424,1.229645729064941,12.726628354474
UKR,2016,national,consumption,2.651418244472,1.221295356750488,12.897350346664
UKR,2017,national,consumption,2.454979379269,1.239596962928772,14.138088662512
UKR,2018,national,consumption,2.352087380162,1.241564154624939,14.779975875748
UKR,2019,national,consumption,2.15876534999,1.251230239868164,16.228927962248
UKR,2020,national,consumption,2.210134690828,1.229031324386597,15.570488501008
URY,1981,urban,income,2.102678594068,1.86606764793396,24.849206849557
URY,1989,urban,income,2.012084946614,1.892539739608765,26.336418837763
URY,1992,urban,income,1.844228320078,1.837560892105103,27.898770977192
URY,1995,urban,income,1.814388064015,1.838655114173889,28.374494454242
URY,1996,urban,income,1.864341155425,1.832557320594788,27.522648201572
URY,1997,urban,income,1.857033707428,1.835845828056335,27.680533991856
URY,1998,urban,income,1.806475940965,1.910803914070129,29.617062057637
URY,2000,urban,income,1.81017088579,1.918243646621704,29.671686334431
URY,2001,urban,income,1.926262536957,1.97441041469574,28.69987426904
URY,2002,urban,income,2.177563034635,1.990666627883911,25.596808541762
URY,2003,urban,income,2.520672634558,1.915324687957764,21.275706894395
URY,2004,urban,income,2.590193232773,1.995498180389404,21.571343379227
URY,2005,urban,income,2.45847733088,1.948279619216919,22.189275316676
URY,2006,national,income,2.386774493065,1.963136076927185,23.030164760308
URY,2007,national,income,2.222721669422,1.994099378585815,25.12000658096
URY,2008,national,income,1.957367999311,1.928066253662109,27.580840755321
URY,2009,national,income,1.870164276606,1.976310610771179,29.589217951405
URY,2010,national,income,1.800980193668,1.910756945610046,29.706708669497
URY,2011,national,income,1.598811279447,1.82493269443512,31.960066117886
URY,2012,national,income,1.542943385681,1.75978696346283,31.935089495656
URY,2013,national,income,1.495780487025,1.775055527687073,33.227840123741
URY,2014,national,income,1.40671430131,1.761953592300415,35.070875155037
URY,2015,national,income,1.391654288974,1.768326163291931,35.57861460651
URY,2016,national,income,1.38558063663,1.727959036827087,34.918827865481
URY,2017,national,income,1.317302667509,1.705948829650879,36.26089130069
URY,2018,national,income,1.340184940265,1.707241535186768,35.668781547374
URY,2019,national,income,1.372422117692,1.718682050704956,35.064355285848
URY,2020,national,income,1.530257164525,1.77229630947113,32.428731101316
URY,2021,national,income,1.506174789302,1.770911455154419,32.921490922329
URY,2022,national,income,1.458813023866,1.76372766494751,33.852437082541
URY,2023,national,income,1.461615873018,1.78917407989502,34.274992919373
URY,2024,national,income,1.39029067264,1.748323321342468,35.210660886406
USA,1963,national,income,1.974268373741,2.844999074935913,40.349110134224
USA,1964,national,income,1.9419472554,2.963922739028931,42.735371102255
USA,1965,national,income,1.748147526268,2.799006700515747,44.831563048197
USA,1966,national,income,1.636002396489,2.64218544960022,45.220709620581
USA,1967,national,income,1.553394487574,2.610679149627686,47.05760137157
USA,1968,national,income,1.480131526704,2.590964317321777,49.013889122657
USA,1969,national,income,1.25072796148,2.247707843780518,50.319351640753
USA,1970,national,income,1.53310260494,2.776957035064697,50.717282073042
USA,1971,national,income,1.439694209283,2.664727210998535,51.825145772779
USA,1972,national,income,1.385905807047,2.739297151565552,55.343099137937
USA,1973,national,income,1.353691537098,2.723789930343628,56.339363092932
USA,1974,national,income,1.374752636375,2.66466760635376,54.272087338734
USA,1975,national,income,1.204664965113,2.354769468307495,54.731852323261
USA,1976,national,income,1.203405029463,2.425824403762817,56.442414951215
USA,1977,national,income,1.111129912079,2.248268604278564,56.655410665663
USA,1978,national,income,1.119057576297,2.273021459579468,56.873390525082
USA,1979,national,income,1.129956379784,2.36701512336731,58.653964868089
USA,1980,national,income,1.079419403408,2.153520584106445,55.862048223035
USA,1981,national,income,1.119765000088,2.193954229354858,54.860365394535
USA,1982,national,income,1.234241494856,2.455910444259644,55.714778885147
USA,1983,national,income,1.191380089857,2.449971199035645,57.5796037447
USA,1984,national,income,1.110266225025,2.374391794204712,59.8802035764
USA,1985,national,income,1.104388723045,2.408440113067627,61.062124741397
USA,1986,national,income,1.106440229926,2.482818365097046,62.831153511074
USA,1987,national,income,1.033647532497,2.390466451644897,64.75424140518901
USA,1988,national,income,1.005989768409,2.364610910415649,65.814888327812
USA,1989,national,income,.998660836922,2.385460615158081,66.882461054258
USA,1990,national,income,1.021876597848,2.375051498413086,65.07776456596299
USA,1991,national,income,1.040731212243,2.393105745315552,64.384502420977
USA,1992,national,income,1.061226303892,2.440883636474609,64.401664949295
USA,1993,national,income,1.094854037303,2.570271492004395,65.732596880092
USA,1994,national,income,1.101144424942,2.630420446395874,66.88657017816401
USA,1995,national,income,1.100194103768,2.668025493621826,67.90139278200201
USA,1996,national,income,1.164841308392,2.869902610778809,68.985599052097
USA,1997,national,income,1.226743493767,3.110671758651733,71.000015105725
USA,1998,national,income,1.231170191825,3.207539558410645,72.947761083461
USA,1999,national,income,1.181612550751,3.150938987731934,74.666008765081
USA,2000,national,income,1.184223376194,3.194185733795166,75.52392571615501
USA,2001,national,income,1.268932804493,3.421782970428467,75.504329809054
USA,2002,national,income,1.234014308133,3.335803747177124,75.689968588082
USA,2003,national,income,1.374941092565,3.773167371749878,76.83869795161699
USA,2004,national,income,1.446717250438,3.926256895065308,75.989411275245
USA,2005,national,income,1.415739208346,3.924609661102295,77.619573696138
USA,2006,national,income,1.438046908372,4.055418014526367,78.962451961258
USA,2007,national,income,1.428906225232,4.003031730651855,78.44104300534001
USA,2008,national,income,1.473174592108,4.016469478607178,76.339320529771
USA,2009,national,income,1.30499996761,3.606108903884888,77.372453262322
USA,2010,national,income,1.47328540206,3.970480918884277,75.459558065547
USA,2011,national,income,1.455368367146,3.970494270324707,76.38879929671199
USA,2012,national,income,1.463719637299,4.008871555328369,76.687096143087
USA,2013,national,income,1.451385139555,3.950882434844971,76.22008999113299
USA,2014,national,income,1.570454790756,4.30223274230957,76.705494992407
USA,2015,national,income,1.47752820296,4.201930999755859,79.628983204528
USA,2016,national,income,1.442815636005,4.293540477752686,83.322585899971
USA,2017,national,income,1.520428409469,4.581949234008789,84.380547725874
USA,2018,national,income,1.39301175478,4.391521453857422,88.27104067990101
USA,2019,national,income,1.269018950329,4.266025066375732,94.126803439627
USA,2020,national,income,.793548515102,2.735771894454956,96.53047167519701
USA,2021,national,income,.764268850894,2.646882057189941,96.97202104126799
USA,2022,national,income,1.554171067003,4.99274206161499,89.949418471729
USA,2023,national,income,1.420666390279,4.716212749481201,92.952119380539
UZB,1998,national,consumption,26.191621418095,2.0274817943573,2.167467598611
UZB,2000,national,consumption,29.831899267226,1.492538332939148,1.400885400909
UZB,2002,national,consumption,26.232370716283,1.39201295375824,1.485811634662
UZB,2003,national,consumption,29.111437295831,1.468660235404968,1.412588629648
UZB,2021,national,income,3.774801090619,1.554365873336792,11.529678454896
UZB,2022,national,income,3.590701685415,1.541155695915222,12.017806742436
UZB,2023,national,income,3.198995981369,1.710781335830688,14.974034367221
UZB,2024,national,income,2.776733381773,1.644188404083252,16.579652907539
VEN,1981,national,income,4.136202497908,2.710325479507446,18.347533065725
VEN,1987,national,income,4.332904908348,2.519520282745361,16.281586921376
VEN,1989,national,income,5.855435661149,3.070103168487549,14.680869745371
VEN,1992,national,income,5.236944940772,2.52462363243103,13.498225341445
VEN,1995,national,income,6.826605404885,2.638145208358765,10.820614141361
VEN,1998,national,income,7.581388645784,3.093879461288452,11.426485566731
VEN,1999,national,income,7.805802024313,2.874162435531616,10.309837148967
VEN,2001,national,income,7.211338942409,2.796640634536743,10.858723988971
VEN,2002,national,income,10.009985848893,3.198998689651489,8.948260950171001
VEN,2003,national,income,11.533334787682,3.123295068740845,7.58256522299
VEN,2004,national,income,10.687314072167,3.241636276245117,8.492855768258
VEN,2005,national,income,10.368240080805,3.937951803207397,10.634654149753
VEN,2006,national,income,6.520014451267,3.033250570297241,13.026200795375
VNM,1992,national,consumption,11.489481559843,1.457529187202454,3.552015574532
VNM,1997,national,consumption,8.725051811672,1.437582850456238,4.613418938302
VNM,2002,national,consumption,9.314574887968,1.484715104103088,4.463115296484
VNM,2004,national,consumption,8.024478069266999,1.508618354797363,5.264057335683
VNM,2006,national,consumption,7.117145330404,1.494027018547058,5.877743582235
VNM,2008,national,consumption,6.520776755939,1.478273153305054,6.347655962258
VNM,2010,national,consumption,4.039148663833,1.614665389060974,11.193109090208
VNM,2012,national,consumption,3.654439768534,1.502346396446228,11.510847205162
VNM,2014,national,consumption,3.44673764993,1.499979853630066,12.185272111072
VNM,2016,national,consumption,3.033898166441,1.524705052375793,14.07158059379
VNM,2018,national,consumption,2.784362604763,1.556691288948059,15.654339101241
VNM,2020,national,consumption,2.51713188891,1.573617219924927,17.504558794104
VNM,2022,national,consumption,2.633878028378,1.560256719589233,16.58664029324
VUT,2010,national,consumption,7.421056104843,1.551766633987427,5.85488980783
VUT,2019,national,consumption,6.620762063547,1.419777750968933,6.004410986596
WSM,2002,national,consumption,4.125938181606,1.650201439857483,11.198820137359
WSM,2008,national,consumption,3.884511745831,1.652492642402649,11.911353896909
WSM,2013,national,consumption,3.877636011331,1.561931729316711,11.27854415421
XKX,2003,national,consumption,5.879408901113,1.293263673782349,6.159017369821
XKX,2005,national,consumption,6.046483226972,1.369036793708801,6.339723454781
XKX,2006,national,consumption,5.997706838362,1.333907842636108,6.227283546149
XKX,2009,national,consumption,5.441017773163,1.384033799171448,7.122371081535
XKX,2010,national,consumption,5.348423455439,1.411251187324524,7.388164610695
XKX,2011,national,consumption,5.051776515972,1.285282015800476,7.123809756469
XKX,2012,national,consumption,4.302039806781,1.309753060340881,8.524581031379
XKX,2013,national,consumption,4.066752548014,1.251115798950195,8.614057952374999
XKX,2014,national,consumption,4.20904340519,1.293137550354004,8.602394239905999
XKX,2015,national,consumption,3.945087078293,1.262550473213196,8.960870198964001
XKX,2016,national,consumption,3.946662827809,1.2794429063797,9.077137918921
XKX,2017,national,consumption,3.957534824389,1.32308566570282,9.360978975676
XKX,2017,national,income,8.868903675906999,3.463772058486938,10.935468581675
XKX,2018,national,income,10.218927809333,3.423953771591187,9.381679477045999
XKX,2019,national,income,6.235939159191,2.813486814498901,12.632841379414
XKX,2020,national,income,9.940742516123001,6.355729579925537,17.902125792034
XKX,2021,national,income,11.897679020702,5.058246612548828,11.90407881385
XKX,2022,national,income,7.460802499743,3.289720773696899,12.346149299903
YEM,1998,national,consumption,6.033651624957,1.49224579334259,6.92497446183
YEM,2005,national,consumption,6.950411813536,1.428404569625854,5.75438240677
YEM,2014,national,consumption,8.445968110135,1.496717214584351,4.961903747056
ZAF,1993,national,consumption,10.726072337801,2.939598083496094,7.67370768774
ZAF,2000,national,consumption,12.006065168767,2.810721874237061,6.555038046223
ZAF,2005,national,consumption,10.13976469379,3.528507947921753,9.743640827018
ZAF,2008,national,consumption,7.771608246775,3.415495157241821,12.305543355933
ZAF,2010,national,consumption,7.726540640269,3.582824230194092,12.983699168322
ZAF,2014,national,consumption,8.388848892381001,3.662417411804199,12.224285734325
ZMB,1991,national,consumption,32.792041389285,4.13090181350708,3.527235295717
ZMB,1993,national,consumption,23.515497657949,2.658555746078491,3.165553205083
ZMB,1996,national,consumption,14.332489584356,2.094691753387451,4.092197071994
ZMB,1998,national,consumption,15.162529724658,2.194413900375366,4.05233085589
ZMB,2002,national,consumption,15.372702122628,1.696348428726196,3.089746767516
ZMB,2004,national,consumption,21.335259691899,2.507968425750732,3.291411312451
ZMB,2006,national,consumption,23.181470853582,2.509230136871338,3.030801813908
ZMB,2010,national,consumption,21.01835458092,2.274878263473511,3.030522345284
ZMB,2015,national,consumption,22.894125065916,2.751591920852661,3.365255210792
ZMB,2022,national,consumption,22.853019765762,2.332756519317627,2.858142302932
ZWE,2011,national,consumption,8.509817973573,1.717278361320496,5.650390269733
ZWE,2017,national,consumption,9.633754496751999,1.741641163825989,5.06198840345
ZWE,2019,national,consumption,11.201323504603,2.066822528839111,5.166445861581
