country/economy code,year,"reporting data level: rural, urban, or national coverage",income or consumption used in survey,"Prosperity Gap, z=28/day","Inequality, z=ybar","Mean, $/day 2021 PPPs"
ABW,1981,national,,1.496624946594238,2.132287263870239,39.8924560546875
ABW,1982,national,,1.493242144584656,2.167636394500732,40.64566421508789
ABW,1983,national,,1.463216304779053,2.16046404838562,41.34248352050781
ABW,1984,national,,1.427136659622192,2.160440683364868,42.38720703125
ABW,1985,national,,1.393227577209473,2.151299715042114,43.23514175415039
ABW,1986,national,,1.367812395095825,2.170376777648926,44.42900848388672
ABW,1987,national,,1.327402472496033,2.19279670715332,46.25447845458984
ABW,1988,national,,1.248824954032898,2.121755838394165,47.57205200195313
ABW,1989,national,,1.210408210754395,2.113552093505859,48.89214706420898
ABW,1990,national,,1.197982668876648,2.109210252761841,49.29777908325195
ABW,1991,national,,1.199968338012695,2.127433776855469,49.64142990112305
ABW,1992,national,,1.204667806625366,2.152277946472168,50.02523040771484
ABW,1993,national,,1.258595585823059,2.234933614730835,49.72061157226563
ABW,1994,national,,1.22137176990509,2.207353830337524,50.60367965698242
ABW,1995,national,,1.192130208015442,2.189465522766113,51.42478179931641
ABW,1996,national,,1.189279556274414,2.214619636535645,52.14026641845703
ABW,1997,national,,1.198803067207336,2.280360221862793,53.26152801513672
ABW,1998,national,,1.210111260414124,2.360380887985229,54.61536026000977
ABW,1999,national,,1.155880689620972,2.313583135604858,56.04413223266602
ABW,2000,national,,1.132245898246765,2.305874347686768,57.02337265014648
ABW,2001,national,,1.140905141830444,2.34704327583313,57.60094451904297
ABW,2002,national,,1.129328727722168,2.353925704956055,58.36203002929688
ABW,2003,national,,1.139819979667664,2.411402225494385,59.23677825927734
ABW,2004,national,,1.143701553344727,2.438053131103516,59.68819808959961
ABW,2005,national,,1.135640740394592,2.461805820465088,60.69750595092773
ABW,2006,national,,1.120078682899475,2.466006517410278,61.64583206176758
ABW,2007,national,,1.080879807472229,2.445630550384521,63.3536262512207
ABW,2008,national,,1.110014200210571,2.492559671401978,62.87457656860352
ABW,2009,national,,1.073621869087219,2.406819343566895,62.76971817016602
ABW,2010,national,,1.108794093132019,2.475446701049805,62.51161193847656
ABW,2011,national,,1.120316624641418,2.479135513305664,61.96087265014648
ABW,2012,national,,1.158023834228516,2.556088447570801,61.80397415161133
ABW,2013,national,,1.142036318778992,2.538648843765259,62.24160003662109
ABW,2014,national,,1.162987470626831,2.615633726119995,62.97380447387695
ABW,2015,national,,1.122166514396667,2.596498489379883,64.78713989257813
ABW,2016,national,,1.115796446800232,2.630395412445068,66.00762176513672
ABW,2017,national,,1.122286438941956,2.677948713302612,66.81232452392578
ABW,2018,national,,1.092122197151184,2.666604995727539,68.36683654785156
ABW,2019,national,,1.038674831390381,2.617498636245728,70.56102752685547
ABW,2020,national,,.8649140000343323,2.236176729202271,72.39210510253906
ABW,2021,national,,.8297843337059021,2.172513484954834,73.30866241455078
ABW,2022,national,,1.06429922580719,2.745012044906616,72.21685028076172
ABW,2023,national,,1.006985545158386,2.637865304946899,73.34785461425781
ABW,2024,national,,.9825437068939209,2.606427907943726,74.27657318115234
ABW,2025,national,,.9767363667488098,2.607769250869751,74.75665283203125
AFG,1981,national,,11.69585514068604,1.315900683403015,3.150279998779297
AFG,1982,national,,11.48311519622803,1.309377074241638,3.192736387252808
AFG,1983,national,,11.10383129119873,1.305545568466187,3.292131900787354
AFG,1984,national,,11.01128959655762,1.30389392375946,3.315599679946899
AFG,1985,national,,10.91674041748047,1.302436709403992,3.340578556060791
AFG,1986,national,,10.8737735748291,1.302382469177246,3.353638887405396
AFG,1987,national,,10.86818027496338,1.301494121551514,3.353075981140137
AFG,1988,national,,10.82147789001465,1.30119001865387,3.366760015487671
AFG,1989,national,,10.7378396987915,1.300514817237854,3.391223430633545
AFG,1990,national,,10.67974948883057,1.298447728157043,3.404249906539917
AFG,1991,national,,10.41716575622559,1.279600977897644,3.43940258026123
AFG,1992,national,,10.12328147888184,1.269101023674011,3.510208368301392
AFG,1993,national,,10.01934814453125,1.26892101764679,3.546117782592773
AFG,1994,national,,9.797774314880371,1.265572667121887,3.616743326187134
AFG,1995,national,,9.772982597351074,1.274255156517029,3.650793790817261
AFG,1996,national,,9.615856170654297,1.270466566085815,3.699417114257813
AFG,1997,national,,9.569433212280273,1.272995233535767,3.724762439727783
AFG,1998,national,,9.590753555297852,1.281216979026794,3.740485429763794
AFG,1999,national,,9.573454856872559,1.284772634506226,3.757643699645996
AFG,2000,national,,9.564324378967285,1.284481406211853,3.760378360748291
AFG,2001,national,,9.567008972167969,1.284228682518005,3.758583545684814
AFG,2002,national,,9.549251556396484,1.286534667015076,3.772334337234497
AFG,2003,national,,9.433164596557617,1.290089249610901,3.82930850982666
AFG,2004,national,,9.293132781982422,1.293299078941345,3.896681070327759
AFG,2005,national,,9.115531921386719,1.298910856246948,3.989838838577271
AFG,2006,national,,8.857401847839355,1.297709107398987,4.102315425872803
AFG,2007,national,,8.622881889343262,1.29526674747467,4.205956935882568
AFG,2008,national,,8.458559989929199,1.297632813453674,4.295496940612793
AFG,2009,national,,8.32005786895752,1.296686172485352,4.36381721496582
AFG,2010,national,,7.946060180664063,1.29447877407074,4.561430931091309
AFG,2011,national,,7.658945560455322,1.295112133026123,4.734743118286133
AFG,2012,national,,7.440360069274902,1.296370148658752,4.878576278686523
AFG,2013,national,,7.214916706085205,1.293742895126343,5.020820617675781
AFG,2014,national,,6.965341091156006,1.291259050369263,5.190736770629883
AFG,2015,national,,6.695141792297363,1.288591384887695,5.389065742492676
AFG,2016,national,,6.433765888214111,1.286015868186951,5.59679126739502
AFG,2017,national,,6.198156356811523,1.29126250743866,5.833242416381836
AFG,2018,national,,5.991372108459473,1.288061380386353,6.019608974456787
AFG,2019,national,,5.874276638031006,1.282114624977112,6.111256122589111
AFG,2020,national,,5.960907459259033,1.277544617652893,6.000973701477051
AFG,2021,national,,5.766359329223633,1.273736715316772,6.18494701385498
AFG,2022,national,,5.550889015197754,1.270686030387878,6.409641265869141
AFG,2023,national,,5.35865306854248,1.268608808517456,6.628726959228516
AFG,2024,national,,5.181454181671143,1.270091533660889,6.863432884216309
AFG,2025,national,,5.021632194519043,1.271579265594482,7.090168952941895
AGO,1981,national,consumption,7.86685037612915,2.857049703598022,10.16892242431641
AGO,1982,national,consumption,8.071000099182129,2.85710597038269,9.91190242767334
AGO,1983,national,consumption,8.04851245880127,2.857069730758667,9.939470291137695
AGO,1984,national,consumption,7.929735660552979,2.857190608978271,10.08877754211426
AGO,1985,national,consumption,7.942071437835693,2.856818437576294,10.07179546356201
AGO,1986,national,consumption,7.986178874969482,2.857439041137695,10.01834487915039
AGO,1987,national,consumption,7.955513477325439,2.857058763504028,10.05562305450439
AGO,1988,national,consumption,7.814732551574707,2.85707688331604,10.23683834075928
AGO,1989,national,consumption,8.001222610473633,2.857316732406616,9.999080657958984
AGO,1990,national,consumption,8.392725944519043,2.858257532119751,9.535782814025879
AGO,1991,national,consumption,8.531929016113281,2.888624906539917,9.479860305786133
AGO,1992,national,consumption,9.097222328186035,2.888787508010864,8.891290664672852
AGO,1993,national,consumption,11.01853847503662,2.852976322174072,7.249903202056885
AGO,1994,national,consumption,11.15494346618652,2.850060701370239,7.153931140899658
AGO,1995,national,consumption,10.41169834136963,2.869041204452515,7.715662956237793
AGO,1996,national,consumption,9.794679641723633,2.883618116378784,8.24338436126709
AGO,1997,national,consumption,9.565388679504395,2.888802528381348,8.456161499023438
AGO,1998,national,consumption,9.482110977172852,2.88864541053772,8.529964447021484
AGO,1999,national,consumption,9.558673858642578,2.888938903808594,8.462501525878906
AGO,2000,national,consumption,9.576140403747559,2.888114929199219,8.444656372070313
AGO,2001,national,consumption,9.536596298217773,2.763771295547485,8.114592552185059
AGO,2002,national,consumption,8.922096252441406,2.638683319091797,8.280916213989258
AGO,2003,national,consumption,8.960986137390137,2.513484716415405,7.853775501251221
AGO,2004,national,consumption,8.540143966674805,2.390828847885132,7.838650703430176
AGO,2005,national,consumption,7.944931507110596,2.23831844329834,7.888414859771729
AGO,2006,national,consumption,7.547869682312012,2.116356372833252,7.850954055786133
AGO,2007,national,consumption,7.067943572998047,1.995482563972473,7.905200481414795
AGO,2008,national,consumption,6.737616062164307,1.871133208274841,7.776003837585449
AGO,2009,national,consumption,7.111517906188965,1.832686305046082,7.215789318084717
AGO,2010,national,consumption,7.569587707519531,1.92154848575592,7.107831954956055
AGO,2011,national,consumption,7.730545043945313,2.001789331436157,7.250472545623779
AGO,2012,national,consumption,7.891252040863037,2.068622350692749,7.339953899383545
AGO,2013,national,consumption,8.097745895385742,2.136780261993408,7.388457298278809
AGO,2014,national,consumption,8.056697845458984,2.192777633666992,7.620712280273438
AGO,2015,national,consumption,8.510242462158203,2.240764379501343,7.372457981109619
AGO,2016,national,consumption,9.31255054473877,2.281467199325562,6.859675884246826
AGO,2017,national,consumption,10.00146865844727,2.316468954086304,6.485160350799561
AGO,2018,national,consumption,10.80062580108643,2.347301006317139,6.085242748260498
AGO,2019,national,consumption,11.18385028839111,2.34965181350708,5.882611751556396
AGO,2020,national,consumption,11.88694477081299,2.345773935317993,5.525529861450195
AGO,2021,national,consumption,12.04983615875244,2.345128774642944,5.449336051940918
AGO,2022,national,consumption,12.05988311767578,2.344821214675903,5.444082260131836
AGO,2023,national,consumption,12.23043727874756,2.343633890151978,5.365446090698242
AGO,2024,national,consumption,12.31592082977295,2.648666858673096,6.02169132232666
AGO,2025,national,consumption,12.34081649780273,2.64853835105896,6.009251594543457
ALB,1981,national,consumption,3.991702795028687,1.267114162445068,8.888236045837402
ALB,1982,national,consumption,3.969568014144897,1.267109632492065,8.937766075134277
ALB,1983,national,consumption,3.998040676116943,1.26711106300354,8.874124526977539
ALB,1984,national,consumption,4.092764377593994,1.267104744911194,8.668696403503418
ALB,1985,national,consumption,4.101154327392578,1.26711368560791,8.651023864746094
ALB,1986,national,consumption,3.999916791915894,1.267110466957092,8.86995792388916
ALB,1987,national,consumption,4.078385353088379,1.267103552818298,8.699251174926758
ALB,1988,national,consumption,4.173745155334473,1.26711118221283,8.500546455383301
ALB,1989,national,consumption,3.980802297592163,1.267107963562012,8.912530899047852
ALB,1990,national,consumption,4.319047451019287,1.267106652259827,8.214539527893066
ALB,1991,national,consumption,5.351737022399902,1.267101287841797,6.629405498504639
ALB,1992,national,consumption,5.611931324005127,1.267108201980591,6.322071075439453
ALB,1993,national,consumption,5.236944198608398,1.26711368560791,6.774787425994873
ALB,1994,national,consumption,4.927487373352051,1.26710319519043,7.200199127197266
ALB,1995,national,consumption,4.487003326416016,1.267102479934692,7.90703010559082
ALB,1996,national,consumption,4.209428087906208,1.269147515296936,8.442032597856
ALB,1997,national,consumption,4.76936674118042,1.291802883148193,7.583916664123535
ALB,1998,national,consumption,4.697073459625244,1.315913915634155,7.844371318817139
ALB,1999,national,consumption,4.322855949401855,1.315365672111511,8.519886016845703
ALB,2000,national,consumption,4.351968765258789,1.329842925071716,8.556035995483398
ALB,2001,national,consumption,4.375827312469482,1.347000479698181,8.619173049926758
ALB,2002,national,consumption,4.429309761017079,1.364912986755371,8.628333842450999
ALB,2003,national,consumption,4.219165325164795,1.354246616363525,8.987299919128418
ALB,2004,national,consumption,4.033687591552734,1.348231554031372,9.35880184173584
ALB,2005,national,consumption,3.860996725132536,1.344995975494385,9.753929077405999
ALB,2006,national,consumption,3.724926233291626,1.341184496879578,10.08158683776855
ALB,2007,national,consumption,3.594907999038696,1.333482027053833,10.38621807098389
ALB,2008,national,consumption,3.45062798655983,1.316423296928406,10.682071072609
ALB,2009,national,consumption,3.497265815734863,1.325060963630676,10.60877513885498
ALB,2010,national,consumption,3.530409574508667,1.327489137649536,10.52843761444092
ALB,2011,national,consumption,3.544924974441528,1.325211763381958,10.46733856201172
ALB,2012,national,consumption,3.634575084843396,1.314640998840332,10.127717460025
ALB,2013,national,consumption,3.755048274993896,1.396149396896362,10.41056728363037
ALB,2014,national,consumption,3.839190183916707,1.479709982872009,10.791827595527
ALB,2015,national,consumption,3.029822473380472,1.410029768943787,13.030741705777
ALB,2016,national,consumption,3.038517368712439,1.447189092636108,13.335877223746
ALB,2017,national,consumption,3.028759545091204,1.428637862205505,13.207340743472
ALB,2018,national,consumption,2.701914763052627,1.367429256439209,14.170698885466
ALB,2019,national,consumption,2.5514344132287,1.333290219306946,14.631818313763
ALB,2020,national,consumption,2.512495131905294,1.33226466178894,14.847157669537
ALB,2021,national,consumption,2.415324687957764,1.329163789749146,15.40852355957031
ALB,2022,national,consumption,2.297795295715332,1.329155087471008,16.1965446472168
ALB,2023,national,consumption,2.233768701553345,1.329163312911987,16.660888671875
ALB,2024,national,consumption,2.168594121932983,1.329155564308167,17.16151237487793
ALB,2025,national,consumption,2.116418838500977,1.329170346260071,17.58478546142578
AND,1981,national,,1.496624946594238,2.132287263870239,39.8924560546875
AND,1982,national,,1.493242144584656,2.167636394500732,40.64566421508789
AND,1983,national,,1.463216304779053,2.16046404838562,41.34248352050781
AND,1984,national,,1.427136659622192,2.160440683364868,42.38720703125
AND,1985,national,,1.393227577209473,2.151299715042114,43.23514175415039
AND,1986,national,,1.367812395095825,2.170376777648926,44.42900848388672
AND,1987,national,,1.327402472496033,2.19279670715332,46.25447845458984
AND,1988,national,,1.248824954032898,2.121755838394165,47.57205200195313
AND,1989,national,,1.210408210754395,2.113552093505859,48.89214706420898
AND,1990,national,,1.197982668876648,2.109210252761841,49.29777908325195
AND,1991,national,,1.199968338012695,2.127433776855469,49.64142990112305
AND,1992,national,,1.204667806625366,2.152277946472168,50.02523040771484
AND,1993,national,,1.258595585823059,2.234933614730835,49.72061157226563
AND,1994,national,,1.22137176990509,2.207353830337524,50.60367965698242
AND,1995,national,,1.192130208015442,2.189465522766113,51.42478179931641
AND,1996,national,,1.189279556274414,2.214619636535645,52.14026641845703
AND,1997,national,,1.198803067207336,2.280360221862793,53.26152801513672
AND,1998,national,,1.210111260414124,2.360380887985229,54.61536026000977
AND,1999,national,,1.155880689620972,2.313583135604858,56.04413223266602
AND,2000,national,,1.132245898246765,2.305874347686768,57.02337265014648
AND,2001,national,,1.140905141830444,2.34704327583313,57.60094451904297
AND,2002,national,,1.129328727722168,2.353925704956055,58.36203002929688
AND,2003,national,,1.139819979667664,2.411402225494385,59.23677825927734
AND,2004,national,,1.143701553344727,2.438053131103516,59.68819808959961
AND,2005,national,,1.135640740394592,2.461805820465088,60.69750595092773
AND,2006,national,,1.120078682899475,2.466006517410278,61.64583206176758
AND,2007,national,,1.080879807472229,2.445630550384521,63.3536262512207
AND,2008,national,,1.110014200210571,2.492559671401978,62.87457656860352
AND,2009,national,,1.073621869087219,2.406819343566895,62.76971817016602
AND,2010,national,,1.108794093132019,2.475446701049805,62.51161193847656
AND,2011,national,,1.120316624641418,2.479135513305664,61.96087265014648
AND,2012,national,,1.158023834228516,2.556088447570801,61.80397415161133
AND,2013,national,,1.142036318778992,2.538648843765259,62.24160003662109
AND,2014,national,,1.162987470626831,2.615633726119995,62.97380447387695
AND,2015,national,,1.122166514396667,2.596498489379883,64.78713989257813
AND,2016,national,,1.115796446800232,2.630395412445068,66.00762176513672
AND,2017,national,,1.122286438941956,2.677948713302612,66.81232452392578
AND,2018,national,,1.092122197151184,2.666604995727539,68.36683654785156
AND,2019,national,,1.038674831390381,2.617498636245728,70.56102752685547
AND,2020,national,,.8649140000343323,2.236176729202271,72.39210510253906
AND,2021,national,,.8297843337059021,2.172513484954834,73.30866241455078
AND,2022,national,,1.06429922580719,2.745012044906616,72.21685028076172
AND,2023,national,,1.006985545158386,2.637865304946899,73.34785461425781
AND,2024,national,,.9825437068939209,2.606427907943726,74.27657318115234
AND,2025,national,,.9767363667488098,2.607769250869751,74.75665283203125
ARE,1981,national,income,.1360463201999664,1.530385613441467,314.9721069335938
ARE,1982,national,income,.1546728909015656,1.530387401580811,277.041748046875
ARE,1983,national,income,.1719737201929092,1.530334830284119,249.1623382568359
ARE,1984,national,income,.1747921854257584,1.530362129211426,245.1490631103516
ARE,1985,national,income,.1912945061922073,1.53034234046936,223.9980010986328
ARE,1986,national,income,.239553689956665,1.530362725257874,178.8749542236328
ARE,1987,national,income,.2485884726047516,1.530391931533813,172.3771514892578
ARE,1988,national,income,.2727058827877045,1.530355334281921,157.1287994384766
ARE,1989,national,income,.2583659291267395,1.530429244041443,165.8578491210938
ARE,1990,national,income,.2315595746040344,1.530374646186829,185.0516815185547
ARE,1991,national,income,.2426985502243042,1.530359387397766,176.5567321777344
ARE,1992,national,income,.2474874556064606,1.53030788898468,173.134521484375
ARE,1993,national,income,.2568186819553375,1.530326843261719,166.8459320068359
ARE,1994,national,income,.2517254650592804,1.530380129814148,170.2276916503906
ARE,1995,national,income,.2467310875654221,1.53038763999939,173.67431640625
ARE,1996,national,income,.2488082200288773,1.530349016189575,172.2200775146484
ARE,1997,national,income,.2494368106126785,1.530336976051331,171.7847290039063
ARE,1998,national,income,.2683983743190765,1.530327081680298,159.6476135253906
ARE,1999,national,income,.2801838517189026,1.530455350875854,152.9451141357422
ARE,2000,national,income,.2703650593757629,1.530346989631653,158.4883575439453
ARE,2001,national,income,.2841863632202148,1.530332922935486,150.7789459228516
ARE,2002,national,income,.2843480706214905,1.530378341674805,150.6976776123047
ARE,2003,national,income,.2953864932060242,1.530334949493408,145.0620727539063
ARE,2004,national,income,.2800737023353577,1.530420184135437,153.0017395019531
ARE,2005,national,income,.2873057126998901,1.53038489818573,149.14697265625
ARE,2006,national,income,.2676995396614075,1.530334711074829,160.0651702880859
ARE,2007,national,income,.2676685452461243,1.530325889587402,160.0827789306641
ARE,2008,national,income,.2680163681507111,1.530421376228333,159.885009765625
ARE,2009,national,income,.3961860835552216,1.530373930931091,108.1574325561523
ARE,2010,national,income,.5583150386810303,1.530389666557312,76.75041198730469
ARE,2011,national,income,.5201486945152283,1.530385851860046,82.3818359375
ARE,2012,national,income,.6148065328598022,1.530362844467163,69.69698333740234
ARE,2013,national,income,.5904947519302368,1.53035843372345,72.56632995605469
ARE,2014,national,income,.5390934348106384,1.515281200408936,78.70226287841797
ARE,2015,national,income,.5360238552093506,1.490626931190491,77.86510467529297
ARE,2016,national,income,.5223931074142456,1.463371396064758,78.43595123291016
ARE,2017,national,income,.5010148286819458,1.433173656463623,80.09516143798828
ARE,2018,national,income,.4853310626780448,1.407130360603333,81.18098022359899
ARE,2019,national,income,.4585423469543457,1.399733304977417,85.47200012207031
ARE,2020,national,income,.4612246155738831,1.399667739868164,84.97095489501953
ARE,2021,national,income,.4584792852401733,1.399733066558838,85.48374176025391
ARE,2022,national,income,.4039976596832275,1.39967668056488,97.00785827636719
ARE,2023,national,income,.3684123158454895,1.399675965309143,106.3778915405273
ARE,2024,national,income,.3648328185081482,1.399723172187805,107.4252243041992
ARE,2025,national,income,.3570591509342194,1.399676322937012,109.7603530883789
ARG,1981,rural,income,7.497424602508545,8.192209243774414,30.59475517272949
ARG,1981,urban,income,1.559084892272949,1.703565001487732,30.59475517272949
ARG,1982,urban,income,1.754613041877747,1.949888825416565,31.11619758605957
ARG,1982,rural,income,7.623676776885986,8.472136497497559,31.11619758605957
ARG,1983,urban,income,1.864304184913635,2.174547910690308,32.65955352783203
ARG,1983,rural,income,8.401516914367676,9.79963493347168,32.65955352783203
ARG,1984,rural,income,8.305234909057617,9.96745491027832,33.60395431518555
ARG,1984,urban,income,2.019702196121216,2.423927783966064,33.60395431518555
ARG,1985,urban,income,2.290192127227783,2.646858692169189,32.36062240600586
ARG,1985,rural,income,7.954611301422119,9.193434715270996,32.36062240600586
ARG,1986,rural,income,6.745903015136719,9.257968902587891,38.426751195005
ARG,1986,urban,income,2.39731941867981,3.290042638778687,38.426751195005
ARG,1987,urban,income,2.362485903596686,2.963577270507813,35.124087320527
ARG,1987,rural,income,7.52939510345459,9.445112228393555,35.124087320527
ARG,1988,rural,income,7.891745090484619,8.148100852966309,28.9095516204834
ARG,1988,urban,income,2.388123989105225,2.465699672698975,28.9095516204834
ARG,1989,rural,income,7.81828498840332,7.105112552642822,25.44588088989258
ARG,1989,urban,income,2.620682001113892,2.381627321243286,25.44588088989258
ARG,1990,rural,income,7.929935932159424,6.475884914398193,22.8658561706543
ARG,1990,urban,income,2.750122547149658,2.245853900909424,22.8658561706543
ARG,1991,urban,income,2.672737908523467,2.379152297973633,24.924353573377
ARG,1991,rural,income,7.83985424041748,6.978689193725586,24.924353573377
ARG,1992,urban,income,3.056260312847208,2.743726253509521,25.136711188063
ARG,1992,rural,income,8.037450790405273,7.215538501739502,25.136711188063
ARG,1993,rural,income,7.986493587493896,7.184870719909668,25.189574506685
ARG,1993,urban,income,3.084788729256581,2.775161266326904,25.189574506685
ARG,1994,rural,income,7.785102367401123,6.919363498687744,24.88627255791
ARG,1994,urban,income,3.387769846578072,3.011034488677979,24.88627255791
ARG,1995,rural,income,7.519270896911621,6.348723411560059,23.641156783667
ARG,1995,urban,income,4.164076339790459,3.515842199325562,23.641156783667
ARG,1996,urban,income,4.816166409860052,3.983744144439697,23.160503034754
ARG,1996,rural,income,8.084501266479492,6.687182903289795,23.160503034754
ARG,1997,rural,income,7.901110649108887,6.847717761993408,24.26698022729
ARG,1997,urban,income,4.184862295585788,3.626927614212036,24.26698022729
ARG,1998,rural,income,7.830459594726563,6.589794158935547,23.56365321875
ARG,1998,urban,income,4.110240500915554,3.459010124206543,23.56365321875
ARG,1999,rural,income,7.994837284088135,6.413519382476807,22.4618141485
ARG,1999,urban,income,4.459001542539606,3.577045202255249,22.4618141485
ARG,2000,rural,income,7.658184051513672,6.009006500244141,21.970245449563
ARG,2000,urban,income,4.750332016669541,3.727355718612671,21.970245449563
ARG,2001,urban,income,6.386010902396044,4.614911079406738,20.234463726807
ARG,2001,rural,income,7.299802780151367,5.275271415710449,20.234463726807
ARG,2002,urban,income,6.683960141530135,3.392637729644775,14.21221215811
ARG,2002,rural,income,6.792012691497803,3.447483062744141,14.21221215811
ARG,2003,urban,income,4.178647783672582,2.998393297195435,20.09143048403
ARG,2003,rural,income,6.716479778289795,4.819417476654053,20.09143048403
ARG,2004,urban,income,3.467751681257039,2.68218207359314,21.657000030013
ARG,2004,rural,income,6.349272727966309,4.910935878753662,21.657000030013
ARG,2005,rural,income,6.155342102050781,5.23688793182373,23.822049824862
ARG,2005,urban,income,3.037686157532771,2.584425449371338,23.822049824862
ARG,2006,rural,income,5.479649543762207,5.168297290802002,26.409047556263
ARG,2006,urban,income,2.67506376919801,2.523067474365234,26.409047556263
ARG,2007,rural,income,5.034153461456299,4.897677421569824,27.240919456524
ARG,2007,urban,income,2.563577645275552,2.494079113006592,27.240919456524
ARG,2008,urban,income,2.422590708370057,2.412328243255615,27.881386718032
ARG,2008,rural,income,4.777429580688477,4.75719165802002,27.881386718032
ARG,2009,rural,income,4.658419609069824,4.800801753997803,28.855805974706
ARG,2009,urban,income,2.266943377818016,2.336231470108032,28.855805974706
ARG,2010,rural,income,4.398510456085205,4.671628475189209,29.738611527974
ARG,2010,urban,income,2.061167197076765,2.189151763916016,29.738611527974
ARG,2011,rural,income,4.218143939971924,4.765345573425293,31.632317994989
ARG,2011,urban,income,1.878112493758721,2.12175178527832,31.632317994989
ARG,2012,rural,income,4.05217456817627,4.536813735961914,31.348795342755
ARG,2012,urban,income,1.855473125573051,2.07738733291626,31.348795342755
ARG,2013,urban,income,1.859015429900168,2.083046197891235,31.374293028925
ARG,2013,rural,income,3.859222412109375,4.324299335479736,31.374293028925
ARG,2014,urban,income,1.958569211218645,2.04683518409729,29.261862045081
ARG,2014,rural,income,3.795360088348389,3.966403722763062,29.261862045081
ARG,2015,urban,income,1.865986466407776,1.975478887557983,29.64298439025879
ARG,2015,rural,income,3.600244760513306,3.811500072479248,29.64298439025879
ARG,2016,rural,income,3.654151201248169,3.962532520294189,30.362976939534
ARG,2016,urban,income,1.935746481245869,2.099107980728149,30.362976939534
ARG,2017,rural,income,3.62459921836853,4.115066051483154,31.788854206097
ARG,2017,urban,income,1.821132650837008,2.067561388015747,31.788854206097
ARG,2018,rural,income,3.5965576171875,3.680015563964844,28.649738426926
ARG,2018,urban,income,2.045903798547096,2.093378782272339,28.649738426926
ARG,2019,rural,income,3.604058265686035,3.591221332550049,27.900270272614
ARG,2019,urban,income,2.181640760610727,2.173870325088501,27.900270272614
ARG,2020,urban,income,2.434027964720769,2.115760803222656,24.338792585339
ARG,2020,rural,income,3.641482353210449,3.165331602096558,24.338792585339
ARG,2021,urban,income,2.184794682060009,2.063437700271606,26.444706440931
ARG,2021,rural,income,3.678749322891235,3.474408864974976,26.444706440931
ARG,2022,urban,income,2.118253761456187,1.889494776725769,24.976164920963
ARG,2022,rural,income,3.390941619873047,3.024739980697632,24.976164920963
ARG,2023,urban,income,2.256163772472789,2.014606475830078,25.002166108131
ARG,2023,rural,income,3.269550323486328,2.919494390487671,25.002166108131
ARG,2024,rural,income,3.203426837921143,2.713359117507935,23.71649360656738
ARG,2024,urban,income,2.290209770202637,1.939848065376282,23.71649360656738
ARG,2025,urban,income,2.182132005691528,1.939073443412781,24.88119697570801
ARG,2025,rural,income,3.174818515777588,2.821188688278198,24.88119697570801
ARM,1981,national,income,3.920664072036743,1.785544753074646,12.75173091888428
ARM,1982,national,income,3.816434860229492,1.785527586936951,13.09986305236816
ARM,1983,national,income,3.794657945632935,1.785578966140747,13.17541980743408
ARM,1984,national,income,3.676891565322876,1.785515308380127,13.59692764282227
ARM,1985,national,income,3.570265293121338,1.785468339920044,14.0026330947876
ARM,1986,national,income,3.601527452468872,1.785484910011292,13.88121509552002
ARM,1987,national,income,3.824194431304932,1.785584807395935,13.07370090484619
ARM,1988,national,income,4.024741172790527,1.785540699958801,12.42195129394531
ARM,1989,national,income,3.556740283966064,1.78557825088501,14.05674457550049
ARM,1990,national,income,3.871600389480591,1.785544753074646,12.913330078125
ARM,1991,national,income,4.460884094238281,1.785493135452271,11.20715236663818
ARM,1992,national,income,7.575365543365479,1.785452842712402,6.599375247955322
ARM,1993,national,income,8.030960083007813,1.78557288646698,6.225412845611572
ARM,1994,national,income,7.423579692840576,1.785486817359924,6.734436988830566
ARM,1995,national,income,6.826719284057617,1.785454630851746,7.323097229003906
ARM,1996,national,income,6.395968845500204,1.777097105979919,7.779700173736
ARM,1997,national,income,6.125618934631348,1.785478472709656,8.161362648010254
ARM,1998,national,consumption,7.275527954101563,1.479690194129944,5.694614410400391
ARM,1999,national,consumption,7.057371099228077,1.477742433547974,5.86291814573
ARM,2000,national,consumption,7.324822902679443,1.481980443000793,5.665045261383057
ARM,2001,national,consumption,7.336791267411955,1.459732294082642,5.570896405766
ARM,2002,national,consumption,6.844450152809113,1.428456902503967,5.843682676151
ARM,2003,national,consumption,6.37851301304108,1.368201494216919,6.006045835904
ARM,2004,national,consumption,5.673264068517273,1.508772253990173,7.446440739557
ARM,2005,national,consumption,4.954477917186211,1.451845407485962,8.205036226135
ARM,2006,national,consumption,4.648482013811982,1.314834475517273,7.919868259221
ARM,2007,national,consumption,4.306181468048842,1.356752634048462,8.821985935063999
ARM,2008,national,consumption,4.048958872343474,1.303910851478577,9.017010602576001
ARM,2009,national,consumption,4.454571304241199,1.274995088577271,8.014208292604
ARM,2010,national,consumption,4.479575752570859,1.309008002281189,8.182074942536
ARM,2011,national,consumption,4.368818860883485,1.303239345550537,8.352532837318
ARM,2012,national,consumption,4.235189393589575,1.308779120445251,8.652698199084
ARM,2013,national,consumption,4.19576170899193,1.345356702804565,8.978104855772999
ARM,2014,national,consumption,4.13253538527244,1.359061241149902,9.208321225408
ARM,2015,national,consumption,3.92801042364345,1.384833455085754,9.871495153213001
ARM,2016,national,consumption,3.778563825197728,1.402408123016357,10.392156820555
ARM,2017,national,consumption,3.856619159719018,1.392632246017456,10.110850974985
ARM,2018,national,consumption,3.937541612320816,1.421500444412231,10.108340425185
ARM,2019,national,consumption,4.058038005417999,1.31708288192749,9.087721708675
ARM,2020,national,consumption,3.971914796323488,1.218495488166809,8.589779973334
ARM,2021,national,consumption,3.986770433676355,1.273140788078308,8.941558378416
ARM,2022,national,consumption,4.033831269068731,1.277099132537842,8.864717634701
ARM,2023,national,consumption,3.988693455173574,1.260498762130737,8.848503041633
ARM,2024,national,consumption,3.82115912437439,1.257711887359619,9.216033935546875
ARM,2025,national,consumption,3.71772837638855,1.257692217826843,9.472285270690918
ASM,1981,national,,24.40870094299316,1.667641997337341,1.913005352020264
ASM,1982,national,,22.85719108581543,1.634384393692017,2.002116680145264
ASM,1983,national,,21.14700317382813,1.594770431518555,2.111579179763794
ASM,1984,national,,18.94826507568359,1.538020610809326,2.272745132446289
ASM,1985,national,,18.00973510742188,1.523019433021545,2.367860794067383
ASM,1986,national,,17.47477531433105,1.527145743370056,2.446960210800171
ASM,1987,national,,16.74593162536621,1.534370541572571,2.56554102897644
ASM,1988,national,,15.50753784179688,1.518698692321777,2.742122173309326
ASM,1989,national,,17.12288665771484,1.59705114364624,2.611559152603149
ASM,1990,national,,16.70993232727051,1.608567118644714,2.695395708084106
ASM,1991,national,,16.36263465881348,1.621693968772888,2.775068521499634
ASM,1992,national,,15.88161373138428,1.635483503341675,2.883430957794189
ASM,1993,national,,15.4198751449585,1.642504692077637,2.982522964477539
ASM,1994,national,,14.14209079742432,1.628344416618347,3.223967790603638
ASM,1995,national,,13.20421600341797,1.635139107704163,3.467369556427002
ASM,1996,national,,12.44002056121826,1.662443399429321,3.741827964782715
ASM,1997,national,,12.43155765533447,1.70077908039093,3.830719947814941
ASM,1998,national,,12.71297740936279,1.726580023765564,3.802747249603271
ASM,1999,national,,12.09512901306152,1.719696521759033,3.981065511703491
ASM,2000,national,,11.62391090393066,1.73140287399292,4.170651435852051
ASM,2001,national,,11.11767673492432,1.756735801696777,4.424359798431396
ASM,2002,national,,10.37381839752197,1.772962808609009,4.785408496856689
ASM,2003,national,,9.586318016052246,1.754455208778381,5.124464511871338
ASM,2004,national,,8.903857231140137,1.747275829315186,5.49466609954834
ASM,2005,national,,8.169175148010254,1.73156476020813,5.934970378875732
ASM,2006,national,,7.963298320770264,1.782298803329468,6.266796112060547
ASM,2007,national,,7.510009288787842,1.809226632118225,6.745443820953369
ASM,2008,national,,7.246042251586914,1.840979933738708,7.113874912261963
ASM,2009,national,,6.851041793823242,1.863452315330505,7.615872859954834
ASM,2010,national,,6.356264114379883,1.876651763916016,8.266844749450684
ASM,2011,national,,5.842445373535156,1.853362202644348,8.882264137268066
ASM,2012,national,,5.437477588653564,1.853066563606262,9.542266845703125
ASM,2013,national,,4.714409351348877,1.754438638687134,10.42002868652344
ASM,2014,national,,4.435393810272217,1.753258347511292,11.06806659698486
ASM,2015,national,,4.145198822021484,1.74174952507019,11.76517391204834
ASM,2016,national,,3.897650241851807,1.733247756958008,12.45133209228516
ASM,2017,national,,3.719255685806274,1.738698363304138,13.08959579467773
ASM,2018,national,,3.505136728286743,1.72750186920166,13.79976177215576
ASM,2019,national,,3.317496061325073,1.719678401947021,14.51425838470459
ASM,2020,national,,3.346598148345947,1.681135535240173,14.06556510925293
ASM,2021,national,,3.091820240020752,1.706607937812805,15.45530414581299
ASM,2022,national,,3.057236909866333,1.708668351173401,15.64900398254395
ASM,2023,national,,2.960227489471436,1.713810563087463,16.21047592163086
ASM,2024,national,,2.870854616165161,1.718198418617249,16.75792121887207
ASM,2025,national,,2.797039985656738,1.725280523300171,17.27106285095215
ATG,1981,national,,1.496624946594238,2.132287263870239,39.8924560546875
ATG,1982,national,,1.493242144584656,2.167636394500732,40.64566421508789
ATG,1983,national,,1.463216304779053,2.16046404838562,41.34248352050781
ATG,1984,national,,1.427136659622192,2.160440683364868,42.38720703125
ATG,1985,national,,1.393227577209473,2.151299715042114,43.23514175415039
ATG,1986,national,,1.367812395095825,2.170376777648926,44.42900848388672
ATG,1987,national,,1.327402472496033,2.19279670715332,46.25447845458984
ATG,1988,national,,1.248824954032898,2.121755838394165,47.57205200195313
ATG,1989,national,,1.210408210754395,2.113552093505859,48.89214706420898
ATG,1990,national,,1.197982668876648,2.109210252761841,49.29777908325195
ATG,1991,national,,1.199968338012695,2.127433776855469,49.64142990112305
ATG,1992,national,,1.204667806625366,2.152277946472168,50.02523040771484
ATG,1993,national,,1.258595585823059,2.234933614730835,49.72061157226563
ATG,1994,national,,1.22137176990509,2.207353830337524,50.60367965698242
ATG,1995,national,,1.192130208015442,2.189465522766113,51.42478179931641
ATG,1996,national,,1.189279556274414,2.214619636535645,52.14026641845703
ATG,1997,national,,1.198803067207336,2.280360221862793,53.26152801513672
ATG,1998,national,,1.210111260414124,2.360380887985229,54.61536026000977
ATG,1999,national,,1.155880689620972,2.313583135604858,56.04413223266602
ATG,2000,national,,1.132245898246765,2.305874347686768,57.02337265014648
ATG,2001,national,,1.140905141830444,2.34704327583313,57.60094451904297
ATG,2002,national,,1.129328727722168,2.353925704956055,58.36203002929688
ATG,2003,national,,1.139819979667664,2.411402225494385,59.23677825927734
ATG,2004,national,,1.143701553344727,2.438053131103516,59.68819808959961
ATG,2005,national,,1.135640740394592,2.461805820465088,60.69750595092773
ATG,2006,national,,1.120078682899475,2.466006517410278,61.64583206176758
ATG,2007,national,,1.080879807472229,2.445630550384521,63.3536262512207
ATG,2008,national,,1.110014200210571,2.492559671401978,62.87457656860352
ATG,2009,national,,1.073621869087219,2.406819343566895,62.76971817016602
ATG,2010,national,,1.108794093132019,2.475446701049805,62.51161193847656
ATG,2011,national,,1.120316624641418,2.479135513305664,61.96087265014648
ATG,2012,national,,1.158023834228516,2.556088447570801,61.80397415161133
ATG,2013,national,,1.142036318778992,2.538648843765259,62.24160003662109
ATG,2014,national,,1.162987470626831,2.615633726119995,62.97380447387695
ATG,2015,national,,1.122166514396667,2.596498489379883,64.78713989257813
ATG,2016,national,,1.115796446800232,2.630395412445068,66.00762176513672
ATG,2017,national,,1.122286438941956,2.677948713302612,66.81232452392578
ATG,2018,national,,1.092122197151184,2.666604995727539,68.36683654785156
ATG,2019,national,,1.038674831390381,2.617498636245728,70.56102752685547
ATG,2020,national,,.8649140000343323,2.236176729202271,72.39210510253906
ATG,2021,national,,.8297843337059021,2.172513484954834,73.30866241455078
ATG,2022,national,,1.06429922580719,2.745012044906616,72.21685028076172
ATG,2023,national,,1.006985545158386,2.637865304946899,73.34785461425781
ATG,2024,national,,.9825437068939209,2.606427907943726,74.27657318115234
ATG,2025,national,,.9767363667488098,2.607769250869751,74.75665283203125
AUS,1981,national,income,1.323352548825181,1.971529722213745,41.714381638434
AUS,1982,national,income,1.257946491241455,1.913148522377014,42.58381271362305
AUS,1983,national,income,1.259244561195374,1.920350909233093,42.70006561279297
AUS,1984,national,income,1.353662967681885,2.056809663772583,42.54431915283203
AUS,1985,national,income,1.388917873517111,2.138110637664795,43.103412771498
AUS,1986,national,income,1.338755369186401,2.07188606262207,43.33338928222656
AUS,1987,national,income,1.251953363418579,1.941859006881714,43.42977523803711
AUS,1988,national,income,1.24598217010498,1.945377230644226,43.71696853637695
AUS,1989,national,income,1.279052243332741,2.023581743240356,44.298649289365
AUS,1990,national,income,1.243333697319031,1.935513019561768,43.58794784545898
AUS,1991,national,income,1.335344552993774,2.031083583831787,42.5885124206543
AUS,1992,national,income,1.360306620597839,2.035159349441528,41.89089584350586
AUS,1993,national,income,1.445583701133728,2.125775814056396,41.17487335205078
AUS,1994,national,income,1.459491372108459,2.132011413574219,40.90214157104492
AUS,1995,national,income,1.539601638651447,2.242926359176636,40.791029659062
AUS,1996,national,income,1.437914252281189,2.124102830886841,41.36190795898438
AUS,1997,national,income,1.409882545471191,2.132093667984009,42.34297561645508
AUS,1998,national,income,1.378727436065674,2.158477067947388,43.83560943603516
AUS,1999,national,income,1.355526447296143,2.187596321105957,45.18738555908203
AUS,2000,national,income,1.350826621055603,2.226526260375977,46.15154266357422
AUS,2001,national,income,1.423965656510753,2.390034914016724,46.996199929082
AUS,2002,national,income,1.397327065467834,2.36860179901123,47.46265411376953
AUS,2003,national,income,1.49273266751138,2.583821058273315,48.466140135834
AUS,2004,national,income,1.159855587796837,2.185050249099731,52.749161652118
AUS,2005,national,income,1.020815849304199,2.063571691513062,56.60179138183594
AUS,2006,national,income,.9924282431602478,2.149386405944824,60.64198684692383
AUS,2007,national,income,.8900052905082703,2.089992523193359,65.75218200683594
AUS,2008,national,income,.9387957478773123,2.236144542694092,66.69400262994399
AUS,2009,national,income,.891322910785675,2.088417768478394,65.60551452636719
AUS,2010,national,income,.9153617303352137,2.172478914260864,66.453958052202
AUS,2011,national,income,.8476939797401428,2.074867248535156,68.53450012207031
AUS,2012,national,income,.8313496708869934,2.048346042633057,68.9886474609375
AUS,2013,national,income,.824237585067749,2.042065382003784,69.37056732177734
AUS,2014,national,income,.8889965861444933,2.255564451217651,71.04167371177
AUS,2015,national,income,.8298187851905823,2.075170993804932,70.02105712890625
AUS,2016,national,income,.877269179226275,2.174403429031372,69.400929557533
AUS,2017,national,income,.8448019623756409,2.10192346572876,69.66586303710938
AUS,2018,national,income,.9250261769516545,2.322459936141968,70.299496994373
AUS,2019,national,income,.8785936236381531,2.149597883224487,68.50577545166016
AUS,2020,national,income,.8917645812034607,2.140281677246094,67.20146942138672
AUS,2021,national,income,.879051148891449,2.149268627166748,68.45963287353516
AUS,2022,national,income,.8548325896263123,2.160354137420654,70.76229858398438
AUS,2023,national,income,.8591567277908325,2.160354614257813,70.40616607666016
AUS,2024,national,income,.8597422242164612,2.160354137420654,70.35820007324219
AUS,2025,national,income,.851861834526062,2.160354614257813,71.00908660888672
AUT,1981,national,income,.8441354632377625,1.467657685279846,48.6822509765625
AUT,1982,national,income,.8288024067878723,1.467658042907715,49.5828971862793
AUT,1983,national,income,.7848148345947266,1.467657804489136,52.3619270324707
AUT,1984,national,income,.801825225353241,1.467658996582031,51.25113296508789
AUT,1985,national,income,.7879309058189392,1.467661738395691,52.15499114990234
AUT,1986,national,income,.7715145349502563,1.467659950256348,53.26468658447266
AUT,1987,national,income,.7537767291069031,1.467661142349243,54.51815032958984
AUT,1988,national,income,.7370980978012085,1.467657804489136,55.75162887573242
AUT,1989,national,income,.7147786617279053,1.467657804489136,57.49250793457031
AUT,1990,national,income,.6909833550453186,1.467658519744873,59.4724006652832
AUT,1991,national,income,.677622377872467,1.467660307884216,60.64511489868164
AUT,1992,national,income,.6620851159095764,1.467661142349243,62.06832122802734
AUT,1993,national,income,.6668617725372314,1.467657208442688,61.62356948852539
AUT,1994,national,income,.6609184256849633,1.482200264930725,62.793843116719
AUT,1995,national,income,.6459305493218152,1.417775750160217,61.458188180154
AUT,1996,national,income,.6492945884063027,1.367357730865479,58.96555756068
AUT,1997,national,income,.6684912230040744,1.40637731552124,58.906631684949
AUT,1998,national,income,.6732467071320102,1.485183000564575,61.768031325149
AUT,1999,national,income,.6206634244161759,1.409904837608337,63.605060232624
AUT,2000,national,income,.6285708292150923,1.387699246406555,61.815754241409
AUT,2001,national,income,.6233527064323425,1.40684711933136,63.19330978393555
AUT,2002,national,income,.7165812849998474,1.622825264930725,63.41096115112305
AUT,2003,national,income,.8002287465457921,1.875053882598877,65.608127640031
AUT,2004,national,income,.6187162266808643,1.529927492141724,69.23686270441701
AUT,2005,national,income,.6563451890531296,1.551139831542969,66.17236709846
AUT,2006,national,income,.5925348709410583,1.433588862419128,67.74367275536
AUT,2007,national,income,.8161250756092495,2.056520700454712,70.556072278768
AUT,2008,national,income,.7306896131217535,1.872024655342102,71.73591989607
AUT,2009,national,income,.9610044651464815,2.549638748168945,74.28673726467601
AUT,2010,national,income,.8107467457438907,2.172725200653076,75.03737019812
AUT,2011,national,income,.8245426392751301,2.168260335922241,73.630260111989
AUT,2012,national,income,.9535148892262038,2.450093507766724,71.94708486850401
AUT,2013,national,income,.6952410194194236,1.873968958854675,75.471858921231
AUT,2014,national,income,.6625537806032932,1.7583327293396,74.30840748915401
AUT,2015,national,income,1.085561173925974,2.870181798934937,74.030920433397
AUT,2016,national,income,1.034348827014357,2.858656406402588,77.384319311311
AUT,2017,national,income,.7275319689718406,1.983781337738037,76.34836663815901
AUT,2018,national,income,.9542215098527478,2.629174709320068,77.148639707553
AUT,2019,national,income,.9040950246341112,2.541011333465576,78.69561593340499
AUT,2020,national,income,1.050403375311848,2.959883451461792,78.899915336934
AUT,2021,national,income,.8774696686921089,2.467999458312988,78.75369899501899
AUT,2022,national,income,.6075141654000773,1.78840708732605,82.42671819028099
AUT,2023,national,income,.5993574857711792,1.714001893997192,80.07250213623047
AUT,2024,national,income,.6047492623329163,1.713984966278076,79.35781097412109
AUT,2025,national,income,.5992860198020935,1.71399974822998,80.08194732666016
AZE,1981,national,consumption,3.737051010131836,1.552923798561096,11.63534164428711
AZE,1982,national,consumption,3.621621131896973,1.552932858467102,12.00625896453857
AZE,1983,national,consumption,3.56459903717041,1.552936792373657,12.19835090637207
AZE,1984,national,consumption,3.458793878555298,1.552921652793884,12.57137870788574
AZE,1985,national,consumption,3.402391195297241,1.552935600280762,12.77989387512207
AZE,1986,national,consumption,3.373414278030396,1.552923440933228,12.88956928253174
AZE,1987,national,consumption,3.285281896591187,1.552922248840332,13.2353401184082
AZE,1988,national,consumption,3.202301025390625,1.552924036979675,13.57832145690918
AZE,1989,national,consumption,3.436179876327515,1.552920341491699,12.65410137176514
AZE,1990,national,consumption,3.756902694702148,1.552924752235413,11.57386684417725
AZE,1991,national,consumption,3.810582637786865,1.552922487258911,11.41080856323242
AZE,1992,national,consumption,4.570846557617188,1.552924513816833,9.512873649597168
AZE,1993,national,consumption,5.505722045898438,1.552928447723389,7.897601127624512
AZE,1994,national,consumption,6.44265079498291,1.552924633026123,6.749068260192871
AZE,1995,national,consumption,7.105008116214719,1.557480216026306,6.137846158126
AZE,1996,national,consumption,6.991945266723633,1.534012794494629,6.143119812011719
AZE,1997,national,consumption,6.782556533813477,1.525453329086304,6.297432899475098
AZE,1998,national,consumption,6.441491603851318,1.515153288841248,6.586097717285156
AZE,1999,national,consumption,6.181637763977051,1.502952814102173,6.807691097259521
AZE,2000,national,consumption,5.815989017486572,1.489173173904419,7.169347763061523
AZE,2001,national,consumption,5.544971986566217,1.483954191207886,7.493404299686
AZE,2002,national,consumption,3.568582275989317,1.205323219299316,9.457271410725999
AZE,2003,national,consumption,3.511682559859861,1.235704302787781,9.852747253993
AZE,2004,national,consumption,3.37821299616812,1.223315715789795,10.139337360526
AZE,2005,national,consumption,3.03230026709063,1.220999479293823,11.274604137995
AZE,2006,national,consumption,2.461555957794189,1.222813248634338,13.90940189361572
AZE,2007,national,consumption,2.112667798995972,1.222808480262756,16.20635223388672
AZE,2008,national,consumption,1.994590520858765,1.222808599472046,17.16574859619141
AZE,2009,national,consumption,1.900775909423828,1.222812056541443,18.01303291320801
AZE,2010,national,consumption,1.851442098617554,1.222815036773682,18.49305534362793
AZE,2011,national,consumption,1.867073655128479,1.22281277179718,18.33819389343262
AZE,2012,national,consumption,1.856463074684143,1.222814798355103,18.44303512573242
AZE,2013,national,consumption,1.80038583278656,1.222814083099365,19.01747512817383
AZE,2014,national,consumption,1.781967997550964,1.222805500030518,19.21389961242676
AZE,2015,national,consumption,1.783257842063904,1.222815990447998,19.20016670227051
AZE,2016,national,consumption,1.836979746818542,1.222812414169312,18.63860893249512
AZE,2017,national,consumption,1.847035884857178,1.222818732261658,18.53722763061523
AZE,2018,national,consumption,1.839002013206482,1.222803235054016,18.61797332763672
AZE,2019,national,consumption,1.818176746368408,1.222821593284607,18.83150482177734
AZE,2020,national,consumption,1.883477091789246,1.222808599472046,18.17842102050781
AZE,2021,national,consumption,1.81791627407074,1.222813010215759,18.83407020568848
AZE,2022,national,consumption,1.760328531265259,1.222816109657288,19.45026206970215
AZE,2023,national,consumption,1.748070001602173,1.222810506820679,19.58656883239746
AZE,2024,national,consumption,1.724534869194031,1.222809076309204,19.85384941101074
AZE,2025,national,consumption,1.700881123542786,1.222806572914124,20.12990951538086
BDI,1981,national,consumption,21.18838310241699,1.387358546257019,1.833364963531494
BDI,1982,national,consumption,21.71831893920898,1.387326836585999,1.788589239120483
BDI,1983,national,consumption,21.5710334777832,1.38731837272644,1.800790667533875
BDI,1984,national,consumption,21.91617774963379,1.38733696937561,1.772454857826233
BDI,1985,national,consumption,20.56335067749023,1.387319326400757,1.889037609100342
BDI,1986,national,consumption,20.37413597106934,1.387351393699646,1.906625151634216
BDI,1987,national,consumption,19.93924522399902,1.387445569038391,1.948342323303223
BDI,1988,national,consumption,19.56219863891602,1.387193322181702,1.985534191131592
BDI,1989,national,consumption,19.64792060852051,1.387261986732483,1.976969242095947
BDI,1990,national,consumption,19.46271896362305,1.387302041053772,1.995839238166809
BDI,1991,national,consumption,19.08229446411133,1.387246012687683,2.035546064376831
BDI,1992,national,consumption,19.31335849471988,1.390512228012085,2.015928139458
BDI,1993,national,consumption,20.3533992767334,1.454043388366699,2.000315189361572
BDI,1994,national,consumption,21.51546859741211,1.518429040908813,1.976067304611206
BDI,1995,national,consumption,23.29553413391113,1.581687569618225,1.901104807853699
BDI,1996,national,consumption,24.75753784179688,1.644484639167786,1.85986065864563
BDI,1997,national,consumption,26.59099006652832,1.703153014183044,1.793400168418884
BDI,1998,national,consumption,26.57954597473145,1.771122813224792,1.865774512290955
BDI,1999,national,consumption,26.70543098449707,1.783445000648499,1.869899034500122
BDI,2000,national,consumption,25.65351104736328,1.742031693458557,1.901372790336609
BDI,2001,national,consumption,24.19687652587891,1.693886876106262,1.960122108459473
BDI,2002,national,consumption,22.43893241882324,1.641592621803284,2.048430442810059
BDI,2003,national,consumption,21.52153205871582,1.578200340270996,2.053274393081665
BDI,2004,national,consumption,19.8384952545166,1.51233434677124,2.134504795074463
BDI,2005,national,consumption,18.64616012573242,1.434843420982361,2.154632091522217
BDI,2006,national,consumption,16.91419040017014,1.357027888298035,2.246444056831
BDI,2007,national,consumption,16.98056030273438,1.384310126304626,2.282650470733643
BDI,2008,national,consumption,17.19199371337891,1.411194324493408,2.298362970352173
BDI,2009,national,consumption,17.1691722869873,1.438335537910461,2.345680713653564
BDI,2010,national,consumption,17.18140411376953,1.467765212059021,2.391971349716187
BDI,2011,national,consumption,17.18618965148926,1.493475437164307,2.433192729949951
BDI,2012,national,consumption,18.32910346984863,1.520688533782959,2.323042154312134
BDI,2013,national,consumption,17.28643798828125,1.546810388565063,2.505472183227539
BDI,2014,national,consumption,16.82114219665527,1.561151146888733,2.598648309707642
BDI,2015,national,consumption,17.19677925109863,1.559365153312683,2.538976907730103
BDI,2016,national,consumption,17.09253883361816,1.555524110794067,2.548168897628784
BDI,2017,national,consumption,16.92986106872559,1.55116605758667,2.565446376800537
BDI,2018,national,consumption,16.71485137939453,1.546560406684875,2.590731382369995
BDI,2019,national,consumption,16.50461769104004,1.539952397346497,2.612521409988403
BDI,2020,national,consumption,16.40539169311523,1.531175255775452,2.613342523574829
BDI,2021,national,consumption,16.30603981018066,1.529659152030945,2.626662015914917
BDI,2022,national,consumption,16.40744590759277,1.529783487319946,2.610640287399292
BDI,2023,national,consumption,16.41589164733887,1.529888153076172,2.609475612640381
BDI,2024,national,consumption,16.50027275085449,1.529726028442383,2.595855712890625
BDI,2025,national,consumption,16.38858604431152,1.529900312423706,2.613844156265259
BEL,1981,national,income,1.042840123176575,1.398919701576233,37.56064987182617
BEL,1982,national,income,1.017739176750183,1.398920178413391,38.48703765869141
BEL,1983,national,income,1.019189476966858,1.398918271064758,38.43221664428711
BEL,1984,national,income,1.015426635742188,1.398920059204102,38.57468414306641
BEL,1985,national,income,1.013873794159518,1.435555100440979,39.645508888696
BEL,1986,national,income,1.073022961616516,1.545893907546997,40.33933258056641
BEL,1987,national,income,1.159364819526672,1.686463356018066,40.73003768920898
BEL,1988,national,income,1.316802445645862,1.960620164871216,41.689902909776
BEL,1989,national,income,1.313957810401917,1.992031216621399,42.44951629638672
BEL,1990,national,income,1.308864593505859,2.029340982437134,43.4128532409668
BEL,1991,national,income,1.391494989395142,2.203945159912109,44.34832000732422
BEL,1992,national,income,1.486933223695306,2.382348537445068,44.861301918904
BEL,1993,national,income,1.326934695243835,2.224523544311523,46.94025802612305
BEL,1994,national,income,1.173489928245544,2.048506498336792,48.87828826904297
BEL,1995,national,income,1.04249267844624,2.001541137695313,53.758795155086
BEL,1996,national,income,.9653841853141785,1.837929964065552,53.30731582641602
BEL,1997,national,income,.95318943046857,1.799492597579956,52.860210834251
BEL,1998,national,income,.8713444471359253,1.72154176235199,55.32045364379883
BEL,1999,national,income,.8618625998497009,1.732443928718567,56.28325271606445
BEL,2000,national,income,.9339553354050012,2.115731477737427,63.429675068732
BEL,2001,national,income,.8457292318344116,1.748475790023804,57.88770294189453
BEL,2002,national,income,.770098090171814,1.584268808364868,57.60243606567383
BEL,2003,national,income,.8046511057001183,1.633922338485718,56.856723408531
BEL,2004,national,income,.6454341666960276,1.414217710494995,61.351097540573
BEL,2005,national,income,.7392112433886312,1.617844104766846,61.281043102162
BEL,2006,national,income,.7195577390649671,1.54816460609436,60.243407845302
BEL,2007,national,income,.6816907953075595,1.509312987327576,61.994034204514
BEL,2008,national,income,.6554579812072056,1.470698595046997,62.825631627486
BEL,2009,national,income,.646948930125509,1.466643929481506,63.476461454597
BEL,2010,national,income,.6902375571176966,1.553232431411743,63.00802949075
BEL,2011,national,income,.6859625763683812,1.506000399589539,61.472759875116
BEL,2012,national,income,.7109696548861597,1.605256319046021,63.219544214366
BEL,2013,national,income,.7120143491184825,1.604268908500671,63.087954401588
BEL,2014,national,income,.6245743869128972,1.424130082130432,63.844506519155
BEL,2015,national,income,.6170270872714986,1.423573136329651,64.600156299042
BEL,2016,national,income,.6358518711406554,1.451147437095642,63.901875959863
BEL,2017,national,income,.6598764863609243,1.522631406784058,64.608577268259
BEL,2018,national,income,.6073285225968189,1.434240818023682,66.12359142941401
BEL,2019,national,income,.5886936614791752,1.438486218452454,68.418629339359
BEL,2020,national,income,.5453225642388229,1.32711386680603,68.14166597737599
BEL,2021,national,income,.5352209246609358,1.354074001312256,70.838175178675
BEL,2022,national,income,.5339725261001048,1.304250836372375,68.39120112056
BEL,2023,national,income,.5184471607208252,1.264261841773987,68.27953338623047
BEL,2024,national,income,.5149786472320557,1.264245748519897,68.73854064941406
BEL,2025,national,income,.5131509304046631,1.264272451400757,68.98482513427734
BEN,1981,national,consumption,16.47430038452148,1.550517559051514,2.6352858543396
BEN,1982,national,consumption,16.55281066894531,1.550551652908325,2.622844457626343
BEN,1983,national,consumption,17.41576194763184,1.550490140914917,2.492783546447754
BEN,1984,national,consumption,16.84764862060547,1.550530672073364,2.576909065246582
BEN,1985,national,consumption,16.34320831298828,1.550469875335693,2.656342267990112
BEN,1986,national,consumption,16.4393367767334,1.550499320030212,2.640859603881836
BEN,1987,national,consumption,16.96530342102051,1.550521850585938,2.55902361869812
BEN,1988,national,consumption,16.92877769470215,1.550506830215454,2.564520120620728
BEN,1989,national,consumption,17.64316940307617,1.550552248954773,2.460752010345459
BEN,1990,national,consumption,16.96840858459473,1.550524830818176,2.558560132980347
BEN,1991,national,consumption,16.8443431854248,1.550597906112671,2.577526569366455
BEN,1992,national,consumption,16.86429595947266,1.550531268119812,2.574366331100464
BEN,1993,national,consumption,16.71749687194824,1.550431132316589,2.596804618835449
BEN,1994,national,consumption,16.92250823974609,1.550469398498535,2.565408229827881
BEN,1995,national,consumption,16.48167610168457,1.550545334815979,2.634153842926025
BEN,1996,national,consumption,16.29633903503418,1.550601601600647,2.66420841217041
BEN,1997,national,consumption,15.99734878540039,1.550508737564087,2.713840007781982
BEN,1998,national,consumption,15.90786075592041,1.550506949424744,2.729103326797485
BEN,1999,national,consumption,15.67396831512451,1.550480365753174,2.769780397415161
BEN,2000,national,consumption,15.3886661529541,1.550516486167908,2.821197271347046
BEN,2001,national,consumption,15.1587963104248,1.55051589012146,2.863976955413818
BEN,2002,national,consumption,15.00054359436035,1.550526142120361,2.894210577011108
BEN,2003,national,consumption,14.99871221252635,1.550835967063904,2.895142269667
BEN,2004,national,consumption,14.77806949615479,1.572561144828796,2.979530811309814
BEN,2005,national,consumption,15.19082355499268,1.591636538505554,2.933733224868774
BEN,2006,national,consumption,15.41658687591553,1.614754676818848,2.932758808135986
BEN,2007,national,consumption,14.73333358764648,1.633198976516724,3.103816986083984
BEN,2008,national,consumption,14.91315174102783,1.651719808578491,3.101165771484375
BEN,2009,national,consumption,15.0845890045166,1.671268105506897,3.102206230163574
BEN,2010,national,consumption,15.25527381896973,1.691863656044006,3.105298757553101
BEN,2011,national,consumption,15.46139907836914,1.712424278259277,3.101134538650513
BEN,2012,national,consumption,16.47112464904785,1.849663734436035,3.144325971603394
BEN,2013,national,consumption,18.12472343444824,2.043560028076172,3.156996250152588
BEN,2014,national,consumption,19.43414306640625,2.239909648895264,3.227179527282715
BEN,2015,national,consumption,21.50545110618601,2.424146890640259,3.156228300571
BEN,2016,national,consumption,18.7966423034668,2.168417453765869,3.230134725570679
BEN,2017,national,consumption,14.28823280334473,1.913616061210632,3.75002646446228
BEN,2018,national,consumption,10.34101581573486,1.659393668174744,4.493081092834473
BEN,2019,national,consumption,8.560376167297363,1.518420696258545,4.966578483581543
BEN,2020,national,consumption,8.336454391479492,1.49240505695343,5.012603759765625
BEN,2021,national,consumption,7.925581455230713,1.466064691543579,5.179407119750977
BEN,2022,national,consumption,7.618688106536865,1.443030476570129,5.30338716506958
BEN,2023,national,consumption,7.426448822021484,1.443065166473389,5.440800189971924
BEN,2024,national,consumption,7.24514627456665,1.443050265312195,5.576893329620361
BEN,2025,national,consumption,7.015090942382813,1.443037033081055,5.759730815887451
BFA,1981,national,consumption,32.60414123535156,1.877455353736877,1.612333536148071
BFA,1982,national,consumption,31.2304801940918,1.880999803543091,1.686429262161255
BFA,1983,national,consumption,31.75486183166504,1.879707217216492,1.657440781593323
BFA,1984,national,consumption,32.752685546875,1.87690532207489,1.604550838470459
BFA,1985,national,consumption,31.60945320129395,1.880028486251831,1.665349841117859
BFA,1986,national,consumption,30.58928680419922,1.88234555721283,1.723010897636414
BFA,1987,national,consumption,31.2078857421875,1.88107168674469,1.687714695930481
BFA,1988,national,consumption,30.58921241760254,1.88234806060791,1.723017454147339
BFA,1989,national,consumption,30.6995964050293,1.882127046585083,1.716620564460754
BFA,1990,national,consumption,31.37507820129395,1.880727291107178,1.67841374874115
BFA,1991,national,consumption,30.07463073730469,1.882697582244873,1.752823948860168
BFA,1992,national,consumption,30.54349327087402,1.882403492927551,1.725647330284119
BFA,1993,national,consumption,30.35283088684082,1.882753133773804,1.736809611320496
BFA,1994,national,consumption,30.60383796691895,1.882271647453308,1.722124099731445
BFA,1995,national,consumption,29.96309089660645,1.914939999580383,1.789478898048401
BFA,1996,national,consumption,27.9202995300293,2.014670848846436,2.020421981811523
BFA,1997,national,consumption,27.28371620178223,2.031085252761841,2.084407567977905
BFA,1998,national,consumption,26.52745358257688,1.975492000579834,2.085152088522
BFA,1999,national,consumption,22.46201324462891,2.016159057617188,2.513241052627563
BFA,2000,national,consumption,22.78389358520508,1.983510255813599,2.437611818313599
BFA,2001,national,consumption,20.03998947143555,1.882296085357666,2.629956007003784
BFA,2002,national,consumption,18.91671562194824,1.823676705360413,2.699355840682983
BFA,2003,national,consumption,16.35185151802269,1.772277116775513,3.034748735544
BFA,2004,national,consumption,16.0346565246582,1.753070831298828,3.061243295669556
BFA,2005,national,consumption,15.69847869873047,1.722650527954102,3.072540760040283
BFA,2006,national,consumption,15.39071369171143,1.693980932235718,3.081823587417603
BFA,2007,national,consumption,15.11023235321045,1.665508270263672,3.086268424987793
BFA,2008,national,consumption,14.60039710998535,1.636836051940918,3.139052152633667
BFA,2009,national,consumption,14.57699319478792,1.596959471702576,3.067495764776
BFA,2010,national,consumption,13.54538249969482,1.563632607460022,3.232224225997925
BFA,2011,national,consumption,12.80257225036621,1.525771617889404,3.336954832077026
BFA,2012,national,consumption,12.13189220428467,1.489295959472656,3.43724513053894
BFA,2013,national,consumption,11.55682373046875,1.444660544395447,3.500139474868774
BFA,2014,national,consumption,11.16187374292975,1.412683486938477,3.54377207572
BFA,2015,national,consumption,11.37314224243164,1.468163728713989,3.614531755447388
BFA,2016,national,consumption,11.07599639892578,1.526645541191101,3.859343528747559
BFA,2017,national,consumption,10.73062038421631,1.592524766921997,4.155462741851807
BFA,2018,national,consumption,10.29929351806641,1.677998542785645,4.561862468719482
BFA,2019,national,consumption,9.97343635559082,1.680543184280396,4.718053817749023
BFA,2020,national,consumption,9.871722221374512,1.59380316734314,4.520638465881348
BFA,2021,national,consumption,9.449662208557129,1.534754753112793,4.547584056854248
BFA,2022,national,consumption,9.417144775390625,1.49984085559845,4.459477424621582
BFA,2023,national,consumption,9.374417304992676,1.499836325645447,4.479789733886719
BFA,2024,national,consumption,9.206267356872559,1.499872207641602,4.561720848083496
BFA,2025,national,consumption,9.079050064086914,1.499765276908875,4.625310897827148
BGD,1981,national,consumption,10.17617130279541,1.231136441230774,3.387504100799561
BGD,1982,national,consumption,10.15769863128662,1.231045126914978,3.393412590026855
BGD,1983,national,consumption,10.04233932495117,1.231058120727539,3.432430028915405
BGD,1984,national,consumption,9.733279228210449,1.232800960540771,3.546433448791504
BGD,1985,national,consumption,9.310396194458008,1.232144713401794,3.705540657043457
BGD,1986,national,consumption,9.236639976501465,1.24133825302124,3.762999534606934
BGD,1987,national,consumption,9.626554489135742,1.256526470184326,3.654759407043457
BGD,1988,national,consumption,10.03730392456055,1.267435908317566,3.53563117980957
BGD,1989,national,consumption,10.2143087387085,1.269245505332947,3.47932243347168
BGD,1990,national,consumption,10.25887489318848,1.265779376029968,3.454747438430786
BGD,1991,national,consumption,10.302170753479,1.263862013816833,3.435017347335815
BGD,1992,national,consumption,10.10138511657715,1.272791981697083,3.528048515319824
BGD,1993,national,consumption,9.85153865814209,1.296602129936218,3.685196876525879
BGD,1994,national,consumption,9.580253601074219,1.320111632347107,3.858261823654175
BGD,1995,national,consumption,9.274555206298828,1.343713402748108,4.056687831878662
BGD,1996,national,consumption,9.133938789367676,1.356680512428284,4.158890724182129
BGD,1997,national,consumption,9.089557647705078,1.358839273452759,4.185847282409668
BGD,1998,national,consumption,9.042691230773926,1.361500024795532,4.215780258178711
BGD,1999,national,consumption,8.993013381958008,1.363551020622253,4.24545431137085
BGD,2000,national,consumption,8.950449489109436,1.371992349624634,4.29205094892
BGD,2001,national,consumption,8.781113624572754,1.366043567657471,4.355850696563721
BGD,2002,national,consumption,8.630995750427246,1.368420600891113,4.439322948455811
BGD,2003,national,consumption,8.444356918334961,1.366747856140137,4.531895160675049
BGD,2004,national,consumption,8.214183807373047,1.365094780921936,4.653250217437744
BGD,2005,national,consumption,7.962667766732402,1.362407326698303,4.790782031515
BGD,2006,national,consumption,7.812849998474121,1.35946798324585,4.872115135192871
BGD,2007,national,consumption,7.678571701049805,1.355347990989685,4.942292213439941
BGD,2008,national,consumption,7.562939167022705,1.350998163223267,5.001752376556396
BGD,2009,national,consumption,7.450337409973145,1.346925973892212,5.062042713165283
BGD,2010,national,consumption,7.335757512879842,1.343437552452087,5.12779375429
BGD,2011,national,consumption,7.23030948638916,1.345633387565613,5.211081981658936
BGD,2012,national,consumption,7.140434741973877,1.348652243614197,5.288510322570801
BGD,2013,national,consumption,7.053676605224609,1.350439310073853,5.36065149307251
BGD,2014,national,consumption,6.961357116699219,1.352321147918701,5.439311981201172
BGD,2015,national,consumption,6.856846809387207,1.354299068450928,5.530293464660645
BGD,2016,national,consumption,6.760531143399986,1.356920957565308,5.619941051066
BGD,2017,national,consumption,6.417828559875488,1.362796306610107,5.945671081542969
BGD,2018,national,consumption,6.0718674659729,1.369099140167236,6.313506603240967
BGD,2019,national,consumption,5.848649501800537,1.373696088790894,6.576473712921143
BGD,2020,national,consumption,5.65306282043457,1.377786636352539,6.824269771575928
BGD,2021,national,consumption,5.387960910797119,1.381590485572815,7.1798095703125
BGD,2022,national,consumption,5.180379215257757,1.389496445655823,7.510242042438
BGD,2023,national,consumption,5.008188247680664,1.387807846069336,7.759017467498779
BGD,2024,national,consumption,4.860761165618896,1.387808203697205,7.994350910186768
BGD,2025,national,consumption,4.758809089660645,1.387809872627258,8.165630340576172
BGR,1981,national,consumption,1.465482473373413,1.184738755226135,22.63601684570313
BGR,1982,national,consumption,1.444911599159241,1.184777498245239,22.95903015136719
BGR,1983,national,consumption,1.413525104522705,1.184762001037598,23.46851539611816
BGR,1984,national,consumption,1.382987380027771,1.184771656990051,23.98691940307617
BGR,1985,national,consumption,1.357465028762817,1.184767007827759,24.43781280517578
BGR,1986,national,consumption,1.318383574485779,1.184759736061096,25.16207885742188
BGR,1987,national,consumption,1.266111731529236,1.184780836105347,26.20137214660645
BGR,1988,national,consumption,1.176952123641968,1.184769868850708,28.18598556518555
BGR,1989,national,consumption,1.195287181195845,1.185917258262634,27.780506293205
BGR,1990,national,consumption,1.437175989151001,1.188437938690186,23.15392303466797
BGR,1991,national,consumption,1.781075239181519,1.191365838050842,18.72927284240723
BGR,1992,national,income,1.589253549026821,1.340605854988098,23.619240879314
BGR,1993,national,consumption,1.984712243080139,1.231015682220459,17.36697006225586
BGR,1994,national,consumption,2.100266934360409,1.202929735183716,16.037024118456
BGR,1995,national,consumption,2.761872745781674,1.464781165122986,14.850022442746
BGR,1996,national,consumption,3.168447971343994,1.398687362670898,12.36038780212402
BGR,1997,national,consumption,4.110752122836288,1.225447773933411,8.347021816839
BGR,1998,national,consumption,3.446882486343384,1.286977410316467,10.45448112487793
BGR,1999,national,consumption,4.010397911071777,1.367390155792236,9.546914100646973
BGR,2000,national,consumption,4.43580150604248,1.437001943588257,9.070752143859863
BGR,2001,national,consumption,3.548413563307351,1.493665337562561,11.786289417743
BGR,2002,national,consumption,3.425131559371948,1.41037905216217,11.5296630859375
BGR,2003,national,consumption,3.371935684334083,1.329410076141357,11.039202772225
BGR,2004,national,consumption,3.179450035095215,1.331218600273132,11.72344875335693
BGR,2005,national,consumption,2.991081476211548,1.333620429039001,12.48423767089844
BGR,2006,national,income,5.068126116822681,2.226314067840576,12.29977159812
BGR,2007,national,consumption,2.568377021618382,1.348694562911987,14.703233808497
BGR,2008,national,income,2.391003750505808,1.634404182434082,19.139792655919
BGR,2009,national,income,2.240257335753697,1.597992539405823,19.972612802858
BGR,2010,national,income,2.542158309748263,1.736475706100464,19.125999923264
BGR,2011,national,income,2.890506338256543,1.829481363296509,17.721973539752
BGR,2012,national,income,2.802397717653458,1.864641070365906,18.630456809773
BGR,2013,national,income,2.631901672876464,1.955483555793762,20.803794128731
BGR,2014,national,income,2.458103074352028,1.946627616882324,22.17383559327
BGR,2015,national,income,3.019812067746731,2.282477140426636,21.163356598862
BGR,2016,national,income,2.340510895898177,2.113988637924194,25.290069069443
BGR,2017,national,income,2.118446447288688,1.904052019119263,25.166298822923
BGR,2018,national,income,1.80727513563512,1.883574843406677,29.182106837764
BGR,2019,national,income,1.806526356217435,1.945193648338318,30.149253859106
BGR,2020,national,income,1.470390601383777,1.782403230667114,33.94151842188
BGR,2021,national,income,1.56215862487292,1.868087768554688,33.483447499818
BGR,2022,national,income,1.468720065573221,1.857440233230591,35.410645109638
BGR,2023,national,income,1.371174573898315,1.80608856678009,36.88113784790039
BGR,2024,national,income,1.320655703544617,1.806131839752197,38.29286575317383
BGR,2025,national,income,1.291143178939819,1.806091904640198,39.16728591918945
BHR,1981,national,,1.496624946594238,2.132287263870239,39.8924560546875
BHR,1982,national,,1.493242144584656,2.167636394500732,40.64566421508789
BHR,1983,national,,1.463216304779053,2.16046404838562,41.34248352050781
BHR,1984,national,,1.427136659622192,2.160440683364868,42.38720703125
BHR,1985,national,,1.393227577209473,2.151299715042114,43.23514175415039
BHR,1986,national,,1.367812395095825,2.170376777648926,44.42900848388672
BHR,1987,national,,1.327402472496033,2.19279670715332,46.25447845458984
BHR,1988,national,,1.248824954032898,2.121755838394165,47.57205200195313
BHR,1989,national,,1.210408210754395,2.113552093505859,48.89214706420898
BHR,1990,national,,1.197982668876648,2.109210252761841,49.29777908325195
BHR,1991,national,,1.199968338012695,2.127433776855469,49.64142990112305
BHR,1992,national,,1.204667806625366,2.152277946472168,50.02523040771484
BHR,1993,national,,1.258595585823059,2.234933614730835,49.72061157226563
BHR,1994,national,,1.22137176990509,2.207353830337524,50.60367965698242
BHR,1995,national,,1.192130208015442,2.189465522766113,51.42478179931641
BHR,1996,national,,1.189279556274414,2.214619636535645,52.14026641845703
BHR,1997,national,,1.198803067207336,2.280360221862793,53.26152801513672
BHR,1998,national,,1.210111260414124,2.360380887985229,54.61536026000977
BHR,1999,national,,1.155880689620972,2.313583135604858,56.04413223266602
BHR,2000,national,,1.132245898246765,2.305874347686768,57.02337265014648
BHR,2001,national,,1.140905141830444,2.34704327583313,57.60094451904297
BHR,2002,national,,1.129328727722168,2.353925704956055,58.36203002929688
BHR,2003,national,,1.139819979667664,2.411402225494385,59.23677825927734
BHR,2004,national,,1.143701553344727,2.438053131103516,59.68819808959961
BHR,2005,national,,1.135640740394592,2.461805820465088,60.69750595092773
BHR,2006,national,,1.120078682899475,2.466006517410278,61.64583206176758
BHR,2007,national,,1.080879807472229,2.445630550384521,63.3536262512207
BHR,2008,national,,1.110014200210571,2.492559671401978,62.87457656860352
BHR,2009,national,,1.073621869087219,2.406819343566895,62.76971817016602
BHR,2010,national,,1.108794093132019,2.475446701049805,62.51161193847656
BHR,2011,national,,1.120316624641418,2.479135513305664,61.96087265014648
BHR,2012,national,,1.158023834228516,2.556088447570801,61.80397415161133
BHR,2013,national,,1.142036318778992,2.538648843765259,62.24160003662109
BHR,2014,national,,1.162987470626831,2.615633726119995,62.97380447387695
BHR,2015,national,,1.122166514396667,2.596498489379883,64.78713989257813
BHR,2016,national,,1.115796446800232,2.630395412445068,66.00762176513672
BHR,2017,national,,1.122286438941956,2.677948713302612,66.81232452392578
BHR,2018,national,,1.092122197151184,2.666604995727539,68.36683654785156
BHR,2019,national,,1.038674831390381,2.617498636245728,70.56102752685547
BHR,2020,national,,.8649140000343323,2.236176729202271,72.39210510253906
BHR,2021,national,,.8297843337059021,2.172513484954834,73.30866241455078
BHR,2022,national,,1.06429922580719,2.745012044906616,72.21685028076172
BHR,2023,national,,1.006985545158386,2.637865304946899,73.34785461425781
BHR,2024,national,,.9825437068939209,2.606427907943726,74.27657318115234
BHR,2025,national,,.9767363667488098,2.607769250869751,74.75665283203125
BHS,1981,national,,1.496624946594238,2.132287263870239,39.8924560546875
BHS,1982,national,,1.493242144584656,2.167636394500732,40.64566421508789
BHS,1983,national,,1.463216304779053,2.16046404838562,41.34248352050781
BHS,1984,national,,1.427136659622192,2.160440683364868,42.38720703125
BHS,1985,national,,1.393227577209473,2.151299715042114,43.23514175415039
BHS,1986,national,,1.367812395095825,2.170376777648926,44.42900848388672
BHS,1987,national,,1.327402472496033,2.19279670715332,46.25447845458984
BHS,1988,national,,1.248824954032898,2.121755838394165,47.57205200195313
BHS,1989,national,,1.210408210754395,2.113552093505859,48.89214706420898
BHS,1990,national,,1.197982668876648,2.109210252761841,49.29777908325195
BHS,1991,national,,1.199968338012695,2.127433776855469,49.64142990112305
BHS,1992,national,,1.204667806625366,2.152277946472168,50.02523040771484
BHS,1993,national,,1.258595585823059,2.234933614730835,49.72061157226563
BHS,1994,national,,1.22137176990509,2.207353830337524,50.60367965698242
BHS,1995,national,,1.192130208015442,2.189465522766113,51.42478179931641
BHS,1996,national,,1.189279556274414,2.214619636535645,52.14026641845703
BHS,1997,national,,1.198803067207336,2.280360221862793,53.26152801513672
BHS,1998,national,,1.210111260414124,2.360380887985229,54.61536026000977
BHS,1999,national,,1.155880689620972,2.313583135604858,56.04413223266602
BHS,2000,national,,1.132245898246765,2.305874347686768,57.02337265014648
BHS,2001,national,,1.140905141830444,2.34704327583313,57.60094451904297
BHS,2002,national,,1.129328727722168,2.353925704956055,58.36203002929688
BHS,2003,national,,1.139819979667664,2.411402225494385,59.23677825927734
BHS,2004,national,,1.143701553344727,2.438053131103516,59.68819808959961
BHS,2005,national,,1.135640740394592,2.461805820465088,60.69750595092773
BHS,2006,national,,1.120078682899475,2.466006517410278,61.64583206176758
BHS,2007,national,,1.080879807472229,2.445630550384521,63.3536262512207
BHS,2008,national,,1.110014200210571,2.492559671401978,62.87457656860352
BHS,2009,national,,1.073621869087219,2.406819343566895,62.76971817016602
BHS,2010,national,,1.108794093132019,2.475446701049805,62.51161193847656
BHS,2011,national,,1.120316624641418,2.479135513305664,61.96087265014648
BHS,2012,national,,1.158023834228516,2.556088447570801,61.80397415161133
BHS,2013,national,,1.142036318778992,2.538648843765259,62.24160003662109
BHS,2014,national,,1.162987470626831,2.615633726119995,62.97380447387695
BHS,2015,national,,1.122166514396667,2.596498489379883,64.78713989257813
BHS,2016,national,,1.115796446800232,2.630395412445068,66.00762176513672
BHS,2017,national,,1.122286438941956,2.677948713302612,66.81232452392578
BHS,2018,national,,1.092122197151184,2.666604995727539,68.36683654785156
BHS,2019,national,,1.038674831390381,2.617498636245728,70.56102752685547
BHS,2020,national,,.8649140000343323,2.236176729202271,72.39210510253906
BHS,2021,national,,.8297843337059021,2.172513484954834,73.30866241455078
BHS,2022,national,,1.06429922580719,2.745012044906616,72.21685028076172
BHS,2023,national,,1.006985545158386,2.637865304946899,73.34785461425781
BHS,2024,national,,.9825437068939209,2.606427907943726,74.27657318115234
BHS,2025,national,,.9767363667488098,2.607769250869751,74.75665283203125
BIH,1981,national,consumption,5.62133264541626,1.345197558403015,6.700462818145752
BIH,1982,national,consumption,5.575715065002441,1.345200300216675,6.75529670715332
BIH,1983,national,consumption,5.614985466003418,1.345236539840698,6.708231449127197
BIH,1984,national,consumption,5.574503421783447,1.345199346542358,6.756760120391846
BIH,1985,national,consumption,5.55631685256958,1.345206141471863,6.778910160064697
BIH,1986,national,consumption,5.450399398803711,1.345224976539612,6.910741329193115
BIH,1987,national,consumption,5.549216747283936,1.345192432403564,6.787514209747314
BIH,1988,national,consumption,5.67506742477417,1.345211505889893,6.637087821960449
BIH,1989,national,consumption,5.649555683135986,1.345199227333069,6.666998386383057
BIH,1990,national,consumption,6.176383018493652,1.345186710357666,6.098266124725342
BIH,1991,national,consumption,6.618849277496338,1.345216631889343,5.690727233886719
BIH,1992,national,consumption,6.688798427581787,1.345211386680603,5.6311936378479
BIH,1993,national,consumption,6.415291786193848,1.345205545425415,5.871245861053467
BIH,1994,national,consumption,5.751924514770508,1.34519898891449,6.548342227935791
BIH,1995,national,consumption,5.163651466369629,1.345198750495911,7.294366359710693
BIH,1996,national,consumption,3.868088960647583,1.345193862915039,9.73747730255127
BIH,1997,national,consumption,3.164260625839233,1.345207929611206,11.90351390838623
BIH,1998,national,consumption,2.871081352233887,1.345216274261475,13.11911869049072
BIH,1999,national,consumption,2.71099853515625,1.345210909843445,13.89373874664307
BIH,2000,national,consumption,2.625209808349609,1.345202445983887,14.34767913818359
BIH,2001,national,consumption,2.609306145299382,1.348551869392395,14.471069762133
BIH,2002,national,consumption,2.326695203781128,1.392913699150085,16.76265335083008
BIH,2003,national,consumption,2.152505159378052,1.421612024307251,18.49246978759766
BIH,2004,national,consumption,1.892392785625932,1.479736804962158,21.894308149437
BIH,2005,national,consumption,1.815616250038147,1.453892469406128,22.42158317565918
BIH,2006,national,consumption,1.752384662628174,1.445114850997925,23.09037399291992
BIH,2007,national,consumption,1.694910118473626,1.44420599937439,23.858356318276
BIH,2008,national,consumption,1.653978943824768,1.443230390548706,24.43226432800293
BIH,2009,national,consumption,1.730044007301331,1.447444796562195,23.42625617980957
BIH,2010,national,consumption,1.753532290458679,1.449226021766663,23.14090728759766
BIH,2011,national,consumption,1.786162056376766,1.451388955116272,22.752073335317
BIH,2012,national,consumption,1.761224746704102,1.448073267936707,23.02150917053223
BIH,2013,national,consumption,1.740602850914001,1.448046088218689,23.29382133483887
BIH,2014,national,consumption,1.702029466629028,1.448028087615967,23.82143592834473
BIH,2015,national,consumption,1.666468024253845,1.448009848594666,24.32946586608887
BIH,2016,national,consumption,1.626157164573669,1.448026776313782,24.932861328125
BIH,2017,national,consumption,1.595630884170532,1.448054313659668,25.41033935546875
BIH,2018,national,consumption,1.558220982551575,1.448023438453674,26.01983642578125
BIH,2019,national,consumption,1.5201575756073,1.448023319244385,26.67134857177734
BIH,2020,national,consumption,1.543083310127258,1.448045611381531,26.2754955291748
BIH,2021,national,consumption,1.481626391410828,1.448056578636169,27.36559295654297
BIH,2022,national,consumption,1.449634194374084,1.448063135147095,27.96965408325195
BIH,2023,national,consumption,1.430459976196289,1.448029160499573,28.34390068054199
BIH,2024,national,consumption,1.403276562690735,1.448049426078796,28.89336585998535
BIH,2025,national,consumption,1.369813203811646,1.448023080825806,29.59866714477539
BLR,1981,national,income,4.813329696655273,1.155181169509888,6.719895839691162
BLR,1982,national,income,4.637664794921875,1.155197262763977,6.974527835845947
BLR,1983,national,income,4.442026138305664,1.155196666717529,7.28170108795166
BLR,1984,national,income,4.324492454528809,1.155209302902222,7.479689598083496
BLR,1985,national,income,4.307528018951416,1.155200719833374,7.509091377258301
BLR,1986,national,income,4.219284534454346,1.155183553695679,7.666024684906006
BLR,1987,national,income,4.194284915924072,1.155186295509338,7.711735248565674
BLR,1988,national,income,4.231301307678223,1.155175805091858,7.64420223236084
BLR,1989,national,income,3.984072923660278,1.155185699462891,8.118626594543457
BLR,1990,national,income,4.132049083709717,1.155203580856323,7.828004837036133
BLR,1991,national,income,4.408957958221436,1.15517795085907,7.336196899414063
BLR,1992,national,income,4.674976825714111,1.155196189880371,6.918856620788574
BLR,1993,national,income,4.927724742358445,1.156376242637634,6.570686269098
BLR,1994,national,income,4.46294116973877,1.330827713012695,8.349466323852539
BLR,1995,national,income,3.733452766439592,1.308030366897583,9.809914197507
BLR,1996,national,income,3.617444038391113,1.30600118637085,10.10880374908447
BLR,1997,national,consumption,9.89369010925293,1.401651978492737,3.966796398162842
BLR,1998,national,consumption,9.340360596123718,1.403514862060547,4.207376705649
BLR,1999,national,consumption,8.906750032737653,1.419980883598328,4.463969948545
BLR,2000,national,consumption,7.928352103292024,1.403090476989746,4.955195334111
BLR,2001,national,consumption,6.247881339581034,1.372579216957092,6.151239946472
BLR,2002,national,consumption,5.653607673514864,1.364326357841492,6.756948641531
BLR,2003,national,consumption,5.346285685076991,1.331178069114685,6.971753773748
BLR,2004,national,consumption,4.516765569616667,1.263036012649536,7.829720001671
BLR,2005,national,consumption,3.768740180629435,1.296102643013,9.629444343518999
BLR,2006,national,consumption,3.288677142323023,1.307729363441467,11.13408850165
BLR,2007,national,consumption,2.915118020368171,1.33216655254364,12.79559285189
BLR,2008,national,consumption,2.719351872706689,1.291316747665405,13.296135310488
BLR,2009,national,consumption,2.687855934284114,1.289063692092896,13.428466843576
BLR,2010,national,consumption,2.407307812511885,1.302483439445496,15.149511426031
BLR,2011,national,consumption,2.297057113429246,1.27313768863678,15.518923834469
BLR,2012,national,consumption,2.022306745226858,1.255212545394897,17.379140093971
BLR,2013,national,consumption,1.814601916777244,1.255618333816528,19.374669638484
BLR,2014,national,consumption,1.756360422020612,1.265668272972107,20.177357742614
BLR,2015,national,consumption,1.919054914504285,1.238768339157104,18.074268881683
BLR,2016,national,consumption,1.98187191107939,1.229042172431946,17.363978377852
BLR,2017,national,consumption,1.929947273018997,1.22908079624176,17.831710828015
BLR,2018,national,consumption,1.769633595515918,1.223578095436096,19.36004507197
BLR,2019,national,consumption,1.682588821784024,1.2262362241745,20.405825177586
BLR,2020,national,consumption,1.645069737071733,1.207199931144714,20.547213299425
BLR,2021,national,consumption,1.57955801486969,1.203252673149109,21.32943153381348
BLR,2022,national,consumption,1.573555827140808,1.203248739242554,21.41072082519531
BLR,2023,national,consumption,1.480002760887146,1.203252673149109,22.76419830322266
BLR,2024,national,consumption,1.438725829124451,1.203250527381897,23.41725921630859
BLR,2025,national,consumption,1.41059410572052,1.203262805938721,23.88451766967773
BLZ,1981,national,income,12.05141925811768,3.117290019989014,7.242642402648926
BLZ,1982,national,income,12.31660747528076,3.104061603546143,7.056628704071045
BLZ,1983,national,income,12.80211734771729,3.081522703170776,6.739716053009033
BLZ,1984,national,income,12.84667205810547,3.079545974731445,6.712033271789551
BLZ,1985,national,income,12.99040985107422,3.073321342468262,6.624348163604736
BLZ,1986,national,income,12.75355339050293,3.083684921264648,6.770127296447754
BLZ,1987,national,income,11.93113136291504,3.123538255691528,7.330325126647949
BLZ,1988,national,income,11.24398517608643,3.081034183502197,7.672453880310059
BLZ,1989,national,income,10.34347248077393,3.09478759765625,8.377655982971191
BLZ,1990,national,income,9.616208076477051,2.993576049804688,8.716547012329102
BLZ,1991,national,income,8.915390968322754,3.036492109298706,9.536517143249512
BLZ,1992,national,income,8.197769165039063,3.082445383071899,10.52828788757324
BLZ,1993,national,income,7.96454157703635,3.646639585494995,12.820061303584
BLZ,1994,national,income,7.971454801344596,3.548440933227539,12.464016543086
BLZ,1995,national,consumption,6.63863561906838,3.751184701919556,15.821499921738
BLZ,1996,national,income,8.923306663795403,3.193468570709229,10.020626377447
BLZ,1997,national,income,11.0213798761644,4.076838970184326,10.357277133387
BLZ,1998,national,income,8.925428947516632,3.007150888442993,9.433745731597
BLZ,1999,national,income,9.145543164292732,3.088909387588501,9.457006493012001
BLZ,2000,national,consumption,5.173776626586914,3.353197336196899,18.14719390869141
BLZ,2001,national,consumption,4.956961154937744,3.291681051254272,18.59346199035645
BLZ,2002,national,consumption,4.639320850372314,3.211914539337158,19.38508033752441
BLZ,2003,national,consumption,4.440780162811279,3.125160694122314,19.70475769042969
BLZ,2004,national,consumption,4.394307136535645,3.053688287734985,19.45773696899414
BLZ,2005,national,consumption,4.350714206695557,2.970380306243896,19.11655044555664
BLZ,2006,national,consumption,4.324429512023926,2.87678337097168,18.62671852111816
BLZ,2007,national,consumption,4.171101570129395,2.794203281402588,18.75708198547363
BLZ,2008,national,consumption,4.13421106338501,2.712843179702759,18.37342262268066
BLZ,2009,national,consumption,4.029596328735352,2.462937831878662,17.11393737792969
BLZ,2010,national,consumption,3.889867544174194,2.521790981292725,18.1523265838623
BLZ,2011,national,consumption,3.764880657196045,2.422958374023438,18.01991653442383
BLZ,2012,national,consumption,3.511498689651489,2.316745519638062,18.4732723236084
BLZ,2013,national,consumption,3.26906418800354,2.224509716033936,19.05324172973633
BLZ,2014,national,consumption,3.06752347946167,2.123790264129639,19.38571166992188
BLZ,2015,national,consumption,2.876630306243896,2.0265052318573,19.7252140045166
BLZ,2016,national,consumption,2.702096462249756,1.90504002571106,19.74064254760742
BLZ,2017,national,consumption,3.081585168838501,1.787124514579773,16.23822975158691
BLZ,2018,national,consumption,2.661911010742188,1.710055112838745,17.98765754699707
BLZ,2019,national,consumption,2.346379518508911,1.690170884132385,20.16927909851074
BLZ,2020,national,consumption,2.621661424636841,1.690179586410522,18.05154037475586
BLZ,2021,national,consumption,2.385452747344971,1.690202236175537,19.83927917480469
BLZ,2022,national,consumption,2.261316299438477,1.690175890922546,20.92804336547852
BLZ,2023,national,consumption,2.262914419174194,1.690165281295776,20.91313171386719
BLZ,2024,national,consumption,2.205909729003906,1.690190076828003,21.45388031005859
BLZ,2025,national,consumption,2.171725749969482,1.690189361572266,21.79156494140625
BMU,1981,national,,1.496624946594238,2.132287263870239,39.8924560546875
BMU,1982,national,,1.493242144584656,2.167636394500732,40.64566421508789
BMU,1983,national,,1.463216304779053,2.16046404838562,41.34248352050781
BMU,1984,national,,1.427136659622192,2.160440683364868,42.38720703125
BMU,1985,national,,1.393227577209473,2.151299715042114,43.23514175415039
BMU,1986,national,,1.367812395095825,2.170376777648926,44.42900848388672
BMU,1987,national,,1.327402472496033,2.19279670715332,46.25447845458984
BMU,1988,national,,1.248824954032898,2.121755838394165,47.57205200195313
BMU,1989,national,,1.210408210754395,2.113552093505859,48.89214706420898
BMU,1990,national,,1.197982668876648,2.109210252761841,49.29777908325195
BMU,1991,national,,1.199968338012695,2.127433776855469,49.64142990112305
BMU,1992,national,,1.204667806625366,2.152277946472168,50.02523040771484
BMU,1993,national,,1.258595585823059,2.234933614730835,49.72061157226563
BMU,1994,national,,1.22137176990509,2.207353830337524,50.60367965698242
BMU,1995,national,,1.192130208015442,2.189465522766113,51.42478179931641
BMU,1996,national,,1.189279556274414,2.214619636535645,52.14026641845703
BMU,1997,national,,1.198803067207336,2.280360221862793,53.26152801513672
BMU,1998,national,,1.210111260414124,2.360380887985229,54.61536026000977
BMU,1999,national,,1.155880689620972,2.313583135604858,56.04413223266602
BMU,2000,national,,1.132245898246765,2.305874347686768,57.02337265014648
BMU,2001,national,,1.140905141830444,2.34704327583313,57.60094451904297
BMU,2002,national,,1.129328727722168,2.353925704956055,58.36203002929688
BMU,2003,national,,1.139819979667664,2.411402225494385,59.23677825927734
BMU,2004,national,,1.143701553344727,2.438053131103516,59.68819808959961
BMU,2005,national,,1.135640740394592,2.461805820465088,60.69750595092773
BMU,2006,national,,1.120078682899475,2.466006517410278,61.64583206176758
BMU,2007,national,,1.080879807472229,2.445630550384521,63.3536262512207
BMU,2008,national,,1.110014200210571,2.492559671401978,62.87457656860352
BMU,2009,national,,1.073621869087219,2.406819343566895,62.76971817016602
BMU,2010,national,,1.108794093132019,2.475446701049805,62.51161193847656
BMU,2011,national,,1.120316624641418,2.479135513305664,61.96087265014648
BMU,2012,national,,1.158023834228516,2.556088447570801,61.80397415161133
BMU,2013,national,,1.142036318778992,2.538648843765259,62.24160003662109
BMU,2014,national,,1.162987470626831,2.615633726119995,62.97380447387695
BMU,2015,national,,1.122166514396667,2.596498489379883,64.78713989257813
BMU,2016,national,,1.115796446800232,2.630395412445068,66.00762176513672
BMU,2017,national,,1.122286438941956,2.677948713302612,66.81232452392578
BMU,2018,national,,1.092122197151184,2.666604995727539,68.36683654785156
BMU,2019,national,,1.038674831390381,2.617498636245728,70.56102752685547
BMU,2020,national,,.8649140000343323,2.236176729202271,72.39210510253906
BMU,2021,national,,.8297843337059021,2.172513484954834,73.30866241455078
BMU,2022,national,,1.06429922580719,2.745012044906616,72.21685028076172
BMU,2023,national,,1.006985545158386,2.637865304946899,73.34785461425781
BMU,2024,national,,.9825437068939209,2.606427907943726,74.27657318115234
BMU,2025,national,,.9767363667488098,2.607769250869751,74.75665283203125
BOL,1981,national,income,8.396425247192383,4.704056262969971,15.68686294555664
BOL,1982,national,income,8.87550163269043,4.673494815826416,14.74371337890625
BOL,1983,national,income,9.341034889221191,4.619287490844727,13.84643745422363
BOL,1984,national,income,9.518819808959961,4.598488330841064,13.52664279937744
BOL,1985,national,income,9.815852165222168,4.56500768661499,13.02181529998779
BOL,1986,national,income,10.19217967987061,4.521998405456543,12.42285346984863
BOL,1987,national,income,10.16568756103516,4.524938106536865,12.46332454681396
BOL,1988,national,income,10.10567569732666,4.532011032104492,12.55693435668945
BOL,1989,national,income,9.97663402557373,4.546385288238525,12.75969314575195
BOL,1990,national,income,9.784941673278809,4.56859016418457,13.07320213317871
BOL,1991,national,income,9.548051834106445,4.595935821533203,13.47774505615234
BOL,1992,national,income,9.579358100891113,4.592230319976807,13.42286682128906
BOL,1993,national,income,9.410009384155273,4.611262798309326,13.72106647491455
BOL,1994,national,income,9.210929870605469,4.633810043334961,14.08616542816162
BOL,1995,national,income,9.012070655822754,4.657002449035645,14.4690465927124
BOL,1996,national,income,8.83644962310791,4.67798376083374,14.82309627532959
BOL,1997,national,income,8.658268027222306,4.724880695343018,15.279805747141
BOL,1998,national,income,10.53578472137451,5.54843282699585,14.74556636810303
BOL,1999,national,income,12.92022181743378,6.174591541290283,13.381238446728
BOL,2000,national,income,14.6959681786854,6.558383464813232,12.495586068227
BOL,2001,national,income,10.04672137162023,4.649216175079346,12.957267089059
BOL,2002,national,income,11.30516271406824,5.228936195373535,12.950739123146
BOL,2003,national,income,8.676777839660645,4.204391479492188,13.56758975982666
BOL,2004,national,income,6.045305203911398,3.216447591781616,14.897599141427
BOL,2005,national,income,8.29448410723281,4.694735527038574,15.848194429456
BOL,2006,national,income,7.151030281923409,4.3116135597229,16.882207709886
BOL,2007,national,income,5.941103980629151,3.568377256393433,16.817507398651
BOL,2008,national,income,5.027483626572884,3.166460514068604,17.635242245112
BOL,2009,national,income,4.760084474296502,3.169278144836426,18.642482140448
BOL,2010,national,income,4.191108703613281,2.941977024078369,19.65478897094727
BOL,2011,national,income,3.68717022040128,2.696886539459229,20.479885058611
BOL,2012,national,income,4.146970175812304,3.104569673538208,20.961797707205
BOL,2013,national,income,3.599878640968273,2.970882654190063,23.107644125755
BOL,2014,national,income,3.29080817824699,2.730804204940796,23.23517913781
BOL,2015,national,income,3.613877533542753,2.891008138656616,22.399271956982
BOL,2016,national,income,3.806266631687048,2.9011549949646,21.341736254782
BOL,2017,national,income,3.411709214440648,2.627391338348389,21.563080226972
BOL,2018,national,income,3.060131838991607,2.315403461456299,21.185785019174
BOL,2019,national,income,2.515096192462063,1.990375876426697,22.158407027688
BOL,2020,national,income,2.661680664049079,2.104937314987183,22.143245162844
BOL,2021,national,income,2.462967010777185,1.943352341651917,22.092811154598
BOL,2022,national,income,2.635222833556345,2.044160604476929,21.719793397578
BOL,2023,national,income,2.359819082290099,1.932726502418518,22.932410922947
BOL,2024,national,income,2.343334197998047,1.963552355766296,23.46206855773926
BOL,2025,national,income,2.347269773483276,1.963545918464661,23.42265319824219
BRA,1981,national,income,9.928946089514577,3.420699596405029,9.646501115473001
BRA,1982,national,income,9.857899884730154,3.46092963218689,9.830291494319001
BRA,1983,national,income,11.51054187195572,3.412986040115356,8.302268546261001
BRA,1984,national,income,11.24988619856437,3.314599514007568,8.24975358929
BRA,1985,national,income,10.18068124811903,3.164821863174438,8.704231767074999
BRA,1986,national,income,6.607576077642899,3.672873020172119,15.564019377409
BRA,1987,national,income,8.831714788197964,3.855102777481079,12.222187640996
BRA,1988,national,income,9.785231652349948,4.211236476898193,12.050263396171
BRA,1989,national,income,9.123620946749506,4.55848503112793,13.98979382192
BRA,1990,national,income,9.630210172026334,3.773185729980469,10.97060183901
BRA,1991,national,income,9.721198081970215,3.511112928390503,10.11307048797607
BRA,1992,national,income,10.40690128189839,3.247293710708618,8.736916051478
BRA,1993,national,income,9.946869210573817,3.903974533081055,10.989516603159
BRA,1994,national,income,9.062359809875488,3.843178272247314,11.8742790222168
BRA,1995,national,income,7.478863234256041,3.934513092041016,14.730362330931
BRA,1996,national,income,8.048682944415868,4.257483959197998,14.81106241436
BRA,1997,national,income,7.940816182802921,4.151780605316162,14.639534947379
BRA,1998,national,income,7.359030253622721,3.964767694473267,15.085343199932
BRA,1999,national,income,7.566999408695173,3.823254585266113,14.14710431678
BRA,2000,national,income,6.933917045593262,3.770697355270386,15.22653388977051
BRA,2001,national,income,6.611999665989464,3.741547584533691,15.844425296044
BRA,2002,national,income,6.109684333077312,3.510443925857544,16.08797194327
BRA,2003,national,income,6.444938055775207,3.522285461425781,15.3025508943
BRA,2004,national,income,5.965012795361572,3.276363134384155,15.379374962575
BRA,2005,national,income,5.581300993844322,3.220518350601196,16.156539634436
BRA,2006,national,income,5.066011794423529,3.140029430389404,17.355037547984
BRA,2007,national,income,5.099719063125611,3.268600940704346,17.946248867716
BRA,2008,national,income,4.535029395206139,3.062572956085205,18.908817626581
BRA,2009,national,income,4.370471120338582,3.041984796524048,19.488876702232
BRA,2010,national,income,4.127864837646484,2.993914842605591,20.3082275390625
BRA,2011,national,income,4.039483103307379,3.026757955551147,20.980214143526
BRA,2012,national,income,3.65231581329497,2.935497045516968,22.504602646373
BRA,2013,national,income,3.328714321479179,2.789038419723511,23.460431498904
BRA,2014,national,income,3.183223180799811,2.723038673400879,23.952164477308
BRA,2015,national,income,3.348716574879653,2.778903484344482,23.235558462455
BRA,2016,national,income,3.615323159138319,2.998565196990967,23.223325449937
BRA,2017,national,income,3.725452759330361,3.084985494613647,23.186334364087
BRA,2018,national,income,3.677405063732113,3.151150465011597,23.993064113868
BRA,2019,national,income,3.704445406633564,3.189772367477417,24.109850117652
BRA,2020,national,income,2.669097253473903,2.289737939834595,24.02035531894
BRA,2021,national,income,3.788005412628451,2.962471961975098,21.897861469171
BRA,2022,national,income,3.209155308706871,2.792077302932739,24.360979280819
BRA,2023,national,income,2.993853048934151,2.730041742324829,25.532705148945
BRA,2024,national,income,2.869682312011719,2.664501190185547,25.99801063537598
BRA,2025,national,income,2.833718299865723,2.664751529693604,26.3304386138916
BRB,1981,national,consumption,3.090204238891602,1.773588061332703,16.07028579711914
BRB,1982,national,consumption,3.192057609558105,1.765229821205139,15.48419284820557
BRB,1983,national,consumption,3.189192771911621,1.765450596809387,15.50004005432129
BRB,1984,national,consumption,3.127658128738403,1.770452737808228,15.84977436065674
BRB,1985,national,consumption,3.113547086715698,1.771624326705933,15.93214416503906
BRB,1986,national,consumption,3.025748252868652,1.779224753379822,16.46478462219238
BRB,1987,national,consumption,2.983649015426636,1.783062934875488,16.73312187194824
BRB,1988,national,consumption,2.925129175186157,1.788587093353271,17.12076187133789
BRB,1989,national,consumption,2.865395545959473,1.794529318809509,17.53573608398438
BRB,1990,national,consumption,2.927030324935913,1.788411378860474,17.10795974731445
BRB,1991,national,consumption,3.003444910049438,1.781242728233337,16.60586357116699
BRB,1992,national,consumption,3.11791205406189,1.771256327629089,15.90653514862061
BRB,1993,national,consumption,3.10843563079834,1.772047162055969,15.96215152740479
BRB,1994,national,consumption,3.075117349624634,1.774888038635254,16.16096496582031
BRB,1995,national,consumption,3.040894746780396,1.777880191802979,16.37039375305176
BRB,1996,national,consumption,2.971083164215088,1.784221410751343,16.81480979919434
BRB,1997,national,consumption,2.889232873916626,1.79211699962616,17.3676815032959
BRB,1998,national,consumption,2.826206922531128,1.798566937446594,17.81889152526855
BRB,1999,national,consumption,2.821063041687012,1.799103617668152,17.85670852661133
BRB,2000,national,consumption,2.744060039520264,1.806687593460083,18.43518447875977
BRB,2001,national,consumption,2.78685736656189,1.80275297164917,18.11254692077637
BRB,2002,national,consumption,2.784693241119385,1.802984237670898,18.12894821166992
BRB,2003,national,consumption,2.759101152420044,1.805797576904297,18.32565307617188
BRB,2004,national,consumption,2.744433641433716,1.806684017181396,18.43263816833496
BRB,2005,national,consumption,2.680437326431274,1.806686282157898,18.87274742126465
BRB,2006,national,consumption,2.579997062683105,1.806687831878662,19.60748672485352
BRB,2007,national,consumption,2.551504850387573,1.806685090065002,19.8264102935791
BRB,2008,national,consumption,2.549593448638916,1.806684613227844,19.84126853942871
BRB,2009,national,consumption,2.651785373687744,1.806679487228394,19.07659149169922
BRB,2010,national,consumption,2.701239824295044,1.806690096855164,18.72744560241699
BRB,2011,national,consumption,2.721316337585449,1.806686401367188,18.58924674987793
BRB,2012,national,consumption,2.732810497283936,1.806682348251343,18.51101875305176
BRB,2013,national,consumption,2.756409645080566,1.806098222732544,18.34660148620605
BRB,2014,national,consumption,2.759106636047363,1.80579936504364,18.32563591003418
BRB,2015,national,consumption,2.776990413665771,1.803831696510315,18.18777847290039
BRB,2016,national,consumption,2.809121601173647,1.847780227661133,18.417801893074
BRB,2017,national,consumption,2.752392768859863,1.806553840637207,18.37801170349121
BRB,2018,national,consumption,2.775070428848267,1.804044485092163,18.2025089263916
BRB,2019,national,consumption,2.767198324203491,1.804895162582397,18.26289939880371
BRB,2020,national,consumption,3.049111843109131,1.77715528011322,16.31962013244629
BRB,2021,national,consumption,3.056802749633789,1.776473999023438,16.27231979370117
BRB,2022,national,consumption,2.763008832931519,1.805370330810547,18.29540634155273
BRB,2023,national,consumption,2.688120365142822,1.806687474250793,18.81881904602051
BRB,2024,national,consumption,2.621380090713501,1.80669367313385,19.29801177978516
BRB,2025,national,consumption,2.572272539138794,1.806697607040405,19.66647529602051
BRN,1981,national,,1.496624946594238,2.132287263870239,39.8924560546875
BRN,1982,national,,1.493242144584656,2.167636394500732,40.64566421508789
BRN,1983,national,,1.463216304779053,2.16046404838562,41.34248352050781
BRN,1984,national,,1.427136659622192,2.160440683364868,42.38720703125
BRN,1985,national,,1.393227577209473,2.151299715042114,43.23514175415039
BRN,1986,national,,1.367812395095825,2.170376777648926,44.42900848388672
BRN,1987,national,,1.327402472496033,2.19279670715332,46.25447845458984
BRN,1988,national,,1.248824954032898,2.121755838394165,47.57205200195313
BRN,1989,national,,1.210408210754395,2.113552093505859,48.89214706420898
BRN,1990,national,,1.197982668876648,2.109210252761841,49.29777908325195
BRN,1991,national,,1.199968338012695,2.127433776855469,49.64142990112305
BRN,1992,national,,1.204667806625366,2.152277946472168,50.02523040771484
BRN,1993,national,,1.258595585823059,2.234933614730835,49.72061157226563
BRN,1994,national,,1.22137176990509,2.207353830337524,50.60367965698242
BRN,1995,national,,1.192130208015442,2.189465522766113,51.42478179931641
BRN,1996,national,,1.189279556274414,2.214619636535645,52.14026641845703
BRN,1997,national,,1.198803067207336,2.280360221862793,53.26152801513672
BRN,1998,national,,1.210111260414124,2.360380887985229,54.61536026000977
BRN,1999,national,,1.155880689620972,2.313583135604858,56.04413223266602
BRN,2000,national,,1.132245898246765,2.305874347686768,57.02337265014648
BRN,2001,national,,1.140905141830444,2.34704327583313,57.60094451904297
BRN,2002,national,,1.129328727722168,2.353925704956055,58.36203002929688
BRN,2003,national,,1.139819979667664,2.411402225494385,59.23677825927734
BRN,2004,national,,1.143701553344727,2.438053131103516,59.68819808959961
BRN,2005,national,,1.135640740394592,2.461805820465088,60.69750595092773
BRN,2006,national,,1.120078682899475,2.466006517410278,61.64583206176758
BRN,2007,national,,1.080879807472229,2.445630550384521,63.3536262512207
BRN,2008,national,,1.110014200210571,2.492559671401978,62.87457656860352
BRN,2009,national,,1.073621869087219,2.406819343566895,62.76971817016602
BRN,2010,national,,1.108794093132019,2.475446701049805,62.51161193847656
BRN,2011,national,,1.120316624641418,2.479135513305664,61.96087265014648
BRN,2012,national,,1.158023834228516,2.556088447570801,61.80397415161133
BRN,2013,national,,1.142036318778992,2.538648843765259,62.24160003662109
BRN,2014,national,,1.162987470626831,2.615633726119995,62.97380447387695
BRN,2015,national,,1.122166514396667,2.596498489379883,64.78713989257813
BRN,2016,national,,1.115796446800232,2.630395412445068,66.00762176513672
BRN,2017,national,,1.122286438941956,2.677948713302612,66.81232452392578
BRN,2018,national,,1.092122197151184,2.666604995727539,68.36683654785156
BRN,2019,national,,1.038674831390381,2.617498636245728,70.56102752685547
BRN,2020,national,,.8649140000343323,2.236176729202271,72.39210510253906
BRN,2021,national,,.8297843337059021,2.172513484954834,73.30866241455078
BRN,2022,national,,1.06429922580719,2.745012044906616,72.21685028076172
BRN,2023,national,,1.006985545158386,2.637865304946899,73.34785461425781
BRN,2024,national,,.9825437068939209,2.606427907943726,74.27657318115234
BRN,2025,national,,.9767363667488098,2.607769250869751,74.75665283203125
BTN,1981,national,consumption,14.75501728057861,1.608669519424438,3.052707195281982
BTN,1982,national,consumption,14.73844814300537,1.608711004257202,3.056217908859253
BTN,1983,national,consumption,14.052978515625,1.60871434211731,3.205299139022827
BTN,1984,national,consumption,13.92594814300537,1.608743667602539,3.234596490859985
BTN,1985,national,consumption,13.84512615203857,1.608734011650085,3.253459215164185
BTN,1986,national,consumption,13.10976600646973,1.608693838119507,3.43586802482605
BTN,1987,national,consumption,11.14575576782227,1.608754277229309,4.041459560394287
BTN,1988,national,consumption,11.01635837554932,1.60872495174408,4.088855743408203
BTN,1989,national,consumption,10.69821929931641,1.608731150627136,4.210464477539063
BTN,1990,national,consumption,10.16827774047852,1.608702301979065,4.429822444915771
BTN,1991,national,consumption,10.32391929626465,1.608736395835876,4.363131523132324
BTN,1992,national,consumption,9.738551139831543,1.60872483253479,4.625359058380127
BTN,1993,national,consumption,9.331441879272461,1.608725190162659,4.82715368270874
BTN,1994,national,consumption,9.016823768615723,1.608725905418396,4.99558687210083
BTN,1995,national,consumption,8.519064903259277,1.608721137046814,5.287457466125488
BTN,1996,national,consumption,8.208026885986328,1.608706116676331,5.487771034240723
BTN,1997,national,consumption,8.011612892150879,1.608720779418945,5.622361183166504
BTN,1998,national,consumption,7.797818183898926,1.608734488487244,5.776560306549072
BTN,1999,national,consumption,7.506266593933105,1.608734726905823,6.00092887878418
BTN,2000,national,consumption,7.460405826568604,1.608755707740784,6.037896633148193
BTN,2001,national,consumption,7.21373987197876,1.608710646629333,6.244181156158447
BTN,2002,national,consumption,6.829636096954346,1.608731389045715,6.595443725585938
BTN,2003,national,consumption,6.580869924060359,1.613633751869202,6.865618794373
BTN,2004,national,consumption,6.377646923065186,1.596021175384521,7.007066249847412
BTN,2005,national,consumption,6.10085916519165,1.584139227867126,7.270434856414795
BTN,2006,national,consumption,5.873532295227051,1.573301196098328,7.500160217285156
BTN,2007,national,consumption,5.275426676698779,1.564465999603271,8.303602868472
BTN,2008,national,consumption,5.087550640106201,1.566822171211243,8.623210906982422
BTN,2009,national,consumption,4.768002986907959,1.567449569702148,9.204815864562988
BTN,2010,national,consumption,4.300024032592773,1.567061066627502,10.20406150817871
BTN,2011,national,consumption,4.01331901550293,1.568430066108704,10.9425745010376
BTN,2012,national,consumption,3.876730783230739,1.572789430618286,11.359598039071
BTN,2013,national,consumption,3.847502946853638,1.566881895065308,11.40290069580078
BTN,2014,national,consumption,3.763118028640747,1.562405943870544,11.62529754638672
BTN,2015,national,consumption,3.66657280921936,1.559141635894775,11.9064769744873
BTN,2016,national,consumption,3.543965578079224,1.556439876556396,12.29704856872559
BTN,2017,national,consumption,3.52859948079145,1.555484294891357,12.34301654912
BTN,2018,national,consumption,2.657320022583008,1.501780033111572,15.82415390014648
BTN,2019,national,consumption,2.785690546035767,1.515877485275269,15.2366418838501
BTN,2020,national,consumption,2.718115568161011,1.465584874153137,15.09736251831055
BTN,2021,national,consumption,3.033191204071045,1.351176857948303,12.47298622131348
BTN,2022,national,consumption,2.017121442419168,1.302029967308044,18.073696454173
BTN,2023,national,consumption,1.959309101104736,1.30385148525238,18.63301849365234
BTN,2024,national,consumption,1.903468608856201,1.303850531578064,19.17962455749512
BTN,2025,national,consumption,1.827901124954224,1.303839564323425,19.97236442565918
BWA,1981,national,consumption,15.61955738067627,2.465775966644287,4.420210361480713
BWA,1982,national,consumption,14.81021976470947,2.465692043304443,4.661603927612305
BWA,1983,national,consumption,13.91604518890381,2.465424299240112,4.960596084594727
BWA,1984,national,consumption,13.46612453460693,2.465557098388672,5.126612186431885
BWA,1985,national,consumption,13.14675903320313,2.465566635131836,5.25117015838623
BWA,1986,national,consumption,12.81216526031494,2.479898929595947,5.419628143310547
BWA,1987,national,consumption,12.21951675415039,2.520541191101074,5.775609016418457
BWA,1988,national,consumption,11.00185871124268,2.559509515762329,6.514014720916748
BWA,1989,national,consumption,10.37283897399902,2.594147443771362,7.002531051635742
BWA,1990,national,consumption,10.25649452209473,2.630284547805786,7.180617809295654
BWA,1991,national,consumption,10.08673095703125,2.655317306518555,7.370959281921387
BWA,1992,national,consumption,10.51009941101074,2.688453197479248,7.162319660186768
BWA,1993,national,consumption,10.69860172271729,2.724426507949829,7.130271911621094
BWA,1994,national,consumption,10.63325595855713,2.775155544281006,7.307672500610352
BWA,1995,national,consumption,9.316878318786621,2.825004100799561,8.489980697631836
BWA,1996,national,consumption,8.553593635559082,2.883757829666138,9.43991756439209
BWA,1997,national,consumption,9.143126487731934,2.997143030166626,9.17848014831543
BWA,1998,national,consumption,9.071469306945801,3.064769983291626,9.459719657897949
BWA,1999,national,consumption,9.1309814453125,3.134261131286621,9.61115837097168
BWA,2000,national,consumption,9.266158103942871,3.202236175537109,9.676352500915527
BWA,2001,national,consumption,9.886251449584961,3.271289110183716,9.264997482299805
BWA,2002,national,consumption,9.349020957946777,3.338562250137329,9.998880386352539
BWA,2003,national,consumption,9.30351734161377,3.329631328582764,10.02090644836426
BWA,2004,national,consumption,8.933759689331055,3.239038467407227,10.15172576904297
BWA,2005,national,consumption,8.440751075744629,3.14332389831543,10.42716121673584
BWA,2006,national,consumption,7.807109832763672,3.054942846298218,10.95647430419922
BWA,2007,national,consumption,7.408156394958496,2.963419914245605,11.20059490203857
BWA,2008,national,consumption,6.955886363983154,2.863879919052124,11.52816963195801
BWA,2009,national,consumption,6.657538890838623,2.772458791732788,11.66029167175293
BWA,2010,national,consumption,6.503294467926025,2.73775839805603,11.78744602203369
BWA,2011,national,consumption,6.499507427215576,2.677706956863403,11.53561210632324
BWA,2012,national,consumption,6.335920810699463,2.63567066192627,11.64768028259277
BWA,2013,national,consumption,6.178352832794189,2.605376482009888,11.80744171142578
BWA,2014,national,consumption,6.274584770202637,2.578160524368286,11.50490379333496
BWA,2015,national,consumption,6.306903839111328,2.563939094543457,11.38281059265137
BWA,2016,national,consumption,6.356997966766357,2.536490678787231,11.17221355438232
BWA,2017,national,consumption,6.356725215911865,2.536518335342407,11.17281436920166
BWA,2018,national,consumption,6.18862247467041,2.536499261856079,11.47621822357178
BWA,2019,national,consumption,6.116410732269287,2.536484241485596,11.61163997650146
BWA,2020,national,consumption,6.079324722290039,2.536504745483398,11.68256950378418
BWA,2021,national,consumption,6.037821292877197,2.536534070968628,11.76301002502441
BWA,2022,national,consumption,5.977765560150146,2.536475896835327,11.88091564178467
BWA,2023,national,consumption,5.81922435760498,2.536568880081177,12.20505046844482
BWA,2024,national,consumption,5.846059322357178,2.536501169204712,12.14870166778564
BWA,2025,national,consumption,5.88897180557251,2.53643536567688,12.05986213684082
CAF,1981,national,consumption,39.66634750366211,2.892261505126953,2.041612863540649
CAF,1982,national,consumption,37.9495735168457,2.892382144927979,2.134060859680176
CAF,1983,national,consumption,40.56219100952148,2.892087459564209,1.996402263641357
CAF,1984,national,consumption,38.37610244750977,2.89240026473999,2.110355138778687
CAF,1985,national,consumption,37.67508316040039,2.891875267028809,2.149232387542725
CAF,1986,national,consumption,37.09010314941406,2.892290353775024,2.183443069458008
CAF,1987,national,consumption,38.76842498779297,2.892303466796875,2.088929176330566
CAF,1988,national,consumption,38.76135635375977,2.892331838607788,2.089330673217773
CAF,1989,national,consumption,38.92164611816406,2.892333745956421,2.080727577209473
CAF,1990,national,consumption,40.37485122680664,2.892288446426392,2.005805015563965
CAF,1991,national,consumption,41.42313003540039,2.892430543899536,1.955140829086304
CAF,1992,national,consumption,44.32306289672852,2.892276287078857,1.827124118804932
CAF,1993,national,consumption,44.08052062988281,2.940010786056519,1.867498397827148
CAF,1994,national,consumption,41.31517028808594,2.850846529006958,1.932067632675171
CAF,1995,national,consumption,39.39034271240234,3.146141052246094,2.236384391784668
CAF,1996,national,consumption,39.38516235351563,3.19667649269104,2.272605657577515
CAF,1997,national,consumption,36.52019882202148,2.797895908355713,2.145143985748291
CAF,1998,national,consumption,35.29526519775391,3.390057563781738,2.689358234405518
CAF,1999,national,consumption,33.5332145690918,3.367836475372314,2.812119960784912
CAF,2000,national,consumption,32.97368240356445,3.318657398223877,2.81807804107666
CAF,2001,national,consumption,31.04012107849121,3.463690519332886,3.124450922012329
CAF,2002,national,consumption,29.17851066589355,3.398202419281006,3.260950088500977
CAF,2003,national,consumption,28.79622650146484,3.279563426971436,3.188882350921631
CAF,2004,national,consumption,26.63678932189941,3.215467691421509,3.380028009414673
CAF,2005,national,consumption,25.22093200683594,3.115859508514404,3.459192752838135
CAF,2006,national,consumption,23.24765396118164,3.019223928451538,3.63642144203186
CAF,2007,national,consumption,21.28750228881836,2.90865421295166,3.825827836990356
CAF,2008,national,consumption,19.74436664777499,2.632960319519043,3.733869435394
CAF,2009,national,consumption,18.3157901763916,2.707546949386597,4.139123439788818
CAF,2010,national,consumption,17.45481109619141,2.636911630630493,4.229981422424316
CAF,2011,national,consumption,16.96341514587402,2.570380210876465,4.242697715759277
CAF,2012,national,consumption,16.32382583618164,2.511953353881836,4.308713912963867
CAF,2013,national,consumption,21.58369445800781,2.433948040008545,3.157501459121704
CAF,2014,national,consumption,21.28950309753418,2.38179874420166,3.132546901702881
CAF,2015,national,consumption,20.50300216674805,2.232617139816284,3.048981904983521
CAF,2016,national,consumption,19.90371131896973,2.177824258804321,3.063704013824463
CAF,2017,national,consumption,19.33027076721191,2.041242599487305,2.956750631332397
CAF,2018,national,consumption,18.85931205749512,1.994940042495728,2.961843013763428
CAF,2019,national,consumption,18.41871643066406,1.925724029541016,2.927471876144409
CAF,2020,national,consumption,18.31303024291992,1.870691895484924,2.86022424697876
CAF,2021,national,consumption,18.22540490662775,1.791887044906616,2.75290659881
CAF,2022,national,consumption,18.09524726867676,1.785967111587524,2.763547658920288
CAF,2023,national,consumption,18.11881065368652,1.785839200019836,2.759756088256836
CAF,2024,national,consumption,18.36628723144531,1.785520672798157,2.722084045410156
CAF,2025,national,consumption,18.4932918548584,1.785440444946289,2.703268527984619
CAN,1981,national,income,1.350166318721347,2.507843255996704,52.008119706192
CAN,1982,national,income,1.235994961556768,2.250202655792236,50.975671696203
CAN,1983,national,income,1.19670581817627,2.175869703292847,50.91004943847656
CAN,1984,national,income,1.311080046231927,2.390826940536499,51.05954986595
CAN,1985,national,income,1.147220764695563,2.148497581481934,52.437975627727
CAN,1986,national,income,1.561666521119525,2.8922438621521,51.856673192253
CAN,1987,national,income,1.259800870393758,2.383459806442261,52.974145888728
CAN,1988,national,income,1.236144436716402,2.396107912063599,54.274417473252
CAN,1989,national,income,1.817309394557918,3.575446128845215,55.088302303516
CAN,1990,national,income,1.698864798092021,3.325200080871582,54.804596331023
CAN,1991,national,income,1.809222810967814,3.42765212059021,53.047229718567
CAN,1992,national,income,1.380385070661845,2.643614053726196,53.623582073574
CAN,1993,national,income,1.786840904273246,3.317355871200562,51.983341844235
CAN,1994,national,income,1.493108896724722,2.831066846847534,53.090483448561
CAN,1995,national,income,1.351566179752037,2.555840253829956,52.948594744704
CAN,1996,national,income,.8904458643775024,1.619138836860657,50.913694380747
CAN,1997,national,income,.8929916246174653,1.650081396102905,51.738760836684
CAN,1998,national,income,.8984900837594814,1.720467686653137,53.615613144836
CAN,1999,national,income,.8741202783231683,1.7162024974823,54.973750716198
CAN,2000,national,income,.807419561748267,1.635600209236145,56.719960892754
CAN,2001,national,income,.7740903453019193,1.627691626548767,58.876030405619
CAN,2002,national,income,.7637850663496135,1.619833827018738,59.382342798415
CAN,2003,national,income,.7665687188344155,1.628106832504272,59.468891163067
CAN,2004,national,income,.7614602237645091,1.653446793556213,60.799645529425
CAN,2005,national,income,.7549990022716613,1.679306268692017,62.278988411851
CAN,2006,national,income,.7257305018788699,1.660090923309326,64.049322586551
CAN,2007,national,income,.666499945933308,1.584895730018616,66.58227383893799
CAN,2008,national,income,.6747790443015317,1.632892608642578,67.756985321822
CAN,2009,national,income,.6891298170489575,1.675411581993103,68.073564262641
CAN,2010,national,income,.6611140162935097,1.606902599334717,68.05675125532299
CAN,2011,national,income,.6437059716096566,1.573244452476501,68.43317614135999
CAN,2012,national,income,.6636410761351769,1.63880455493927,69.14359382392
CAN,2013,national,income,.695669564499509,1.750948429107666,70.47391340148999
CAN,2014,national,income,.648700175123443,1.639796376228333,70.778922797267
CAN,2015,national,income,.6703133930277766,1.707755088806152,71.33550111022301
CAN,2016,national,income,.6475350130333025,1.635578274726868,70.72388382423
CAN,2017,national,income,.6278860539685889,1.6437087059021,73.29967320266
CAN,2018,national,income,.607883044084639,1.597243309020996,73.571409375588
CAN,2019,national,income,.5954740857388141,1.564517140388489,73.565721583018
CAN,2020,national,income,.5049980427895657,1.40302848815918,77.791978493158
CAN,2021,national,income,.4786882996559143,1.387626767158508,81.16670227050781
CAN,2022,national,income,.4638634026050568,1.387627840042114,83.76081848144531
CAN,2023,national,income,.4696081280708313,1.387627840042114,82.73617553710938
CAN,2024,national,income,.4770009517669678,1.387627840042114,81.45388031005859
CAN,2025,national,income,.4767714738845825,1.387627959251404,81.49309539794922
CHE,1981,national,income,.9387668967247009,2.608760356903076,77.80982971191406
CHE,1982,national,income,1.033878420558084,2.982370138168335,80.770001212162
CHE,1983,national,income,.9513057470321655,2.628298282623291,77.35930633544922
CHE,1984,national,income,.9478662014007568,2.617141008377075,77.31043243408203
CHE,1985,national,income,.9449697732925415,2.61577582359314,77.50695037841797
CHE,1986,national,income,.9351637363433838,2.611835718154907,78.20170593261719
CHE,1987,national,income,.9273132681846619,2.611288070678711,78.84721374511719
CHE,1988,national,income,.9251556396484375,2.605063915252686,78.84272003173828
CHE,1989,national,income,.9341705441474915,2.595703363418579,77.80131530761719
CHE,1990,national,income,.9383468627929688,2.580163240432739,76.99132537841797
CHE,1991,national,income,.9523232579231262,2.590635299682617,76.16928863525391
CHE,1992,national,income,1.04859791659977,2.869627475738525,76.625716342307
CHE,1993,national,income,.9649567008018494,2.563624143600464,74.38829040527344
CHE,1994,national,income,.8759524822235107,2.313698530197144,73.95784759521484
CHE,1995,national,income,.8721767067909241,2.251364231109619,72.27686309814453
CHE,1996,national,income,.7726096510887146,1.996160745620728,72.34248352050781
CHE,1997,national,income,.6739217638969421,1.755951285362244,72.95600128173828
CHE,1998,national,income,.6581063866615295,1.706976175308228,72.62554168701172
CHE,1999,national,income,.5647636651992798,1.473209738731384,73.03917694091797
CHE,2000,national,income,.5555572483590105,1.503236889839172,75.762909230164
CHE,2001,national,income,.5205469131469727,1.421749234199524,76.47529602050781
CHE,2002,national,income,.50157978672304,1.402352929115295,78.28441869504999
CHE,2003,national,income,.5201157331466675,1.41535222530365,76.19431304931641
CHE,2004,national,income,.5365169231175118,1.449434995651245,75.64380084427999
CHE,2005,national,income,.5328717231750488,1.463678240776062,76.90967559814453
CHE,2006,national,income,.5505920127955749,1.559092044830322,79.286613238161
CHE,2007,national,income,.5280352117485304,1.534337162971497,81.360937051866
CHE,2008,national,income,.5257852625427877,1.5385502576828,81.933463509766
CHE,2009,national,income,.504947208058111,1.471332907676697,81.587383712239
CHE,2010,national,income,.5151976604505045,1.506862759590149,81.895087561804
CHE,2011,national,income,.4759356901876773,1.411800146102905,83.058291698872
CHE,2012,national,income,.4559446800942331,1.385938405990601,85.111807592076
CHE,2013,national,income,.4722663087181772,1.428846478462219,84.714285561192
CHE,2014,national,income,.4658231955564915,1.426352620124817,85.736116846494
CHE,2015,national,income,.470033289591466,1.432627320289612,85.341964250819
CHE,2016,national,income,.4899060923021623,1.520185470581055,86.884391714275
CHE,2017,national,income,.4648630393743981,1.437849760055542,86.605711418822
CHE,2018,national,income,.4956126241700652,1.505637884140015,85.06211767254
CHE,2019,national,income,.4767290537657856,1.489006519317627,87.45467192196701
CHE,2020,national,income,.4774001108359052,1.507429599761963,88.412271337135
CHE,2021,national,income,.4657223133350725,1.488774061203003,89.507574629703
CHE,2022,national,income,.4406289756298065,1.42296040058136,90.42276763916016
CHE,2023,national,income,.437096118927002,1.422589778900146,91.12987518310547
CHE,2024,national,income,.4345512986183167,1.422584176063538,91.66318511962891
CHE,2025,national,income,.4338747262954712,1.422599792480469,91.80712890625
CHI,1981,national,,4.022099018096924,2.127710103988647,14.81213760375977
CHI,1982,national,,4.021931171417236,2.1243577003479,14.78941631317139
CHI,1983,national,,3.972891807556152,2.129438638687134,15.00777912139893
CHI,1984,national,,3.99956226348877,2.155197143554688,15.08803081512451
CHI,1985,national,,3.982531309127808,2.164631128311157,15.21888065338135
CHI,1986,national,,3.999850749969482,2.202648162841797,15.41911315917969
CHI,1987,national,,4.000618457794189,2.209896802902222,15.46688556671143
CHI,1988,national,,3.936280250549316,2.207039833068848,15.69936943054199
CHI,1989,national,,3.957510232925415,2.234930515289307,15.81247997283936
CHI,1990,national,,4.059558391571045,2.195662498474121,15.1441478729248
CHI,1991,national,,4.308886051177979,2.172605037689209,14.11802101135254
CHI,1992,national,,4.739667415618896,2.20238995552063,13.0108118057251
CHI,1993,national,,5.129764080047607,2.134275436401367,11.64960289001465
CHI,1994,national,,5.623541831970215,2.24151086807251,11.16063594818115
CHI,1995,national,,5.454283237457275,2.349752426147461,12.06264209747314
CHI,1996,national,,5.660495281219482,2.343099594116211,11.59029102325439
CHI,1997,national,,5.506176948547363,2.243096590042114,11.40659046173096
CHI,1998,national,,5.534165859222412,2.270540475845337,11.48775386810303
CHI,1999,national,,6.176583766937256,2.197290182113647,9.96086597442627
CHI,2000,national,,5.908196449279785,2.223800420761108,10.53898811340332
CHI,2001,national,,5.546882629394531,2.200335264205933,11.10702896118164
CHI,2002,national,,5.179303169250488,2.188732147216797,11.83257579803467
CHI,2003,national,,5.218093395233154,2.3421790599823,12.56800270080566
CHI,2004,national,,4.801365852355957,2.33955979347229,13.64354991912842
CHI,2005,national,,4.626399993896484,2.401112794876099,14.53206825256348
CHI,2006,national,,4.333662509918213,2.39321231842041,15.46265888214111
CHI,2007,national,,4.029297351837158,2.434932708740234,16.92059707641602
CHI,2008,national,,3.712572336196899,2.452155828475952,18.4940128326416
CHI,2009,national,,3.681580543518066,2.354223728179932,17.90488243103027
CHI,2010,national,,3.591157674789429,2.394940376281738,18.67317962646484
CHI,2011,national,,3.456596374511719,2.376457214355469,19.25038146972656
CHI,2012,national,,3.406436204910278,2.419729232788086,19.88953018188477
CHI,2013,national,,2.413256883621216,1.795884370803833,20.83688735961914
CHI,2014,national,,2.4988694190979,1.880549311637878,21.07168197631836
CHI,2015,national,,2.454961061477661,1.779339671134949,20.29421615600586
CHI,2016,national,,2.424597978591919,1.766987919807434,20.40571784973145
CHI,2017,national,,2.353426933288574,1.776069164276123,21.13086128234863
CHI,2018,national,,2.235971927642822,1.720695853233337,21.54744529724121
CHI,2019,national,,2.168193340301514,1.721032977104187,22.22538185119629
CHI,2020,national,,2.131616592407227,1.800348877906799,23.64860916137695
CHI,2021,national,,1.93830418586731,1.944718599319458,28.09266090393066
CHI,2022,national,,1.908694863319397,1.950935959815979,28.61966514587402
CHI,2023,national,,1.773739099502563,1.92695415019989,30.41863250732422
CHI,2024,national,,1.726778984069824,1.927563190460205,31.2557487487793
CHI,2025,national,,1.692033529281616,1.927062153816223,31.88928604125977
CHL,1981,national,income,6.896730899810791,2.957968711853027,12.00904083251953
CHL,1982,national,income,7.816733360290527,2.940150022506714,10.5317907333374
CHL,1983,national,income,8.301961898803711,2.922641754150391,9.857184410095215
CHL,1984,national,income,8.113705635070801,2.929332971572876,10.10898399353027
CHL,1985,national,income,7.939358711242676,2.936207056045532,10.3552188873291
CHL,1986,national,income,7.674571514129639,2.94490122795105,10.74421310424805
CHL,1987,national,income,7.400980923159129,2.951489686965942,11.166318929049
CHL,1988,national,income,6.904834747314453,2.955015897750854,11.98297214508057
CHL,1989,national,income,6.329236030578613,2.965012550354004,13.11696243286133
CHL,1990,national,income,6.297265964605741,2.999257802963257,13.335822571172
CHL,1991,national,income,5.703455448150635,2.797025442123413,13.73145008087158
CHL,1992,national,income,5.159871534861241,2.619214296340942,14.213144863576
CHL,1993,national,income,5.151018619537354,2.736458301544189,14.8748893737793
CHL,1994,national,income,5.218031395926713,2.971713304519653,15.94623797373
CHL,1995,national,income,4.762723445892334,2.782925605773926,16.36079025268555
CHL,1996,national,income,4.429454966391594,2.731128215789795,17.264334291332
CHL,1997,national,income,4.306986808776855,2.75767183303833,17.92780303955078
CHL,1998,national,income,4.338033787679836,2.86841082572937,18.514264520491
CHL,1999,national,income,4.650148391723633,2.778523206710815,16.7303581237793
CHL,2000,national,income,4.844065827425736,2.758919954299927,15.947297856092
CHL,2001,national,income,4.823302268981934,2.687360525131226,15.60053539276123
CHL,2002,national,income,4.823216915130615,2.667768239974976,15.48707294464111
CHL,2003,national,income,4.814099485638163,2.699899196624756,15.703285039332
CHL,2004,national,income,4.193047523498535,2.455464601516724,16.39690589904785
CHL,2005,national,income,3.691763877868652,2.272014617919922,17.23198127746582
CHL,2006,national,income,3.282266113714469,2.128570079803467,18.158175666237
CHL,2007,national,income,3.005935192108154,2.07709002494812,19.3478946685791
CHL,2008,national,income,2.958691835403442,2.080425024032593,19.68839645385742
CHL,2009,national,income,3.034214816858762,2.124569654464722,19.605713760475
CHL,2010,national,income,2.796764373779297,2.026350498199463,20.28694915771484
CHL,2011,national,income,2.668169886925933,2.002276420593262,21.012056612852
CHL,2012,national,income,2.320180177688599,1.946980476379395,23.4962158203125
CHL,2013,national,income,2.169834535584006,1.990505933761597,25.68590684526
CHL,2014,national,income,2.029315710067749,1.903899073600769,26.26953125
CHL,2015,national,income,2.012159338081716,1.936550617218018,26.94787406764
CHL,2016,national,income,1.909811496734619,1.921592831611633,28.17272758483887
CHL,2017,national,income,1.876618562764757,1.972812414169312,29.435256235866
CHL,2018,national,income,1.928644061088562,2.10049843788147,30.49497604370117
CHL,2019,national,income,2.112677097320557,2.337940692901611,30.9854907989502
CHL,2020,national,income,2.509407070865177,2.647208690643311,29.53759340378
CHL,2021,national,income,1.92908775806427,2.223168134689331,32.26846694946289
CHL,2022,national,income,1.686207563981143,1.973333120346069,32.767809609865
CHL,2023,national,income,1.72037661075592,1.892688155174255,30.80445671081543
CHL,2024,national,income,1.691348671913147,1.894671201705933,31.36597061157227
CHL,2025,national,income,1.668063402175903,1.896358489990234,31.83214569091797
CHN,1981,national,income,27.48521191611343,1.290212512016296,1.314377780717
CHN,1982,national,income,25.45819473266602,1.284644842147827,1.412906765937805
CHN,1983,national,income,23.23300170898438,1.278400778770447,1.540705800056458
CHN,1984,national,income,20.36223356413979,1.269431471824646,1.745588449709
CHN,1985,national,income,19.112060546875,1.290143609046936,1.890116453170776
CHN,1986,national,income,18.43886566162109,1.312573313713074,1.993184089660645
CHN,1987,national,income,17.47378768320489,1.337079048156738,2.142535622369
CHN,1988,national,income,15.89524555206299,1.334606528282166,2.350953578948975
CHN,1989,national,consumption,18.39742469787598,1.370717644691467,2.086166620254517
CHN,1990,national,consumption,18.03473204248698,1.363880395889282,2.117505960668
CHN,1991,national,consumption,17.60894966125488,1.375841379165649,2.187726020812988
CHN,1992,national,consumption,17.05056381225586,1.389641404151917,2.282033681869507
CHN,1993,national,consumption,16.50847972053232,1.409352779388428,2.390400389246
CHN,1994,national,consumption,14.95272731781006,1.416380882263184,2.652269601821899
CHN,1995,national,consumption,13.86657810211182,1.432403206825256,2.89237117767334
CHN,1996,national,consumption,13.01047779810976,1.452511429786682,3.125966621546
CHN,1997,national,consumption,12.92775821685791,1.489851713180542,3.226843118667603
CHN,1998,national,consumption,12.86913394927979,1.528954982757568,3.326621770858765
CHN,1999,national,consumption,12.81257825175299,1.572477340698242,3.436417420515
CHN,2000,national,consumption,12.22528648376465,1.61731231212616,3.704186677932739
CHN,2001,national,consumption,11.66146564483643,1.666477918624878,4.001330852508545
CHN,2002,national,consumption,11.05099529876712,1.721561074256897,4.361933907718
CHN,2003,national,consumption,10.05468559265137,1.702132821083069,4.740050792694092
CHN,2004,national,consumption,9.1612548828125,1.687719345092773,5.158260822296143
CHN,2005,national,consumption,8.282451022797114,1.678111910820007,5.67309510545
CHN,2006,national,consumption,7.917061328887939,1.717257261276245,6.073365211486816
CHN,2007,national,consumption,7.506656646728516,1.76357364654541,6.578169822692871
CHN,2008,national,consumption,7.251579243297193,1.80936336517334,6.986364217867
CHN,2009,national,consumption,6.806046009063721,1.822950720787048,7.499599456787109
CHN,2010,national,consumption,6.305942582399434,1.848913669586182,8.209650052878001
CHN,2011,national,consumption,5.664416900315994,1.781709432601929,8.807237481368
CHN,2012,national,consumption,5.2008126169081,1.787093281745911,9.621306410442999
CHN,2013,national,consumption,4.204048472104635,1.624954700469971,10.822599508838
CHN,2014,national,consumption,3.872191089162178,1.612400889396667,11.659348318609
CHN,2015,national,consumption,3.550457477713463,1.582593441009521,12.48081892226
CHN,2016,national,consumption,3.320306864698004,1.577541708946228,13.303338959815
CHN,2017,national,consumption,3.181652422529033,1.596492290496826,14.049864366983
CHN,2018,national,consumption,2.950467869052641,1.574594736099243,14.942935951202
CHN,2019,national,consumption,2.739408219451182,1.546611547470093,15.808203670444
CHN,2020,national,consumption,2.746475783595968,1.490179300308228,15.192203511149
CHN,2021,national,consumption,2.381830580072657,1.457361459732056,17.132252170575
CHN,2022,national,consumption,2.358004808425903,1.454272747039795,17.2686824798584
CHN,2023,national,consumption,2.264839172363281,1.455177783966064,17.99023056030273
CHN,2024,national,consumption,2.182814598083496,1.456069707870483,18.67769813537598
CHN,2025,national,consumption,2.11262321472168,1.45690131187439,19.30928230285645
CIV,1981,national,consumption,5.241117477416992,2.079426527023315,11.10907077789307
CIV,1982,national,consumption,5.382466316223145,2.079417943954468,10.81729030609131
CIV,1983,national,consumption,5.688316822052002,2.079436540603638,10.23575592041016
CIV,1984,national,consumption,5.958785533905029,2.079034566879272,9.769267082214355
CIV,1985,national,consumption,5.941506862640381,2.079428195953369,9.799532890319824
CIV,1986,national,consumption,5.061942100524902,1.581150889396667,8.746094703674316
CIV,1987,national,consumption,6.074809551239014,1.627542614936829,7.501666069030762
CIV,1988,national,consumption,7.210838317871094,1.566135764122009,6.081373691558838
CIV,1989,national,consumption,7.467482089996338,1.556989312171936,5.838072299957275
CIV,1990,national,consumption,8.147951126098633,1.594854593276978,5.480632781982422
CIV,1991,national,consumption,8.788030624389648,1.632012486457825,5.19983959197998
CIV,1992,national,consumption,9.521713256835938,1.671199440956116,4.914408206939697
CIV,1993,national,consumption,9.931571960449219,1.678113102912903,4.731090545654297
CIV,1994,national,consumption,9.765055656433105,1.64631450176239,4.720588207244873
CIV,1995,national,consumption,9.23593870739688,1.628499627113342,4.937017400849
CIV,1996,national,consumption,9.620485305786133,1.62569272518158,4.731507301330566
CIV,1997,national,consumption,9.893800735473633,1.623051166534424,4.593324184417725
CIV,1998,national,consumption,10.53469754797908,1.61374843120575,4.289155505081
CIV,1999,national,consumption,10.3757381439209,1.636390566825867,4.415968894958496
CIV,2000,national,consumption,10.33118152618408,1.665484428405762,4.51386547088623
CIV,2001,national,consumption,10.40504264831543,1.691761136054993,4.552534103393555
CIV,2002,national,consumption,10.55117568347631,1.718775868415833,4.561171648967
CIV,2003,national,consumption,11.24738597869873,1.745577692985535,4.345558643341064
CIV,2004,national,consumption,11.37394142150879,1.774178147315979,4.367614269256592
CIV,2005,national,consumption,11.67290496826172,1.80280077457428,4.324409484863281
CIV,2006,national,consumption,11.82863521575928,1.833532571792603,4.340222835540771
CIV,2007,national,consumption,12.12030410766602,1.864417433738708,4.307126998901367
CIV,2008,national,consumption,12.14334551606134,1.897984862327576,4.376353674571
CIV,2009,national,consumption,12.18361282348633,1.880331158638,4.321318626403809
CIV,2010,national,consumption,11.99570751190186,1.866175293922424,4.355967044830322
CIV,2011,national,consumption,12.84363842010498,1.849699854850769,4.032470703125
CIV,2012,national,consumption,12.56852531433105,1.833169221878052,4.083910942077637
CIV,2013,national,consumption,12.04722690582275,1.816405534744263,4.221664905548096
CIV,2014,national,consumption,11.67969131469727,1.798135161399841,4.310711860656738
CIV,2015,national,consumption,11.56463017417648,1.779368996620178,4.308164817838
CIV,2016,national,consumption,9.699893951416016,1.703458309173584,4.917253017425537
CIV,2017,national,consumption,8.175215721130371,1.628405213356018,5.57726526260376
CIV,2018,national,consumption,7.388858318328857,1.554142951965332,5.889408111572266
CIV,2019,national,consumption,6.789971351623535,1.507177472114563,6.215190887451172
CIV,2020,national,consumption,6.935096263885498,1.488453149795532,6.009532928466797
CIV,2021,national,consumption,6.78032398223877,1.465851068496704,6.053372859954834
CIV,2022,national,consumption,6.655091762542725,1.449554324150085,6.098716735839844
CIV,2023,national,consumption,6.492372035980225,1.449537873268127,6.251499652862549
CIV,2024,national,consumption,6.335455894470215,1.449535250663757,6.40632438659668
CIV,2025,national,consumption,6.192935943603516,1.449508547782898,6.553634643554688
CMR,1981,national,consumption,9.282085418701172,1.725835204124451,5.206091403961182
CMR,1982,national,consumption,8.969030380249023,1.725847125053406,5.387842178344727
CMR,1983,national,consumption,8.683241844177246,1.725849509239197,5.565177917480469
CMR,1984,national,consumption,8.416375160217285,1.725825428962708,5.74155855178833
CMR,1985,national,consumption,8.137908935546875,1.725851893424988,5.938116550445557
CMR,1986,national,consumption,7.937703132629395,1.725836753845215,6.087835311889648
CMR,1987,national,consumption,8.230103492736816,1.72584068775177,5.871559143066406
CMR,1988,national,consumption,8.885246276855469,1.725831985473633,5.438599586486816
CMR,1989,national,consumption,9.184634208679199,1.725854873657227,5.261389255523682
CMR,1990,national,consumption,9.789974212646484,1.725861549377441,4.93608283996582
CMR,1991,national,consumption,10.26200008392334,1.72583281993866,4.708957195281982
CMR,1992,national,consumption,10.69928646087646,1.72584855556488,4.51654052734375
CMR,1993,national,consumption,11.54953098297119,1.725857615470886,4.184067249298096
CMR,1994,national,consumption,11.62628746032715,1.725841999053955,4.156406402587891
CMR,1995,national,consumption,11.61771202087402,1.725871443748474,4.159545421600342
CMR,1996,national,consumption,11.51654902137347,1.733955979347229,4.215739087821
CMR,1997,national,consumption,10.51608753204346,1.724955201148987,4.592843532562256
CMR,1998,national,consumption,9.599870681762695,1.716886758804321,5.007653713226318
CMR,1999,national,consumption,8.885743141174316,1.710117340087891,5.388776779174805
CMR,2000,national,consumption,8.457592964172363,1.702161073684692,5.635233402252197
CMR,2001,national,consumption,7.970361224823997,1.698491454124451,5.966826360885
CMR,2002,national,consumption,8.030653953552246,1.703612208366394,5.939882755279541
CMR,2003,national,consumption,8.083378791809082,1.710579037666321,5.925271511077881
CMR,2004,national,consumption,8.04665470123291,1.717294812202454,5.975682735443115
CMR,2005,national,consumption,8.267443656921387,1.723357319831848,5.836629390716553
CMR,2006,national,consumption,8.401412963867188,1.725302577018738,5.750041484832764
CMR,2007,national,consumption,8.519441614969695,1.715352058410645,5.637676559767
CMR,2008,national,consumption,8.455953598022461,1.763617634773254,5.839825630187988
CMR,2009,national,consumption,8.424925804138184,1.812090873718262,6.022432327270508
CMR,2010,national,consumption,8.373208999633789,1.86259651184082,6.228520393371582
CMR,2011,national,consumption,9.387042999267578,1.907882452011108,5.690898418426514
CMR,2012,national,consumption,8.921273231506348,1.955124258995056,6.136285305023193
CMR,2013,national,consumption,8.395450592041016,2.007123708724976,6.694037437438965
CMR,2014,national,consumption,7.826141112937489,2.050983428955078,7.337912560066
CMR,2015,national,consumption,7.636673927307129,2.021515607833862,7.411922454833984
CMR,2016,national,consumption,7.529832363128662,1.986206889152527,7.385794162750244
CMR,2017,national,consumption,7.462632656097412,1.945405006408691,7.299212455749512
CMR,2018,national,consumption,7.372812747955322,1.910731196403503,7.256453514099121
CMR,2019,national,consumption,7.311936378479004,1.875823020935059,7.183192253112793
CMR,2020,national,consumption,7.408744335174561,1.839635610580444,6.952567577362061
CMR,2021,national,consumption,7.34191370010376,1.807745337486267,6.894233703613281
CMR,2022,national,consumption,7.268721103668213,1.784915208816528,6.875710964202881
CMR,2023,national,consumption,7.240896701812744,1.784968852996826,6.902339458465576
CMR,2024,national,consumption,7.170517444610596,1.784876585006714,6.9697265625
CMR,2025,national,consumption,7.116099834442139,1.784945487976074,7.023295879364014
COD,1981,national,consumption,19.57209777832031,1.661607146263123,2.377108573913574
COD,1982,national,consumption,20.04802131652832,1.661532998085022,2.320574283599854
COD,1983,national,consumption,20.29812240600586,1.661578893661499,2.292044878005981
COD,1984,national,consumption,20.00742530822754,1.661546349525452,2.325301647186279
COD,1985,national,consumption,20.4074764251709,1.661496758460999,2.279650211334229
COD,1986,national,consumption,20.20138740539551,1.661590814590454,2.30303692817688
COD,1987,national,consumption,20.27408409118652,1.661593437194824,2.294782638549805
COD,1988,national,consumption,20.66377830505371,1.661625504493713,2.251549243927002
COD,1989,national,consumption,21.30967330932617,1.661502242088318,2.183142900466919
COD,1990,national,consumption,22.8512020111084,1.661703586578369,2.036116123199463
COD,1991,national,consumption,24.83368110656738,1.661541700363159,1.873389959335327
COD,1992,national,consumption,27.42014312744141,1.661579370498657,1.696717023849487
COD,1993,national,consumption,31.00075340270996,1.661529660224915,1.500699996948242
COD,1994,national,consumption,32.92591857910156,1.661599636077881,1.41301417350769
COD,1995,national,consumption,33.72555923461914,1.661515116691589,1.379441142082214
COD,1996,national,consumption,34.42808532714844,1.661577582359314,1.351343631744385
COD,1997,national,consumption,36.23334884643555,1.661556005477905,1.283998608589172
COD,1998,national,consumption,37.34917449951172,1.66168749332428,1.245737075805664
COD,1999,national,consumption,39.39640426635742,1.661551237106323,1.18090558052063
COD,2000,national,consumption,42.16752243041992,1.656376481056213,1.09986400604248
COD,2001,national,consumption,43.47623443603516,1.647395610809326,1.060972213745117
COD,2002,national,consumption,43.51864624023438,1.647165060043335,1.059789896011353
COD,2003,national,consumption,42.88412857055664,1.651493906974792,1.078297019004822
COD,2004,national,consumption,41.98943710327148,1.657425284385681,1.105228185653687
COD,2005,national,consumption,40.76731491088867,1.661682486534119,1.141284584999084
COD,2006,national,consumption,37.29826354980469,1.666075229644775,1.250731348991394
COD,2007,national,consumption,33.26306533813477,1.677963256835938,1.412466645240784
COD,2008,national,consumption,30.07780647277832,1.693517088890076,1.576527118682861
COD,2009,national,consumption,30.52082443237305,1.708453774452209,1.567346453666687
COD,2010,national,consumption,27.3338737487793,1.729022979736328,1.771159291267395
COD,2011,national,consumption,24.96255874633789,1.749167680740356,1.962006211280823
COD,2012,national,consumption,22.87571907043457,1.769166827201843,2.165469408035278
COD,2013,national,consumption,21.91143417358398,1.788164496421814,2.28504467010498
COD,2014,national,consumption,21.87218856811523,1.803450226783752,2.308712959289551
COD,2015,national,consumption,22.16680717468262,1.817702531814575,2.296030759811401
COD,2016,national,consumption,23.14829254150391,1.830517530441284,2.21418023109436
COD,2017,national,consumption,23.95832061767578,1.834179162979126,2.143598318099976
COD,2018,national,consumption,24.3803768157959,1.834235191345215,2.106554269790649
COD,2019,national,consumption,24.98246192932129,1.830688714981079,2.051810741424561
COD,2020,national,consumption,26.06788284095201,1.816099524497986,1.950706381655
COD,2021,national,consumption,25.53829765319824,1.821306467056274,1.996866941452026
COD,2022,national,consumption,24.59983444213867,1.821464896202087,2.073225975036621
COD,2023,national,consumption,23.75247192382813,1.821320056915283,2.147017002105713
COD,2024,national,consumption,23.52108001708984,1.821369886398315,2.168197870254517
COD,2025,national,consumption,23.27204513549805,1.821501851081848,2.191558599472046
COG,1981,national,consumption,12.61632919311523,1.955601572990417,4.340156555175781
COG,1982,national,consumption,11.00169563293457,1.955603718757629,4.977133274078369
COG,1983,national,consumption,10.72444915771484,1.95556652545929,5.105703830718994
COG,1984,national,consumption,10.40843391418457,1.955614447593689,5.260849475860596
COG,1985,national,consumption,10.71209239959717,1.955561995506287,5.111581802368164
COG,1986,national,consumption,11.48019981384277,1.955655813217163,4.769809246063232
COG,1987,national,consumption,11.70087432861328,1.955617904663086,4.679761409759521
COG,1988,national,consumption,11.79508590698242,1.955631971359253,4.642416000366211
COG,1989,national,consumption,11.82178401947021,1.955623984336853,4.631912708282471
COG,1990,national,consumption,11.97517013549805,1.955479025840759,4.572245121002197
COG,1991,national,consumption,12.01668834686279,1.955707550048828,4.556980133056641
COG,1992,national,consumption,12.03736591339111,1.955642938613892,4.549002170562744
COG,1993,national,consumption,12.3713207244873,1.955562472343445,4.426023006439209
COG,1994,national,consumption,13.1295747756958,1.955548882484436,4.170383930206299
COG,1995,national,consumption,13.03017902374268,1.955645322799683,4.202403545379639
COG,1996,national,consumption,12.90011024475098,1.955613493919373,4.244706153869629
COG,1997,national,consumption,13.15182971954346,1.955678224563599,4.163602352142334
COG,1998,national,consumption,13.01608467102051,1.955571055412292,4.206794261932373
COG,1999,national,consumption,13.50566959381104,1.955596089363098,4.054348468780518
COG,2000,national,consumption,13.1797924041748,1.955628871917725,4.154664039611816
COG,2001,national,consumption,13.18418216705322,1.955659627914429,4.153346061706543
COG,2002,national,consumption,12.98852729797363,1.955511569976807,4.215591430664063
COG,2003,national,consumption,13.17052555084229,1.955644011497498,4.157619476318359
COG,2004,national,consumption,13.17052555084229,1.955652117729187,4.157636642456055
COG,2005,national,consumption,12.85093767682541,1.965373396873474,4.282213098842
COG,2006,national,consumption,11.73809623718262,1.997440218925476,4.764684677124023
COG,2007,national,consumption,12.97972202301025,2.034886121749878,4.389678955078125
COG,2008,national,consumption,12.51587677001953,2.078076601028442,4.64898681640625
COG,2009,national,consumption,12.44556522369385,2.090386152267456,4.702945232391357
COG,2010,national,consumption,11.09416103363037,2.122544765472412,5.356985092163086
COG,2011,national,consumption,11.55717945098877,2.156318187713623,5.224190711975098
COG,2012,national,consumption,10.36369132995605,2.178074836730957,5.884592056274414
COG,2013,national,consumption,10.59374809265137,2.178197622299194,5.757125377655029
COG,2014,national,consumption,10.29789733886719,2.178122043609619,5.922317504882813
COG,2015,national,consumption,10.44186019897461,2.177921295166016,5.840127944946289
COG,2016,national,consumption,11.30321884155273,2.178165912628174,5.395688533782959
COG,2017,national,consumption,11.96047019958496,2.178015232086182,5.098831653594971
COG,2018,national,consumption,12.36489105224609,2.178196668624878,4.932474136352539
COG,2019,national,consumption,12.47648143768311,2.178221702575684,4.888413906097412
COG,2020,national,consumption,13.25733280181885,2.177019357681274,4.597949028015137
COG,2021,national,consumption,13.38328552246094,2.176602363586426,4.553804397583008
COG,2022,national,consumption,13.47249794006348,2.17685604095459,4.524177074432373
COG,2023,national,consumption,13.52352619171143,2.177003383636475,4.507411479949951
COG,2024,national,consumption,13.52109909057617,2.177103757858276,4.50842809677124
COG,2025,national,consumption,13.4664363861084,2.176774978637695,4.526045322418213
COL,1981,national,income,9.000179290771484,3.102832317352295,9.653063774108887
COL,1982,national,income,9.082819938659668,3.088796615600586,9.521965980529785
COL,1983,national,income,9.130971908569336,3.080846071243286,9.447372436523438
COL,1984,national,income,9.070878982543945,3.090782880783081,9.540632247924805
COL,1985,national,income,9.016560554504395,3.099991083145142,9.626703262329102
COL,1986,national,income,8.804025650024414,3.137663125991821,9.978908538818359
COL,1987,national,income,8.62267017364502,3.172058343887329,10.3004789352417
COL,1988,national,income,8.514674186706543,3.193488359451294,10.50159645080566
COL,1989,national,income,8.441961288452148,3.207741022109985,10.63932228088379
COL,1990,national,income,8.325363159179688,3.231381177902222,10.86783504486084
COL,1991,national,income,8.326869964599609,3.231073617935181,10.86483383178711
COL,1992,national,income,8.25687645464377,3.264107942581177,11.068958465948
COL,1993,national,income,9.028073310852051,3.512921571731567,10.89510440826416
COL,1994,national,income,9.818121910095215,3.756632566452026,10.71342468261719
COL,1995,national,income,10.6633186340332,3.975157022476196,10.438063621521
COL,1996,national,income,11.7721599152734,4.22386360168457,10.046429568271
COL,1997,national,income,11.78563690185547,4.280166149139404,10.16870403289795
COL,1998,national,income,12.16068363189697,4.501871585845947,10.36556911468506
COL,1999,national,income,13.21140730322082,4.535341739654541,9.612114919183
COL,2000,national,income,13.94117215869954,5.340480804443359,10.726032365094
COL,2001,national,income,12.38491078376923,3.949573755264282,8.929258085484999
COL,2002,national,income,7.370851137181456,2.962317705154419,11.253095817102
COL,2003,national,income,7.282603711773115,2.776331186294556,10.674379143768
COL,2004,national,income,6.699081886239918,2.708105564117432,11.31900690088
COL,2005,national,income,6.365783885727708,2.713118314743042,11.933693492126
COL,2006,national,income,6.385140895843506,2.872314929962158,12.59562110900879
COL,2007,national,income,6.447995662689209,3.044950485229492,13.22249889373779
COL,2008,national,income,6.687670361310177,3.224857330322266,13.501862546984
COL,2009,national,income,6.177754010895028,3.004542112350464,13.61776113236
COL,2010,national,income,5.613107917959621,2.948535442352295,14.708249663584
COL,2011,national,income,5.171020346440564,2.818382263183594,15.260953475109
COL,2012,national,income,5.10892147966387,2.823461532592773,15.474287755635
COL,2013,national,income,4.894067287966556,2.839929103851318,16.247838124655
COL,2014,national,income,4.650428634557799,2.825624227523804,17.012942825234
COL,2015,national,income,4.482599816246435,2.666844367980957,16.658109952248
COL,2016,national,income,4.5128223586937,2.645554065704346,16.414454205067
COL,2017,national,income,4.389806503456373,2.554185390472412,16.291650044354
COL,2018,national,income,4.437879220968048,2.625957012176514,16.568002523562
COL,2019,national,income,4.635899418862921,2.749658584594727,16.607443894695
COL,2020,national,income,6.822887630692972,3.548802852630615,14.563698346165
COL,2021,national,income,5.297240681785938,3.219953775405884,17.019937271439
COL,2022,national,income,4.890169289602349,3.230201721191406,18.495402368818
COL,2023,national,income,4.589687720656525,3.144290685653687,19.182162649579
COL,2024,national,income,4.509810924530029,3.10684871673584,19.28944778442383
COL,2025,national,income,4.450149059295654,3.107018947601318,19.54912757873535
COM,1981,national,consumption,7.97704029083252,2.292066812515259,8.045323371887207
COM,1982,national,consumption,7.789285659790039,2.292610168457031,8.241203308105469
COM,1983,national,consumption,7.685102462768555,2.292702913284302,8.353262901306152
COM,1984,national,consumption,7.618678092956543,2.292640209197998,8.425861358642578
COM,1985,national,consumption,7.647750377655029,2.292631149291992,8.393797874450684
COM,1986,national,consumption,7.697830677032471,2.292645454406738,8.339241981506348
COM,1987,national,consumption,7.758614063262939,2.292692184448242,8.274078369140625
COM,1988,national,consumption,7.761412143707275,2.292680025100708,8.271051406860352
COM,1989,national,consumption,8.082630157470703,2.291743040084839,7.939099788665771
COM,1990,national,consumption,7.95195198059082,2.292168378829956,8.071063995361328
COM,1991,national,consumption,8.397733688354492,2.290679454803467,7.637658596038818
COM,1992,national,consumption,8.047073364257813,2.291865825653076,7.974606513977051
COM,1993,national,consumption,7.98402738571167,2.29210376739502,8.038412094116211
COM,1994,national,consumption,8.386476516723633,2.290710687637329,7.648015022277832
COM,1995,national,consumption,8.281909942626953,2.291034698486328,7.745673656463623
COM,1996,national,consumption,8.452422142028809,2.527278423309326,8.372014045715332
COM,1997,national,consumption,8.326352119445801,2.290913820266724,7.703924179077148
COM,1998,national,consumption,8.351919174194336,2.290767908096313,7.679851531982422
COM,1999,national,consumption,8.345089912414551,2.290906667709351,7.686602592468262
COM,2000,national,consumption,7.869751930236816,2.29255747795105,8.15675163269043
COM,2001,national,consumption,7.856046199798584,2.292575836181641,8.171047210693359
COM,2002,national,consumption,7.8461594581604,2.292623996734619,8.181514739990234
COM,2003,national,consumption,7.837769985198975,2.29265570640564,8.190385818481445
COM,2004,national,consumption,7.862969928089857,2.42790961265564,8.645775269389
COM,2005,national,consumption,7.976511478424072,2.279453754425049,8.001581192016602
COM,2006,national,consumption,8.125808715820313,2.26497483253479,7.804675102233887
COM,2007,national,consumption,8.37652587890625,2.247817516326904,7.51372241973877
COM,2008,national,consumption,8.441614151000977,2.223918199539185,7.376517295837402
COM,2009,national,consumption,8.550079345703125,2.204502820968628,7.219357490539551
COM,2010,national,consumption,8.62818717956543,2.187028884887695,7.097297191619873
COM,2011,national,consumption,8.687290191650391,2.162752151489258,6.970765590667725
COM,2012,national,consumption,8.794050216674805,2.136009693145752,6.800992965698242
COM,2013,national,consumption,8.831348419189453,2.113275289535522,6.700189590454102
COM,2014,national,consumption,9.046701102987152,2.065674543380737,6.393367776383
COM,2015,national,consumption,9.076601982116699,2.056343793869019,6.343522548675537
COM,2016,national,consumption,9.000553131103516,2.056554079055786,6.397775173187256
COM,2017,national,consumption,8.890415191650391,2.056536197662354,6.476976871490479
COM,2018,national,consumption,8.789586067199707,2.056532859802246,6.551266670227051
COM,2019,national,consumption,8.800571441650391,2.056511640548706,6.543021202087402
COM,2020,national,consumption,8.933979034423828,2.056502819061279,6.445289611816406
COM,2021,national,consumption,8.933709144592285,2.056511640548706,6.445511341094971
COM,2022,national,consumption,8.894344329833984,2.056515455245972,6.474050045013428
COM,2023,national,consumption,8.830337524414063,2.056487083435059,6.52088737487793
COM,2024,national,consumption,8.756123542785645,2.056440353393555,6.57600736618042
COM,2025,national,consumption,8.650191307067871,2.056512832641602,6.656772613525391
CPV,1981,national,consumption,22.09070777893066,2.373114109039307,3.007925271987915
CPV,1982,national,consumption,21.90093231201172,2.374356269836426,3.035577535629272
CPV,1983,national,consumption,20.80338287353516,2.380346059799194,3.203790903091431
CPV,1984,national,consumption,20.48857879638672,2.38221263885498,3.255567789077759
CPV,1985,national,consumption,19.55022811889648,2.386409997940063,3.41783618927002
CPV,1986,national,consumption,19.36576461791992,2.387473344802856,3.451929330825806
CPV,1987,national,consumption,18.99615478515625,2.388664245605469,3.520849227905273
CPV,1988,national,consumption,18.4277229309082,2.390584707260132,3.632373332977295
CPV,1989,national,consumption,17.9222354888916,2.392113447189331,3.737210988998413
CPV,1990,national,consumption,18.09027481079102,2.391672134399414,3.701813459396362
CPV,1991,national,consumption,18.21519088745117,2.391151189804077,3.675626277923584
CPV,1992,national,consumption,17.21711730957031,2.393747091293335,3.892923355102539
CPV,1993,national,consumption,16.49276351928711,2.395713090896606,4.067236423492432
CPV,1994,national,consumption,14.78408813476563,2.399722576141357,4.544901847839355
CPV,1995,national,consumption,13.64913463592529,2.402491092681885,4.928499221801758
CPV,1996,national,consumption,12.8189058303833,2.404706954956055,5.252538204193115
CPV,1997,national,consumption,12.0449800491333,2.406034231185913,5.593114852905273
CPV,1998,national,consumption,11.21034622192383,2.407521963119507,6.01324987411499
CPV,1999,national,consumption,10.51498699188232,2.409053802490234,6.414987087249756
CPV,2000,national,consumption,9.672270774841309,2.410979270935059,6.979479789733887
CPV,2001,national,consumption,9.627009391784668,2.411173105239868,7.012857437133789
CPV,2002,national,consumption,9.362297058105469,2.397789478302002,7.171114921569824
CPV,2003,national,consumption,9.054206848144531,2.338054418563843,7.230398178100586
CPV,2004,national,consumption,8.611613273620605,2.21799635887146,7.211645126342773
CPV,2005,national,consumption,8.239873886108398,2.116065263748169,7.190622806549072
CPV,2006,national,consumption,7.856592178344727,2.05771541595459,7.333463668823242
CPV,2007,national,consumption,7.346052646636963,2.002341270446777,7.632065296173096
CPV,2008,national,consumption,6.747982978820801,1.969716668128967,8.173118591308594
CPV,2009,national,consumption,6.916382789611816,1.946492195129395,7.880098819732666
CPV,2010,national,consumption,6.702554225921631,1.924760580062866,8.04071044921875
CPV,2011,national,consumption,6.258284091949463,1.901918292045593,8.509315490722656
CPV,2012,national,consumption,6.08142614364624,1.872039198875427,8.619211196899414
CPV,2013,national,consumption,5.942366123199463,1.82496976852417,8.599125862121582
CPV,2014,national,consumption,5.79465389251709,1.781401872634888,8.607805252075195
CPV,2015,national,consumption,5.650096344403825,1.760746121406555,8.725672958405999
CPV,2016,national,consumption,5.471351623535156,1.752434015274048,8.968195915222168
CPV,2017,national,consumption,5.304758071899414,1.75238037109375,9.249554634094238
CPV,2018,national,consumption,5.174323558807373,1.752379775047302,9.482714653015137
CPV,2019,national,consumption,4.939139366149902,1.752395987510681,9.93433952331543
CPV,2020,national,consumption,5.785195827484131,1.752379417419434,8.481410980224609
CPV,2021,national,consumption,5.52878999710083,1.752400755882263,8.874856948852539
CPV,2022,national,consumption,4.99862003326416,1.75240421295166,9.81617259979248
CPV,2023,national,consumption,4.831100463867188,1.75240170955658,10.15653610229492
CPV,2024,national,consumption,4.692774772644043,1.75238299369812,10.45580196380615
CPV,2025,national,consumption,4.52143669128418,1.75238311290741,10.85202121734619
CRI,1981,national,income,11.0645168042447,2.572317123413086,6.50953690322
CRI,1982,national,income,11.51422023773193,2.450392961502075,5.958806037902832
CRI,1983,national,income,10.80397510528564,2.339608192443848,6.063419342041016
CRI,1984,national,income,9.628727912902832,2.227671384811401,6.477989673614502
CRI,1985,national,income,9.138179779052734,2.106295108795166,6.453830718994141
CRI,1986,national,income,8.291773521046764,1.996652603149414,6.742378341452
CRI,1987,national,income,7.853354930877686,2.29581356048584,8.185390472412109
CRI,1988,national,income,8.431675910949707,2.66156268119812,8.838545799255371
CRI,1989,national,income,8.207354442990983,3.183627605438232,10.86118223867
CRI,1990,national,income,7.778602485163239,3.112807273864746,11.204918451658
CRI,1991,national,income,8.326769242143644,3.056458950042725,10.277798150029
CRI,1992,national,income,7.489194580052859,2.92048454284668,10.918873001755
CRI,1993,national,income,7.139631208404054,3.225708723068237,12.650491446978
CRI,1994,national,income,6.034307609788106,3.07910943031311,14.287482620821
CRI,1995,national,income,6.225128331417391,3.030651092529297,13.631563286345
CRI,1996,national,income,6.72276959574971,3.101305723190308,12.916783614543
CRI,1997,national,income,5.687101086897528,2.767624139785767,13.626182467374
CRI,1998,national,income,4.950205540602837,2.707081079483032,15.312146494323
CRI,1999,national,income,5.495976147114205,2.927995443344116,14.917072464354
CRI,2000,national,income,5.716550623517833,3.020158529281616,14.792913063143
CRI,2001,national,income,4.342680791880681,3.126672506332397,20.159628181532
CRI,2002,national,income,4.274032583432782,3.127378463745117,20.488050135137
CRI,2003,national,income,4.055457668459134,2.908495664596558,20.081057205465
CRI,2004,national,income,4.019948010479371,2.694984197616577,18.771276165466
CRI,2005,national,income,3.464176625833769,2.413966655731201,19.511437416895
CRI,2006,national,income,3.52673500811974,2.557916641235352,20.308207103931
CRI,2007,national,income,2.954943226940869,2.386142015457153,22.610240391161
CRI,2008,national,income,3.071412497985622,2.497726202011108,22.7700883232
CRI,2009,national,income,3.10476913612585,2.759883880615234,24.889691470407
CRI,2010,national,income,2.64737636050861,2.401941776275635,25.404159576049
CRI,2011,national,income,2.673645170528132,2.50224494934082,26.204993942124
CRI,2012,national,income,2.503306160148688,2.419897556304932,27.067058449393
CRI,2013,national,income,2.481349109068801,2.472312688827515,27.898031651709
CRI,2014,national,income,2.518155729162264,2.45177960395813,27.261946859985
CRI,2015,national,income,2.521638374734276,2.456796646118164,27.280005468349
CRI,2016,national,income,2.397608119602844,2.425289154052734,28.323266246225
CRI,2017,national,income,2.263503640691022,2.32610011100769,28.774330454213
CRI,2018,national,income,2.437465952952779,2.446479320526123,28.103540962942
CRI,2019,national,income,2.30447787561916,2.302724599838257,27.97869648155
CRI,2020,national,income,3.008995327058532,2.608272790908813,24.271103693195
CRI,2021,national,income,2.359468993612909,2.325619459152222,27.598305756989
CRI,2022,national,income,2.30563406821516,2.207603216171265,26.809498525425
CRI,2023,national,income,2.140405481805086,2.184595108032227,28.578073817868
CRI,2024,national,income,1.953855527384396,2.14465856552124,30.73432952841
CRI,2025,national,income,1.842164993286133,2.074995517730713,31.53890991210938
CUB,1981,national,,7.497424602508545,3.405282020568848,12.71741962432861
CUB,1982,national,,7.623676776885986,3.433813333511353,12.61160182952881
CUB,1983,national,,8.401516914367676,3.540835618972778,11.80065441131592
CUB,1984,national,,8.305234909057617,3.517069101333618,11.85733318328857
CUB,1985,national,,7.954611301422119,3.38092303276062,11.90075016021729
CUB,1986,national,,6.745903015136719,3.492966890335083,14.49814414978027
CUB,1987,national,,7.52939510345459,3.528818368911743,13.12282276153564
CUB,1988,national,,7.891745090484619,3.63255500793457,12.88834571838379
CUB,1989,national,,7.81828498840332,3.652914762496948,13.08235931396484
CUB,1990,national,,7.929935932159424,3.388048648834229,11.96294212341309
CUB,1991,national,,7.83985424041748,3.296554565429688,11.77362823486328
CUB,1992,national,,8.037450790405273,3.297601222991943,11.48782539367676
CUB,1993,national,,7.986493587493896,3.50852632522583,12.30060958862305
CUB,1994,national,,7.785102367401123,3.522962331771851,12.67073154449463
CUB,1995,national,,7.519270896911621,3.547326564788818,13.20941162109375
CUB,1996,national,,8.084501266479492,3.779983758926392,13.09166049957275
CUB,1997,national,,7.901110649108887,3.745749473571777,13.27420806884766
CUB,1998,national,,7.830459594726563,3.787169218063354,13.54208374023438
CUB,1999,national,,7.994837284088135,3.750094890594482,13.13380813598633
CUB,2000,national,,7.658184051513672,3.766472578048706,13.77104949951172
CUB,2001,national,,7.299802780151367,3.605034351348877,13.82790279388428
CUB,2002,national,,6.792012691497803,3.297470808029175,13.59378814697266
CUB,2003,national,,6.716479778289795,3.288531541824341,13.70939636230469
CUB,2004,national,,6.349272727966309,3.170278549194336,13.9807825088501
CUB,2005,national,,6.155342102050781,3.246074914932251,14.76605129241943
CUB,2006,national,,5.479649543762207,3.099343776702881,15.83707618713379
CUB,2007,national,,5.034153461456299,2.960683584213257,16.46734428405762
CUB,2008,national,,4.777429580688477,2.896310806274414,16.97496604919434
CUB,2009,national,,4.658419609069824,2.831486463546753,17.01899528503418
CUB,2010,national,,4.398510456085205,2.768479347229004,17.62356185913086
CUB,2011,national,,4.218143939971924,2.763738632202148,18.34567070007324
CUB,2012,national,,4.05217456817627,2.76348352432251,19.09531211853027
CUB,2013,national,,3.859222412109375,2.698874711990356,19.58127403259277
CUB,2014,national,,3.795360088348389,2.647285223007202,19.53015899658203
CUB,2015,national,,3.600244760513306,2.567713260650635,19.96974563598633
CUB,2016,national,,3.654151201248169,2.627557039260864,20.13370323181152
CUB,2017,national,,3.62459921836853,2.624851942062378,20.2769603729248
CUB,2018,national,,3.5965576171875,2.635875940322876,20.5208797454834
CUB,2019,national,,3.604058265686035,2.64488697052002,20.54817962646484
CUB,2020,national,,3.641482353210449,2.520908355712891,19.38370895385742
CUB,2021,national,,3.678749322891235,2.580506086349487,19.64096069335938
CUB,2022,national,,3.390941619873047,2.514363527297974,20.76183700561523
CUB,2023,national,,3.269550323486328,2.499966859817505,21.40938758850098
CUB,2024,national,,3.203426837921143,2.483994007110596,21.71169662475586
CUB,2025,national,,3.174818515777588,2.491985321044922,21.97781944274902
CUW,1981,national,,1.496624946594238,2.132287263870239,39.8924560546875
CUW,1982,national,,1.493242144584656,2.167636394500732,40.64566421508789
CUW,1983,national,,1.463216304779053,2.16046404838562,41.34248352050781
CUW,1984,national,,1.427136659622192,2.160440683364868,42.38720703125
CUW,1985,national,,1.393227577209473,2.151299715042114,43.23514175415039
CUW,1986,national,,1.367812395095825,2.170376777648926,44.42900848388672
CUW,1987,national,,1.327402472496033,2.19279670715332,46.25447845458984
CUW,1988,national,,1.248824954032898,2.121755838394165,47.57205200195313
CUW,1989,national,,1.210408210754395,2.113552093505859,48.89214706420898
CUW,1990,national,,1.197982668876648,2.109210252761841,49.29777908325195
CUW,1991,national,,1.199968338012695,2.127433776855469,49.64142990112305
CUW,1992,national,,1.204667806625366,2.152277946472168,50.02523040771484
CUW,1993,national,,1.258595585823059,2.234933614730835,49.72061157226563
CUW,1994,national,,1.22137176990509,2.207353830337524,50.60367965698242
CUW,1995,national,,1.192130208015442,2.189465522766113,51.42478179931641
CUW,1996,national,,1.189279556274414,2.214619636535645,52.14026641845703
CUW,1997,national,,1.198803067207336,2.280360221862793,53.26152801513672
CUW,1998,national,,1.210111260414124,2.360380887985229,54.61536026000977
CUW,1999,national,,1.155880689620972,2.313583135604858,56.04413223266602
CUW,2000,national,,1.132245898246765,2.305874347686768,57.02337265014648
CUW,2001,national,,1.140905141830444,2.34704327583313,57.60094451904297
CUW,2002,national,,1.129328727722168,2.353925704956055,58.36203002929688
CUW,2003,national,,1.139819979667664,2.411402225494385,59.23677825927734
CUW,2004,national,,1.143701553344727,2.438053131103516,59.68819808959961
CUW,2005,national,,1.135640740394592,2.461805820465088,60.69750595092773
CUW,2006,national,,1.120078682899475,2.466006517410278,61.64583206176758
CUW,2007,national,,1.080879807472229,2.445630550384521,63.3536262512207
CUW,2008,national,,1.110014200210571,2.492559671401978,62.87457656860352
CUW,2009,national,,1.073621869087219,2.406819343566895,62.76971817016602
CUW,2010,national,,1.108794093132019,2.475446701049805,62.51161193847656
CUW,2011,national,,1.120316624641418,2.479135513305664,61.96087265014648
CUW,2012,national,,1.158023834228516,2.556088447570801,61.80397415161133
CUW,2013,national,,1.142036318778992,2.538648843765259,62.24160003662109
CUW,2014,national,,1.162987470626831,2.615633726119995,62.97380447387695
CUW,2015,national,,1.122166514396667,2.596498489379883,64.78713989257813
CUW,2016,national,,1.115796446800232,2.630395412445068,66.00762176513672
CUW,2017,national,,1.122286438941956,2.677948713302612,66.81232452392578
CUW,2018,national,,1.092122197151184,2.666604995727539,68.36683654785156
CUW,2019,national,,1.038674831390381,2.617498636245728,70.56102752685547
CUW,2020,national,,.8649140000343323,2.236176729202271,72.39210510253906
CUW,2021,national,,.8297843337059021,2.172513484954834,73.30866241455078
CUW,2022,national,,1.06429922580719,2.745012044906616,72.21685028076172
CUW,2023,national,,1.006985545158386,2.637865304946899,73.34785461425781
CUW,2024,national,,.9825437068939209,2.606427907943726,74.27657318115234
CUW,2025,national,,.9767363667488098,2.607769250869751,74.75665283203125
CYM,1981,national,,1.496624946594238,2.132287263870239,39.8924560546875
CYM,1982,national,,1.493242144584656,2.167636394500732,40.64566421508789
CYM,1983,national,,1.463216304779053,2.16046404838562,41.34248352050781
CYM,1984,national,,1.427136659622192,2.160440683364868,42.38720703125
CYM,1985,national,,1.393227577209473,2.151299715042114,43.23514175415039
CYM,1986,national,,1.367812395095825,2.170376777648926,44.42900848388672
CYM,1987,national,,1.327402472496033,2.19279670715332,46.25447845458984
CYM,1988,national,,1.248824954032898,2.121755838394165,47.57205200195313
CYM,1989,national,,1.210408210754395,2.113552093505859,48.89214706420898
CYM,1990,national,,1.197982668876648,2.109210252761841,49.29777908325195
CYM,1991,national,,1.199968338012695,2.127433776855469,49.64142990112305
CYM,1992,national,,1.204667806625366,2.152277946472168,50.02523040771484
CYM,1993,national,,1.258595585823059,2.234933614730835,49.72061157226563
CYM,1994,national,,1.22137176990509,2.207353830337524,50.60367965698242
CYM,1995,national,,1.192130208015442,2.189465522766113,51.42478179931641
CYM,1996,national,,1.189279556274414,2.214619636535645,52.14026641845703
CYM,1997,national,,1.198803067207336,2.280360221862793,53.26152801513672
CYM,1998,national,,1.210111260414124,2.360380887985229,54.61536026000977
CYM,1999,national,,1.155880689620972,2.313583135604858,56.04413223266602
CYM,2000,national,,1.132245898246765,2.305874347686768,57.02337265014648
CYM,2001,national,,1.140905141830444,2.34704327583313,57.60094451904297
CYM,2002,national,,1.129328727722168,2.353925704956055,58.36203002929688
CYM,2003,national,,1.139819979667664,2.411402225494385,59.23677825927734
CYM,2004,national,,1.143701553344727,2.438053131103516,59.68819808959961
CYM,2005,national,,1.135640740394592,2.461805820465088,60.69750595092773
CYM,2006,national,,1.120078682899475,2.466006517410278,61.64583206176758
CYM,2007,national,,1.080879807472229,2.445630550384521,63.3536262512207
CYM,2008,national,,1.110014200210571,2.492559671401978,62.87457656860352
CYM,2009,national,,1.073621869087219,2.406819343566895,62.76971817016602
CYM,2010,national,,1.108794093132019,2.475446701049805,62.51161193847656
CYM,2011,national,,1.120316624641418,2.479135513305664,61.96087265014648
CYM,2012,national,,1.158023834228516,2.556088447570801,61.80397415161133
CYM,2013,national,,1.142036318778992,2.538648843765259,62.24160003662109
CYM,2014,national,,1.162987470626831,2.615633726119995,62.97380447387695
CYM,2015,national,,1.122166514396667,2.596498489379883,64.78713989257813
CYM,2016,national,,1.115796446800232,2.630395412445068,66.00762176513672
CYM,2017,national,,1.122286438941956,2.677948713302612,66.81232452392578
CYM,2018,national,,1.092122197151184,2.666604995727539,68.36683654785156
CYM,2019,national,,1.038674831390381,2.617498636245728,70.56102752685547
CYM,2020,national,,.8649140000343323,2.236176729202271,72.39210510253906
CYM,2021,national,,.8297843337059021,2.172513484954834,73.30866241455078
CYM,2022,national,,1.06429922580719,2.745012044906616,72.21685028076172
CYM,2023,national,,1.006985545158386,2.637865304946899,73.34785461425781
CYM,2024,national,,.9825437068939209,2.606427907943726,74.27657318115234
CYM,2025,national,,.9767363667488098,2.607769250869751,74.75665283203125
CYP,1981,national,income,2.26399040222168,1.34614098072052,16.64845657348633
CYP,1982,national,income,2.054827451705933,1.346145749092102,18.34318542480469
CYP,1983,national,income,1.931455254554749,1.346149921417236,19.51492118835449
CYP,1984,national,income,1.872286796569824,1.346147894859314,20.13160705566406
CYP,1985,national,income,1.789381980895996,1.346151232719421,21.06438636779785
CYP,1986,national,income,1.779175639152527,1.346144437789917,21.18511772155762
CYP,1987,national,income,1.705734252929688,1.346143007278442,22.09723091125488
CYP,1988,national,income,1.560014843940735,1.346136927604675,24.16120147705078
CYP,1989,national,income,1.480232834815979,1.346136927604675,25.46344947814941
CYP,1990,national,income,1.387860655784607,1.346139073371887,27.15826988220215
CYP,1991,national,income,1.295759558677673,1.346154451370239,29.08898162841797
CYP,1992,national,income,1.28972589969635,1.346132755279541,29.22459602355957
CYP,1993,national,income,1.385514259338379,1.346168875694275,27.20486450195313
CYP,1994,national,income,1.32401168346405,1.346132040023804,28.46779823303223
CYP,1995,national,income,1.04482102394104,1.325775861740112,35.52926635742188
CYP,1996,national,income,1.023612856864929,1.32577657699585,36.26541519165039
CYP,1997,national,income,1.013019204139709,1.325782179832458,36.64481353759766
CYP,1998,national,income,.9565582871437073,1.325778126716614,38.80765914916992
CYP,1999,national,income,.9285343289375305,1.325797915458679,39.9795036315918
CYP,2000,national,income,.8687771558761597,1.325760245323181,42.72820281982422
CYP,2001,national,income,.8320484161376953,1.325808525085449,44.61595916748047
CYP,2002,national,income,.816473126411438,1.325780987739563,45.46612167358398
CYP,2003,national,income,.7919210195541382,1.32580292224884,46.87649536132813
CYP,2004,national,income,.8015465769776379,1.427954792976379,49.881984445996
CYP,2005,national,income,.7055543663913375,1.342062830924988,53.259906579229
CYP,2006,national,income,.6417764298760682,1.340935230255127,58.503530459703
CYP,2007,national,income,.6461689145742966,1.352690696716309,58.615228203706
CYP,2008,national,income,.6569559047584906,1.364676117897034,58.163618283248
CYP,2009,national,income,.7577553797468615,1.55691659450531,57.529996950883
CYP,2010,national,income,.6770559736697993,1.412944674491882,58.433057179021
CYP,2011,national,income,.6753629428735177,1.402926921844482,58.164213942711
CYP,2012,national,income,.7257921796981758,1.423898339271545,54.931915449807
CYP,2013,national,income,.8228036149568776,1.54929256439209,52.722413782911
CYP,2014,national,income,.8930853667096667,1.567267894744873,49.136960951915
CYP,2015,national,income,.8011440825085777,1.432500004768372,50.065902740111
CYP,2016,national,income,.7731513136361261,1.428669333457947,51.739862194856
CYP,2017,national,income,.7274995679358364,1.372221231460571,52.814042990439
CYP,2018,national,income,.7024463237893958,1.426592469215393,56.864968716631
CYP,2019,national,income,.8195149012572999,1.676124334335327,57.267392395227
CYP,2020,national,income,.6558567334303859,1.376599550247192,58.770130616849
CYP,2021,national,income,.6331354198239521,1.363542199134827,60.301764628637
CYP,2022,national,income,.6363936508830379,1.353232383728027,59.539417447658
CYP,2023,national,income,.608351469039917,1.345694303512573,61.93695831298828
CYP,2024,national,income,.5892662405967712,1.345721125602722,63.94425582885742
CYP,2025,national,income,.5807478427886963,1.345706701278687,64.88149261474609
CZE,1981,national,income,1.389402866363525,1.145563960075378,23.08602523803711
CZE,1982,national,income,1.412007093429565,1.145563960075378,22.71645164489746
CZE,1983,national,income,1.389967560768127,1.145563960075378,23.07664680480957
CZE,1984,national,income,1.35989773273468,1.145563960075378,23.5869140625
CZE,1985,national,income,1.330065727233887,1.145563960075378,24.11594390869141
CZE,1986,national,income,1.29422402381897,1.145564079284668,24.78380393981934
CZE,1987,national,income,1.265205979347229,1.145563840866089,25.35222625732422
CZE,1988,national,income,1.239793419837952,1.145563960075378,25.87188339233398
CZE,1989,national,income,1.218934535980225,1.145563960075378,26.31461334228516
CZE,1990,national,income,1.205952405929565,1.145564079284668,26.59789276123047
CZE,1991,national,income,1.531150937080383,1.145564079284668,20.94881248474121
CZE,1992,national,income,1.542588006725302,1.148994207382202,20.855754885962
CZE,1993,national,income,1.513749894983292,1.221642136573792,22.59685115289
CZE,1994,national,income,1.475065350532532,1.2267986536026,23.28734970092773
CZE,1995,national,income,1.436538100242615,1.237916827201843,24.12861251831055
CZE,1996,national,income,1.371759485575851,1.253291249275208,25.581857125907
CZE,1997,national,income,1.343051552772522,1.249261140823364,26.04465293884277
CZE,1998,national,income,1.345446228981018,1.249030232429504,25.99349212646484
CZE,1999,national,income,1.317335844039917,1.250581026077271,26.58112525939941
CZE,2000,national,income,1.300623893737793,1.250245571136475,26.91544914245605
CZE,2001,national,income,1.272288799285889,1.251883029937744,27.55091857910156
CZE,2002,national,income,1.246778756851089,1.25819993019104,28.256495801109
CZE,2003,national,income,1.205976366996765,1.274095177650452,29.58156204223633
CZE,2004,national,income,1.194996742103595,1.297889828681946,30.410891421468
CZE,2005,national,income,1.146638842537439,1.278698444366455,31.224788848357
CZE,2006,national,income,1.095600303440467,1.28916072845459,32.946776880074
CZE,2007,national,income,1.038501017108856,1.286581635475159,34.688734173995
CZE,2008,national,income,1.008805899228991,1.280532598495483,35.541934483474
CZE,2009,national,income,.9891685901442341,1.273786187171936,36.056555850833
CZE,2010,national,income,1.002482716413118,1.28862738609314,35.99220755634
CZE,2011,national,income,1.011596857350274,1.298959136009216,35.953902435326
CZE,2012,national,income,1.027890728190508,1.297647714614868,35.348246900891
CZE,2013,national,income,1.009168606320252,1.282451152801514,35.582391629901
CZE,2014,national,income,.9755994537068469,1.268727540969849,36.412864746023
CZE,2015,national,income,.9396299384224936,1.272369623184204,37.91529751694
CZE,2016,national,income,.8960885808562599,1.258428812026978,39.322012742099
CZE,2017,national,income,.8538916308492551,1.239477753639221,40.64377262445
CZE,2018,national,income,.8163026519990313,1.240987300872803,42.567108489466
CZE,2019,national,income,.7803658336816669,1.241460084915161,44.544341571653
CZE,2020,national,income,.7837155383264254,1.268014192581177,45.30265702215
CZE,2021,national,income,.7468122021170103,1.274463415145874,47.783066450991
CZE,2022,national,income,.7961878585786553,1.272655129432678,44.75620002479
CZE,2023,national,income,.8343607783317566,1.268335223197937,42.5635871887207
CZE,2024,national,income,.8319985866546631,1.268326044082642,42.68412017822266
CZE,2025,national,income,.8059241771697998,1.268334865570068,44.06540679931641
DEU,1981,national,income,.8084874153137207,1.323010802268982,45.81926727294922
DEU,1982,national,income,.8159258365631104,1.323009848594666,45.40152359008789
DEU,1983,national,income,.8024996519088745,1.323010802268982,46.1611442565918
DEU,1984,national,income,.7844153642654419,1.323009967803955,47.22533416748047
DEU,1985,national,income,.7684321999549866,1.323009967803955,48.20760726928711
DEU,1986,national,income,.7404797077178955,1.323010683059692,50.02743530273438
DEU,1987,national,income,.7161068320274353,1.323010802268982,51.73013305664063
DEU,1988,national,income,.7002999782562256,1.323009014129639,52.89768981933594
DEU,1989,national,income,.6849337220191956,1.323010325431824,54.08448791503906
DEU,1990,national,income,.662888765335083,1.323009610176086,55.88308715820313
DEU,1991,national,income,.6414409815955495,1.329825878143311,58.049184554316
DEU,1992,national,income,.6422655871122958,1.351226687431335,58.90763483137
DEU,1993,national,income,.6237079473595181,1.317178964614868,59.131859703624
DEU,1994,national,income,.7179257851958359,1.482519745826721,57.820117692097
DEU,1995,national,income,.6761316786760052,1.411590337753296,58.456849790358
DEU,1996,national,income,.6264071877158482,1.322126269340515,59.098195562493
DEU,1997,national,income,.644159804682503,1.338670134544373,58.188611167875
DEU,1998,national,income,.617119541806437,1.324745416641235,60.106458406979
DEU,1999,national,income,.6122566595197725,1.3526771068573,61.861246640239
DEU,2000,national,income,.5989318850865093,1.344945907592773,62.876071454735
DEU,2001,national,income,.608853010172367,1.36728823184967,62.879005198909
DEU,2002,national,income,.5961966539583785,1.362535357475281,63.990613874111
DEU,2003,national,income,.6136768883283833,1.39199960231781,63.512231330198
DEU,2004,national,income,.5992938561846854,1.371127963066101,64.061367103224
DEU,2005,national,income,.614205159215952,1.407932162284851,64.18393145881601
DEU,2006,national,income,.594930703964052,1.376202583312988,64.770016766092
DEU,2007,national,income,.5881490990075566,1.374724864959717,65.446494738921
DEU,2008,national,income,.5958262070787242,1.383855819702148,65.032321532423
DEU,2009,national,income,.5873901092772,1.37446129322052,65.51849826468001
DEU,2010,national,income,.5891676618326357,1.383983969688416,65.773384841614
DEU,2011,national,income,.5802627080704322,1.371603846549988,66.18537986163599
DEU,2012,national,income,.5894334127398502,1.391075968742371,66.080622277327
DEU,2013,national,income,.5839161664174516,1.390218377113342,66.663878158385
DEU,2014,national,income,.5954353471373884,1.415694355964661,66.57220319472501
DEU,2015,national,income,.5754474799504262,1.421128630638123,69.148971601447
DEU,2016,national,income,.5689593997771976,1.433141231536865,70.52868012854201
DEU,2017,national,income,.612149652962106,1.546805262565613,70.751566431116
DEU,2018,national,income,.5555727218335216,1.454300999641418,73.294506217522
DEU,2019,national,income,.5795197998086582,1.541915416717529,74.49897508218
DEU,2020,national,income,.5816840596601439,1.654367446899414,79.63479113465
DEU,2021,national,income,.5617972612380981,1.574168801307678,78.45664215087891
DEU,2022,national,income,.5445294380187988,1.574167966842651,80.94457244873047
DEU,2023,national,income,.5451087355613708,1.574168682098389,80.85858917236328
DEU,2024,national,income,.5471230149269104,1.57416820526123,80.56087493896484
DEU,2025,national,income,.5449317693710327,1.574168682098389,80.88484954833984
DJI,1981,national,consumption,5.525757312774658,1.687942624092102,8.553107261657715
DJI,1982,national,consumption,5.586639404296875,1.688001275062561,8.460190773010254
DJI,1983,national,consumption,5.691096782684326,1.687945008277893,8.304631233215332
DJI,1984,national,consumption,5.716966152191162,1.687997221946716,8.267308235168457
DJI,1985,national,consumption,5.805099964141846,1.687946915626526,8.141550064086914
DJI,1986,national,consumption,6.005154609680176,1.687944769859314,7.870314121246338
DJI,1987,national,consumption,6.119226932525635,1.687981963157654,7.723769187927246
DJI,1988,national,consumption,6.148090362548828,1.687938928604126,7.687312126159668
DJI,1989,national,consumption,6.519683361053467,1.687904000282288,7.249019622802734
DJI,1990,national,consumption,6.768771648406982,1.687932252883911,6.982375144958496
DJI,1991,national,consumption,7.119813442230225,1.687896728515625,6.637969970703125
DJI,1992,national,consumption,7.159191131591797,1.687973737716675,6.601760387420654
DJI,1993,national,consumption,7.542641639709473,1.687856674194336,6.265707492828369
DJI,1994,national,consumption,7.648428916931152,1.687915205955505,6.179259300231934
DJI,1995,national,consumption,7.909301280975342,1.687945008277893,5.975554466247559
DJI,1996,national,consumption,8.238960266113281,1.687936305999756,5.736429691314697
DJI,1997,national,consumption,8.462811470031738,1.687817573547363,5.584301471710205
DJI,1998,national,consumption,8.631044387817383,1.687984347343445,5.475995540618896
DJI,1999,national,consumption,8.628097534179688,1.687980055809021,5.477851867675781
DJI,2000,national,consumption,8.735214233398438,1.687965273857117,5.410631656646729
DJI,2001,national,consumption,8.756539344787598,1.687915086746216,5.397294521331787
DJI,2002,national,consumption,8.717136762607916,1.694570183753967,5.443067672316
DJI,2003,national,consumption,8.890579223632813,1.748471975326538,5.50663948059082
DJI,2004,national,consumption,9.124695777893066,1.810258746147156,5.554951667785645
DJI,2005,national,consumption,9.328278541564941,1.873829483985901,5.624534606933594
DJI,2006,national,consumption,9.408313751220703,1.937233686447144,5.765384197235107
DJI,2007,national,consumption,9.473910331726074,2.005612850189209,5.927558422088623
DJI,2008,national,consumption,9.482290267944336,2.072143077850342,6.118775367736816
DJI,2009,national,consumption,9.76237678527832,2.136222124099731,6.12701416015625
DJI,2010,national,consumption,9.884701728820801,2.205572843551636,6.24763822555542
DJI,2011,national,consumption,9.804243087768555,2.281983613967896,6.517131805419922
DJI,2012,national,consumption,9.927981592861576,2.371967315673828,6.689686315459
DJI,2013,national,consumption,9.645169726852457,2.057933568954468,5.974196564283
DJI,2014,national,consumption,9.25813102722168,2.002288818359375,6.055659294128418
DJI,2015,national,consumption,8.896613121032715,1.949820518493652,6.13660192489624
DJI,2016,national,consumption,8.560514450073242,1.904713988304138,6.229998588562012
DJI,2017,national,consumption,8.301349842526415,1.85828959941864,6.267909254429
DJI,2018,national,consumption,8.082577705383301,1.855176687240601,6.426779747009277
DJI,2019,national,consumption,7.866686344146729,1.855087518692017,6.602837562561035
DJI,2020,national,consumption,7.877071857452393,1.855031609535217,6.59393310546875
DJI,2021,national,consumption,7.714077472686768,1.855104565620422,6.733524322509766
DJI,2022,national,consumption,7.592450618743896,1.855032801628113,6.841126918792725
DJI,2023,national,consumption,7.325563430786133,1.855109333992004,7.090657711029053
DJI,2024,national,consumption,7.070770740509033,1.85516083240509,7.346370697021484
DJI,2025,national,consumption,6.888626575469971,1.855080604553223,7.540292263031006
DMA,1981,national,,7.497424602508545,3.405282020568848,12.71741962432861
DMA,1982,national,,7.623676776885986,3.433813333511353,12.61160182952881
DMA,1983,national,,8.401516914367676,3.540835618972778,11.80065441131592
DMA,1984,national,,8.305234909057617,3.517069101333618,11.85733318328857
DMA,1985,national,,7.954611301422119,3.38092303276062,11.90075016021729
DMA,1986,national,,6.745903015136719,3.492966890335083,14.49814414978027
DMA,1987,national,,7.52939510345459,3.528818368911743,13.12282276153564
DMA,1988,national,,7.891745090484619,3.63255500793457,12.88834571838379
DMA,1989,national,,7.81828498840332,3.652914762496948,13.08235931396484
DMA,1990,national,,7.929935932159424,3.388048648834229,11.96294212341309
DMA,1991,national,,7.83985424041748,3.296554565429688,11.77362823486328
DMA,1992,national,,8.037450790405273,3.297601222991943,11.48782539367676
DMA,1993,national,,7.986493587493896,3.50852632522583,12.30060958862305
DMA,1994,national,,7.785102367401123,3.522962331771851,12.67073154449463
DMA,1995,national,,7.519270896911621,3.547326564788818,13.20941162109375
DMA,1996,national,,8.084501266479492,3.779983758926392,13.09166049957275
DMA,1997,national,,7.901110649108887,3.745749473571777,13.27420806884766
DMA,1998,national,,7.830459594726563,3.787169218063354,13.54208374023438
DMA,1999,national,,7.994837284088135,3.750094890594482,13.13380813598633
DMA,2000,national,,7.658184051513672,3.766472578048706,13.77104949951172
DMA,2001,national,,7.299802780151367,3.605034351348877,13.82790279388428
DMA,2002,national,,6.792012691497803,3.297470808029175,13.59378814697266
DMA,2003,national,,6.716479778289795,3.288531541824341,13.70939636230469
DMA,2004,national,,6.349272727966309,3.170278549194336,13.9807825088501
DMA,2005,national,,6.155342102050781,3.246074914932251,14.76605129241943
DMA,2006,national,,5.479649543762207,3.099343776702881,15.83707618713379
DMA,2007,national,,5.034153461456299,2.960683584213257,16.46734428405762
DMA,2008,national,,4.777429580688477,2.896310806274414,16.97496604919434
DMA,2009,national,,4.658419609069824,2.831486463546753,17.01899528503418
DMA,2010,national,,4.398510456085205,2.768479347229004,17.62356185913086
DMA,2011,national,,4.218143939971924,2.763738632202148,18.34567070007324
DMA,2012,national,,4.05217456817627,2.76348352432251,19.09531211853027
DMA,2013,national,,3.859222412109375,2.698874711990356,19.58127403259277
DMA,2014,national,,3.795360088348389,2.647285223007202,19.53015899658203
DMA,2015,national,,3.600244760513306,2.567713260650635,19.96974563598633
DMA,2016,national,,3.654151201248169,2.627557039260864,20.13370323181152
DMA,2017,national,,3.62459921836853,2.624851942062378,20.2769603729248
DMA,2018,national,,3.5965576171875,2.635875940322876,20.5208797454834
DMA,2019,national,,3.604058265686035,2.64488697052002,20.54817962646484
DMA,2020,national,,3.641482353210449,2.520908355712891,19.38370895385742
DMA,2021,national,,3.678749322891235,2.580506086349487,19.64096069335938
DMA,2022,national,,3.390941619873047,2.514363527297974,20.76183700561523
DMA,2023,national,,3.269550323486328,2.499966859817505,21.40938758850098
DMA,2024,national,,3.203426837921143,2.483994007110596,21.71169662475586
DMA,2025,national,,3.174818515777588,2.491985321044922,21.97781944274902
DNK,1981,national,income,1.18762743473053,1.977194786071777,46.61516952514648
DNK,1982,national,income,1.176119923591614,1.987067699432373,47.30631256103516
DNK,1983,national,income,1.161031007766724,2.000466823577881,48.2442512512207
DNK,1984,national,income,1.134788513183594,2.025079488754272,49.96722030639648
DNK,1985,national,income,1.103505730628967,2.056818246841431,52.18904495239258
DNK,1986,national,income,1.049453616142273,2.092729806900024,55.83518600463867
DNK,1987,national,income,1.164096317385194,2.276938199996948,54.767179366587
DNK,1988,national,income,1.085066914558411,2.063912153244019,53.25896453857422
DNK,1989,national,income,1.085833668708801,2.051919221878052,52.9120979309082
DNK,1990,national,income,1.082605004310608,2.039686918258667,52.7535285949707
DNK,1991,national,income,1.075075268745422,2.037067413330078,53.05478286743164
DNK,1992,national,income,1.15160242642822,2.214182138442993,53.835507861008
DNK,1993,national,income,.9604306817054749,1.805090427398682,52.62486267089844
DNK,1994,national,income,.7226958870887756,1.426604866981506,55.27212524414063
DNK,1995,national,income,.6112567382453351,1.218047618865967,55.79543154228
DNK,1996,national,income,.5940897464752197,1.206581354141235,56.8672981262207
DNK,1997,national,income,.578947901725769,1.208131194114685,58.4295654296875
DNK,1998,national,income,.567097544670105,1.206418991088867,59.56600189208984
DNK,1999,national,income,.5692370533943176,1.209131598472595,59.47554397583008
DNK,2000,national,income,.5723028603803888,1.217999339103699,59.590795380236
DNK,2001,national,income,.6000706553459167,1.258886694908142,58.74113082885742
DNK,2002,national,income,.6478302478790283,1.35315990447998,58.48519515991211
DNK,2003,national,income,.7734983089016089,1.608139038085938,58.213305764599
DNK,2004,national,income,.7796525590096841,1.649335145950317,59.233289396063
DNK,2005,national,income,.7095232489685245,1.518260598182678,59.915296369355
DNK,2006,national,income,.5971937329468303,1.318145632743835,61.802521855903
DNK,2007,national,income,.5913710781467305,1.329276442527771,62.938044920301
DNK,2008,national,income,.6410552861094712,1.425840973854065,62.277851564322
DNK,2009,national,income,.7127883351821725,1.608568906784058,63.1883640379
DNK,2010,national,income,.5575941049856299,1.320730328559875,66.321449995143
DNK,2011,national,income,.5689644515099889,1.326175332069397,65.264022041171
DNK,2012,national,income,.57817104640927,1.339603781700134,64.87510286302501
DNK,2013,national,income,.8127483222337091,1.928992986679077,66.455754095202
DNK,2014,national,income,.6196297993454549,1.480764389038086,66.913184764036
DNK,2015,national,income,.6661682190960696,1.607381224632263,67.560525314065
DNK,2016,national,income,.6895959449074189,1.691905856132507,68.69727897928701
DNK,2017,national,income,.5876192008356668,1.476608276367188,70.360247997862
DNK,2018,national,income,.6604094739246783,1.675639867782593,71.043675302355
DNK,2019,national,income,.7228847331461004,1.83405327796936,71.039666911548
DNK,2020,national,income,.6128388587414026,1.599024891853333,73.05786292012399
DNK,2021,national,income,.6292337607948044,1.683364748954773,74.907319906322
DNK,2022,national,income,.6854349636263791,1.759223580360413,71.864236985658
DNK,2023,national,income,.6347488164901733,1.58168613910675,69.771240234375
DNK,2024,national,income,.6246560215950012,1.581687331199646,70.89861297607422
DNK,2025,national,income,.6179909110069275,1.581688165664673,71.66329956054688
DOM,1981,national,income,3.7001793384552,2.228595972061157,16.86423301696777
DOM,1982,national,income,3.724183320999146,2.228447914123535,16.75442314147949
DOM,1983,national,income,3.642525434494019,2.228544235229492,17.13076210021973
DOM,1984,national,income,3.680503606796265,2.228569507598877,16.95418739318848
DOM,1985,national,income,3.845322370529175,2.228734493255615,16.22869491577148
DOM,1986,national,income,3.802636680930601,2.238837003707886,16.485254500792
DOM,1987,national,income,4.449666500091553,2.380972862243652,14.98252582550049
DOM,1988,national,income,5.378669738769531,2.36380672454834,12.30538272857666
DOM,1989,national,income,6.17740548362232,2.159887313842773,9.7900076372
DOM,1990,national,income,6.120852470397949,2.21059513092041,10.11242580413818
DOM,1991,national,income,5.695872783660889,2.229676485061646,10.96073341369629
DOM,1992,national,income,4.801635872347179,2.275803327560425,13.270997239411
DOM,1993,national,income,4.633001327514648,2.247080564498901,13.58045291900635
DOM,1994,national,income,4.679632663726807,2.304353713989258,13.78781318664551
DOM,1995,national,income,4.620238304138184,2.352895975112915,14.25924015045166
DOM,1996,national,income,4.603228165098248,2.429366588592529,14.777078593911
DOM,1997,national,income,4.674451994897054,2.701845645904541,16.184074535233
DOM,1998,national,income,4.4725661277771,2.665073871612549,16.68439674377441
DOM,1999,national,income,4.35630989074707,2.6661536693573,17.1365909576416
DOM,2000,national,income,4.304492054273347,2.676790952682495,17.412077232813
DOM,2001,national,income,3.876500602315827,2.315465688705444,16.724630891506
DOM,2002,national,income,4.433055168915253,2.570970773696899,16.23872897967
DOM,2003,national,income,4.9863585461004,2.578595399856567,14.479639439568
DOM,2004,national,income,5.587589533020193,2.461253643035889,12.333601115696
DOM,2005,national,income,4.566108097342493,2.322000980377197,14.238828206695
DOM,2006,national,income,4.158581606995674,2.410788297653198,16.231994773278
DOM,2007,national,income,4.228214947573557,2.243428468704224,14.856386305141
DOM,2008,national,income,4.132443715945093,2.115770578384399,14.335724081909
DOM,2009,national,income,3.865677152797252,2.138830184936523,15.492045205795
DOM,2010,national,income,3.780451531625437,2.062005043029785,15.272286936608
DOM,2011,national,income,3.671332253309449,2.077987670898438,15.848103529098
DOM,2012,national,income,3.682239838555423,1.992733359336853,15.152878822816
DOM,2013,national,income,3.530975693491046,2.018507719039917,16.006401132289
DOM,2014,national,income,3.269489572472271,1.937651634216309,16.594102867151
DOM,2015,national,income,3.041927320999567,1.979169130325317,18.217639871795
DOM,2016,national,income,2.948107080333661,2.054870128631592,19.516376191282
DOM,2017,national,income,2.775053884506845,1.830182909965515,18.46635236934
DOM,2018,national,income,2.47770641079138,1.793683528900146,20.270011398923
DOM,2019,national,income,2.417996632472071,1.775965452194214,20.565385736387
DOM,2020,national,income,2.701812963650372,1.750698208808899,18.143205929445
DOM,2021,national,income,2.598232950918164,1.627267718315125,17.536339757991
DOM,2022,national,income,2.456576369168705,1.57464063167572,17.94771684271
DOM,2023,national,income,2.37112119523421,1.71575939655304,20.260989570861
DOM,2024,national,income,2.208469152450562,1.666560530662537,21.12943077087402
DOM,2025,national,income,2.151838779449463,1.666552424430847,21.68539237976074
DZA,1981,national,consumption,4.620162963867188,1.517821431159973,9.198593139648438
DZA,1982,national,consumption,4.66619873046875,1.517852306365967,9.108027458190918
DZA,1983,national,consumption,4.575053215026855,1.517859220504761,9.289522171020508
DZA,1984,national,consumption,4.521817684173584,1.517890214920044,9.399080276489258
DZA,1985,national,consumption,4.436823844909668,1.51790714263916,9.579239845275879
DZA,1986,national,consumption,4.567590713500977,1.517871737480164,9.304776191711426
DZA,1987,national,consumption,4.856956958770752,1.517896771430969,8.750563621520996
DZA,1988,national,consumption,5.27660963324695,1.521624565124512,8.074405880886999
DZA,1989,national,consumption,5.144455432891846,1.514014840126038,8.240408897399902
DZA,1990,national,consumption,5.234612941741943,1.507991790771484,8.066264152526855
DZA,1991,national,consumption,5.218703269958496,1.503129124641418,8.064764976501465
DZA,1992,national,consumption,5.199743747711182,1.498587727546692,8.069716453552246
DZA,1993,national,consumption,5.184780120849609,1.494228959083557,8.069466590881348
DZA,1994,national,consumption,5.28126859664917,1.490607738494873,7.902839183807373
DZA,1995,national,consumption,5.150247836606956,1.482128262519836,8.057785607235999
DZA,1996,national,consumption,5.041548728942871,1.465233206748962,8.137683868408203
DZA,1997,national,consumption,5.015653133392334,1.451536536216736,8.103236198425293
DZA,1998,national,consumption,4.875448226928711,1.437874674797058,8.257802963256836
DZA,1999,national,consumption,4.781559944152832,1.42421543598175,8.339962959289551
DZA,2000,national,consumption,4.674170970916748,1.410602331161499,8.45002555847168
DZA,2001,national,consumption,4.587677478790283,1.396928906440735,8.525884628295898
DZA,2002,national,consumption,4.442534923553467,1.383252859115601,8.718238830566406
DZA,2003,national,consumption,4.27557373046875,1.369663238525391,8.969690322875977
DZA,2004,national,consumption,4.160702228546143,1.356063485145569,9.125809669494629
DZA,2005,national,consumption,4.029616355895996,1.342409610748291,9.327803611755371
DZA,2006,national,consumption,3.95839524269104,1.328797459602356,9.399346351623535
DZA,2007,national,consumption,3.886420488357544,1.315184354782104,9.475341796875
DZA,2008,national,consumption,3.753337621688843,1.301553130149841,9.709621429443359
DZA,2009,national,consumption,3.611988544464111,1.287855982780457,9.98341178894043
DZA,2010,national,consumption,3.501047611236572,1.274211406707764,10.19064140319824
DZA,2011,national,consumption,3.397190570831299,1.260452270507813,10.38877964019775
DZA,2012,national,consumption,3.281102657318115,1.258628129959106,10.74077606201172
DZA,2013,national,consumption,3.192201375961304,1.258615970611572,11.039794921875
DZA,2014,national,consumption,3.120664596557617,1.258641958236694,11.29309940338135
DZA,2015,national,consumption,3.082221746444702,1.25861668586731,11.43372249603271
DZA,2016,national,consumption,3.069068431854248,1.258642196655273,11.4829568862915
DZA,2017,national,consumption,3.063900709152222,1.258635282516479,11.50226211547852
DZA,2018,national,consumption,3.050394773483276,1.258653044700623,11.55335235595703
DZA,2019,national,consumption,3.070624589920044,1.25864052772522,11.47712230682373
DZA,2020,national,consumption,3.219632387161255,1.258650541305542,10.94603729248047
DZA,2021,national,consumption,3.172240495681763,1.258652329444885,11.10958194732666
DZA,2022,national,consumption,3.129194974899292,1.258629441261292,11.2622013092041
DZA,2023,national,consumption,3.074267148971558,1.258612275123596,11.46326637268066
DZA,2024,national,consumption,3.0235595703125,1.258643984794617,11.6558084487915
DZA,2025,national,consumption,2.985769271850586,1.258634805679321,11.80324745178223
ECU,1981,national,income,9.083599090576172,3.111083745956421,9.589849472045898
ECU,1982,national,income,9.241999626159668,3.101810216903687,9.397391319274902
ECU,1983,national,income,9.47761344909668,3.088078022003174,9.123202323913574
ECU,1984,national,income,9.479643821716309,3.087948322296143,9.120864868164063
ECU,1985,national,income,9.376311302185059,3.093870401382446,9.239067077636719
ECU,1986,national,income,9.303565979003906,3.098055362701416,9.32390308380127
ECU,1987,national,income,9.51764965057373,3.085762500762939,9.07801342010498
ECU,1988,national,income,9.247915267944336,3.101460933685303,9.390322685241699
ECU,1989,national,income,9.3486328125,3.095361232757568,9.270886421203613
ECU,1990,national,income,9.240556716918945,3.101926565170288,9.399210929870605
ECU,1991,national,income,9.080864906311035,3.111210107803345,9.59312629699707
ECU,1992,national,income,9.081989288330078,3.111160755157471,9.59178638458252
ECU,1993,national,income,9.08794116973877,3.110832452774048,9.584492683410645
ECU,1994,national,income,8.957225561690993,3.141901731491089,9.821484085651001
ECU,1995,national,income,9.04166316986084,3.190207242965698,9.879355430603027
ECU,1996,national,income,9.209994316101074,3.299952983856201,10.03243637084961
ECU,1997,national,income,9.141979217529297,3.414483308792114,10.45785903930664
ECU,1998,national,income,9.165000915527344,3.489043235778809,10.65937805175781
ECU,1999,national,income,9.992506100388699,3.59087347984314,10.061985907039
ECU,2000,national,income,11.18270202116448,3.093889951705933,7.746689370906
ECU,2001,national,income,9.283918380737305,3.013160467147827,9.087594985961914
ECU,2002,national,income,7.670478343963623,2.985077142715454,10.89660358428955
ECU,2003,national,income,7.197348360832853,2.961447715759277,11.520984412894
ECU,2004,national,income,7.786848644940314,3.147650241851807,11.318341207256
ECU,2005,national,income,6.166884776967186,2.957698822021484,13.429076729947
ECU,2006,national,income,5.025895699543725,2.652764081954956,14.778936849265
ECU,2007,national,income,5.211917610709858,2.899207353591919,15.575420231612
ECU,2008,national,income,4.983104331997883,2.649377107620239,14.886816162028
ECU,2009,national,income,4.786524806147626,2.452169418334961,14.344591860157
ECU,2010,national,income,4.241571036716356,2.404966831207275,15.875974515311
ECU,2011,national,income,4.032314853418201,2.361672163009644,16.399220528414
ECU,2012,national,income,3.678080118962528,2.295098543167114,17.471820978968
ECU,2013,national,income,3.402534421807403,2.197183847427368,18.080977540762
ECU,2014,national,income,3.187799184801204,2.081690788269043,18.284509553984
ECU,2015,national,income,3.402953285998466,2.237874031066895,18.413557209223
ECU,2016,national,income,3.407899159943419,2.194908857345581,18.033821387365
ECU,2017,national,income,3.247997352126899,2.151677131652832,18.548956365189
ECU,2018,national,income,3.267258149719678,2.159415006637573,18.505920064494
ECU,2019,national,income,3.311779205411591,2.149943590164185,18.177063439416
ECU,2020,national,income,4.002037696588553,2.310346126556396,16.164188249145
ECU,2021,national,income,3.45084456782694,2.138720750808716,17.353485438048
ECU,2022,national,income,3.276800390689575,2.102705717086792,17.967453583126
ECU,2023,national,income,3.255653388426675,2.050218820571899,17.632751770894
ECU,2024,national,income,3.224946737289429,2.031932830810547,17.64187812805176
ECU,2025,national,income,3.192552328109741,2.031975269317627,17.82126045227051
EGY,1981,national,consumption,6.022282600402832,1.335970044136047,6.211459159851074
EGY,1982,national,consumption,5.842074871063232,1.336004614830017,6.403226375579834
EGY,1983,national,consumption,5.671334743499756,1.335953712463379,6.595749378204346
EGY,1984,national,consumption,5.497039794921875,1.335985422134399,6.805042743682861
EGY,1985,national,consumption,5.412270069122314,1.335947751998901,6.911432266235352
EGY,1986,national,consumption,5.360236167907715,1.335994601249695,6.978768825531006
EGY,1987,national,consumption,5.29396390914917,1.335984230041504,7.06607723236084
EGY,1988,national,consumption,5.208922863006592,1.335974097251892,7.181384086608887
EGY,1989,national,consumption,5.124132633209229,1.335940003395081,7.300029754638672
EGY,1990,national,consumption,5.107459545135498,1.335938334465027,7.323851108551025
EGY,1991,national,consumption,5.13153600692749,1.331761717796326,7.266699314117432
EGY,1992,national,consumption,5.146313190460205,1.324300527572632,7.205238342285156
EGY,1993,national,consumption,5.164578437805176,1.317062020301819,7.140512466430664
EGY,1994,national,consumption,5.148004055023193,1.308152437210083,7.115042686462402
EGY,1995,national,consumption,5.112046241760254,1.298055171966553,7.109784126281738
EGY,1996,national,consumption,5.021391868591309,1.290881872177124,7.198142051696777
EGY,1997,national,consumption,4.806148052215576,1.294666528701782,7.542560577392578
EGY,1998,national,consumption,4.592801570892334,1.298256158828735,7.914814472198486
EGY,1999,national,consumption,4.370782852172852,1.302497267723083,8.344025611877441
EGY,2000,national,consumption,4.284691333770752,1.308247327804565,8.549256324768066
EGY,2001,national,consumption,4.427979946136475,1.319432735443115,8.343334197998047
EGY,2002,national,consumption,4.575013637542725,1.327504396438599,8.124592781066895
EGY,2003,national,consumption,4.693413734436035,1.332533121109009,7.949635028839111
EGY,2004,national,consumption,4.786552906036377,1.334178447723389,7.804572105407715
EGY,2005,national,consumption,4.797268390655518,1.332330584526062,7.77635383605957
EGY,2006,national,consumption,4.774734497070313,1.327734470367432,7.7861008644104
EGY,2007,national,consumption,4.752156257629395,1.324513077735901,7.804113388061523
EGY,2008,national,consumption,4.7311110496521,1.320080637931824,7.812595367431641
EGY,2009,national,consumption,4.395778179168701,1.312807559967041,8.362253189086914
EGY,2010,national,consumption,4.279037952423096,1.306126475334167,8.546673774719238
EGY,2011,national,consumption,4.140571594238281,1.29219925403595,8.73830509185791
EGY,2012,national,consumption,4.040805816650391,1.270498037338257,8.803675651550293
EGY,2013,national,consumption,4.021293163299561,1.280153393745422,8.913623809814453
EGY,2014,national,consumption,3.9844970703125,1.310377597808838,9.208332061767578
EGY,2015,national,consumption,3.887157988254296,1.334064722061157,9.609542811454
EGY,2016,national,consumption,4.120504856109619,1.349885582923889,9.172855377197266
EGY,2017,national,consumption,4.335165500640869,1.347913980484009,8.705917358398438
EGY,2018,national,consumption,4.410682678222656,1.331887722015381,8.455121040344238
EGY,2019,national,consumption,4.229477882385254,1.347822666168213,8.922859191894531
EGY,2020,national,consumption,4.12495231628418,1.331456899642944,9.037872314453125
EGY,2021,national,consumption,4.019918918609619,1.305091977119446,9.090375900268555
EGY,2022,national,consumption,3.917520046234131,1.269079923629761,9.070594787597656
EGY,2023,national,consumption,3.85869026184082,1.269093990325928,9.208988189697266
EGY,2024,national,consumption,3.840959310531616,1.269089937210083,9.251469612121582
EGY,2025,national,consumption,3.784069299697876,1.269094705581665,9.390592575073242
ERI,1981,national,,15.43258476257324,2.45219349861145,4.449119567871094
ERI,1982,national,,15.74400043487549,2.447144508361816,4.352137088775635
ERI,1983,national,,16.25867462158203,2.446205854415894,4.212751865386963
ERI,1984,national,,16.51710891723633,2.455188035964966,4.162064075469971
ERI,1985,national,,16.44014358520508,2.434727907180786,4.146702289581299
ERI,1986,national,,16.46571731567383,2.427574157714844,4.128097057342529
ERI,1987,national,,16.50854110717773,2.423843860626221,4.111061573028564
ERI,1988,national,,16.46963882446289,2.418776273727417,4.112156867980957
ERI,1989,national,,16.66919898986816,2.438497066497803,4.096052646636963
ERI,1990,national,,16.9778003692627,2.464593410491943,4.064638137817383
ERI,1991,national,,17.51147651672363,2.488823652267456,3.9795081615448
ERI,1992,national,,17.97947120666504,2.4891357421875,3.876409769058228
ERI,1993,national,,18.09845161437988,2.41818642616272,3.741160869598389
ERI,1994,national,,18.43523788452148,2.432491540908813,3.694542169570923
ERI,1995,national,,18.22603416442871,2.446292877197266,3.758151769638062
ERI,1996,national,,17.88777160644531,2.449318408966064,3.83395528793335
ERI,1997,national,,17.72582626342773,2.429167032241821,3.837151288986206
ERI,1998,national,,17.56970405578613,2.395186185836792,3.817094087600708
ERI,1999,national,,17.46051406860352,2.350069284439087,3.768614292144775
ERI,2000,national,,17.55870246887207,2.355127334594727,3.755605936050415
ERI,2001,national,,17.24037742614746,2.326563596725464,3.778558969497681
ERI,2002,national,,16.79763984680176,2.305255889892578,3.842633008956909
ERI,2003,national,,16.32662391662598,2.267175912857056,3.888184547424316
ERI,2004,national,,15.62082767486572,2.277836084365845,4.082972526550293
ERI,2005,national,,15.12381172180176,2.284529209136963,4.229543209075928
ERI,2006,national,,14.45291900634766,2.270381212234497,4.398466110229492
ERI,2007,national,,13.88720703125,2.217665195465088,4.471354484558105
ERI,2008,national,,13.30900287628174,2.16930079460144,4.563859939575195
ERI,2009,national,,13.22936248779297,2.162804841995239,4.577585220336914
ERI,2010,national,,12.67500114440918,2.135701894760132,4.717920780181885
ERI,2011,national,,12.36280918121338,2.106926679611206,4.771888732910156
ERI,2012,national,,12.075927734375,2.086330652236938,4.837496280670166
ERI,2013,national,,11.9029655456543,2.083664655685425,4.901518821716309
ERI,2014,national,,11.7793083190918,2.088650465011597,4.964825630187988
ERI,2015,national,,11.83561134338379,2.094096660614014,4.954092025756836
ERI,2016,national,,11.84766101837158,2.09719181060791,4.956368446350098
ERI,2017,national,,11.82818984985352,2.096800088882446,4.963599681854248
ERI,2018,national,,11.78697872161865,2.094947099685669,4.976552486419678
ERI,2019,national,,11.82617664337158,2.093998432159424,4.95781135559082
ERI,2020,national,,12.24271297454834,2.082663059234619,4.763206005096436
ERI,2021,national,,12.14383125305176,2.07221531867981,4.777901649475098
ERI,2022,national,,11.97817707061768,2.059195995330811,4.813544273376465
ERI,2023,national,,11.86344909667969,2.04393458366394,4.824074745178223
ERI,2024,national,,11.87724781036377,2.05730938911438,4.850000858306885
ERI,2025,national,,11.75783824920654,2.060487031936646,4.906823635101318
ESP,1981,national,income,1.882284164428711,1.547631025314331,23.02185249328613
ESP,1982,national,income,1.882165551185608,1.536478638648987,22.85739517211914
ESP,1983,national,income,1.852584004402161,1.508460164070129,22.79890441894531
ESP,1984,national,income,1.853221297264099,1.497531890869141,22.62594985961914
ESP,1985,national,income,1.81692047922215,1.49985671043396,23.113828602856
ESP,1986,national,income,1.735991716384888,1.481045365333557,23.88794326782227
ESP,1987,national,income,1.619737505912781,1.476653218269348,25.52653694152832
ESP,1988,national,income,1.612249374389648,1.55166494846344,26.94782829284668
ESP,1989,national,income,1.519293427467346,1.553954124450684,28.6387825012207
ESP,1990,national,income,1.593613602772317,1.699390530586243,29.858514127832
ESP,1991,national,income,1.608472108840942,1.812764048576355,31.55627822875977
ESP,1992,national,income,1.679546236991882,1.987825632095337,33.13937759399414
ESP,1993,national,income,1.853238108599889,2.212897539138794,33.433983000744
ESP,1994,national,income,1.772402303984022,2.092583417892456,33.05814869271
ESP,1995,national,income,1.786151934777018,2.110848188400269,33.089991032634
ESP,1996,national,income,2.053415419532363,2.439364433288574,33.262729944877
ESP,1997,national,income,1.807757752217721,2.240332841873169,34.700069914704
ESP,1998,national,income,1.627328777645586,2.161687135696411,37.194231274661
ESP,1999,national,income,1.3935151947,1.971285581588745,39.609180868347
ESP,2000,national,income,1.394048608584422,2.074603080749512,41.669195944002
ESP,2001,national,income,1.35021710395813,2.040702342987061,42.31887435913086
ESP,2002,national,income,1.384742140769958,2.117383718490601,42.81428527832031
ESP,2003,national,income,1.473271927610764,2.264167070388794,43.03121479599
ESP,2004,national,income,1.503836702702143,2.341271162033081,43.592225933819
ESP,2005,national,income,1.479455965120824,2.362480163574219,44.712005951677
ESP,2006,national,income,1.531950938234083,2.468865394592285,45.124313074373
ESP,2007,national,income,1.075487637654806,2.066253185272217,53.794288454247
ESP,2008,national,income,1.124376292358692,2.196578502655029,54.700726252648
ESP,2009,national,income,1.293937052875091,2.524828433990479,54.635728469869
ESP,2010,national,income,1.310897083806931,2.418877124786377,51.665808515891
ESP,2011,national,income,1.697749458602839,3.015533924102783,49.733458849545
ESP,2012,national,income,1.485413957088562,2.513653039932251,47.382272053136
ESP,2013,national,income,1.598709215973706,2.631372928619385,46.08620708644
ESP,2014,national,income,1.41731980564217,2.344750881195068,46.321956092696
ESP,2015,national,income,1.530876945025684,2.605507373809814,47.655171996127
ESP,2016,national,income,1.538986358839208,2.714980840682983,49.395800797868
ESP,2017,national,income,1.404593310331308,2.504721879959106,49.93061769085
ESP,2018,national,income,1.396363473198369,2.504027843475342,50.210980349791
ESP,2019,national,income,1.328250191156906,2.488915920257568,52.467260390822
ESP,2020,national,income,1.312365894353837,2.466140031814575,52.616362604784
ESP,2021,national,income,1.180625479975224,2.279359579086304,54.057843088013
ESP,2022,national,income,1.256562109392756,2.425456285476685,54.046491339274
ESP,2023,national,income,1.189050436019897,2.311181306838989,54.42416381835938
ESP,2024,national,income,1.169248223304749,2.311218500137329,55.34677505493164
ESP,2025,national,income,1.151126503944397,2.311154365539551,56.21651840209961
EST,1981,national,income,2.665885448455811,1.59024965763092,16.7025146484375
EST,1982,national,income,2.590712785720825,1.590266585350037,17.18734169006348
EST,1983,national,income,2.522031545639038,1.590301156044006,17.6557788848877
EST,1984,national,income,2.476763248443604,1.590288043022156,17.97832870483398
EST,1985,national,income,2.49456262588501,1.590245842933655,17.84957504272461
EST,1986,national,income,2.446497201919556,1.590263247489929,18.20045852661133
EST,1987,national,income,2.441874742507935,1.590175867080688,18.23390960693359
EST,1988,national,income,2.336390733718872,1.590242505073547,19.05793762207031
EST,1989,national,income,2.197262287139893,1.590203523635864,20.2641716003418
EST,1990,national,income,2.392460823059082,1.590235590934753,18.6112117767334
EST,1991,national,income,2.587465286254883,1.590234994888306,17.20857048034668
EST,1992,national,income,3.222983837127686,1.590239405632019,13.81536674499512
EST,1993,national,income,3.334268273393493,1.587878942489624,13.334443286765
EST,1994,national,income,3.302939176559448,1.5802903175354,13.39659214019775
EST,1995,national,consumption,3.428771064394394,1.342432260513306,10.962558513391
EST,1996,national,consumption,3.341581344604492,1.396937370300293,11.70530986785889
EST,1997,national,consumption,3.021512031555176,1.452269077301025,13.4580078125
EST,1998,national,consumption,3.003755244478744,1.512940526008606,14.103125043378
EST,1999,national,consumption,3.224927186965942,1.522386789321899,13.21792030334473
EST,2000,national,consumption,3.321134938240383,1.535605192184448,12.946461722601
EST,2001,national,consumption,3.416632557049502,1.533798933029175,12.569795154633
EST,2002,national,consumption,3.354241396968925,1.53881561756134,12.845479253892
EST,2003,national,consumption,3.264770999441092,1.518102288246155,13.019861030737
EST,2004,national,consumption,2.840595371847611,1.518851757049561,14.971455770468
EST,2005,national,income,2.140454430376659,1.618606805801392,21.17353642095
EST,2006,national,income,1.98624589023628,1.74897027015686,24.6551389444
EST,2007,national,income,1.637354837555063,1.622361540794373,27.743602883282
EST,2008,national,income,1.59131679772187,1.630959510803223,28.69753350827
EST,2009,national,income,1.640065842047573,1.582627415657043,27.019383704303
EST,2010,national,income,1.869402082704374,1.695732355117798,25.398765500163
EST,2011,national,income,1.955715181460517,1.838815093040466,26.326340469668
EST,2012,national,income,1.781047020620663,1.770967245101929,27.841534993345
EST,2013,national,income,1.921513456363938,2.080975532531738,30.323656249015
EST,2014,national,income,1.730772699242828,2.02508282661438,32.761273877449
EST,2015,national,income,1.48253696640982,1.854732155799866,35.029480985056
EST,2016,national,income,1.3450158455381,1.789527297019958,37.253661051153
EST,2017,national,income,1.145240576581136,1.611042976379395,39.388408029618
EST,2018,national,income,1.124747423438919,1.67687714099884,41.744980745092
EST,2019,national,income,1.200961221795562,1.885268926620483,43.954399912247
EST,2020,national,income,1.023655769546029,1.678877472877502,45.92224253147
EST,2021,national,income,.9493189228423665,1.763614416122437,52.017505583999
EST,2022,national,income,1.182189884545624,1.866835117340088,44.215724114808
EST,2023,national,income,1.153457880020142,1.774446606636047,43.07439804077148
EST,2024,national,income,1.158853650093079,1.773681282997131,42.8553466796875
EST,2025,national,income,1.133503079414368,1.777427911758423,43.90634918212891
ETH,1981,national,consumption,14.01010799407959,1.694384217262268,3.38632345199585
ETH,1982,national,consumption,13.91792869567871,1.694467902183533,3.408919811248779
ETH,1983,national,consumption,13.91646671295166,1.694495558738708,3.409333467483521
ETH,1984,national,consumption,14.8751277923584,1.714552879333496,3.227365970611572
ETH,1985,national,consumption,15.37783622741699,1.714457035064697,3.121687412261963
ETH,1986,national,consumption,14.54015827178955,1.694537281990051,3.263172388076782
ETH,1987,national,consumption,14.2131290435791,1.694478034973145,3.338137865066528
ETH,1988,national,consumption,14.59156322479248,1.69438624382019,3.251386642456055
ETH,1989,national,consumption,14.86766624450684,1.714458703994751,3.228808164596558
ETH,1990,national,consumption,15.49944496154785,1.714505791664124,3.097282648086548
ETH,1991,national,consumption,16.88174057006836,1.714559555053711,2.843762874603271
ETH,1992,national,consumption,17.21020317077637,1.714618325233459,2.789584398269653
ETH,1993,national,consumption,16.69216537475586,1.714395761489868,2.875785112380981
ETH,1994,national,consumption,16.57107543945313,1.71455979347229,2.897076606750488
ETH,1995,national,consumption,15.94437885284424,1.714397311210632,3.010661363601685
ETH,1996,national,consumption,14.89830684661865,1.656111717224121,3.112509965896606
ETH,1997,national,consumption,14.43169498443604,1.529139399528503,2.966796636581421
ETH,1998,national,consumption,13.88181209564209,1.452861428260803,2.930461883544922
ETH,1999,national,consumption,12.85561752319336,1.359344244003296,2.960700988769531
ETH,2000,national,consumption,11.81804275512695,1.312610268592834,3.109913110733032
ETH,2001,national,consumption,11.38801193237305,1.312400460243225,3.22683310508728
ETH,2002,national,consumption,12.12423133850098,1.31116795539856,3.028043746948242
ETH,2003,national,consumption,11.61171245574951,1.326526165008545,3.198729991912842
ETH,2004,national,consumption,9.786883354187012,1.329712986946106,3.804271697998047
ETH,2005,national,consumption,9.132968902587891,1.337072372436523,4.099217414855957
ETH,2006,national,consumption,9.145425796508789,1.356402039527893,4.152814388275146
ETH,2007,national,consumption,9.154459953308105,1.37573516368866,4.207849025726318
ETH,2008,national,consumption,9.175278663635254,1.378329873085022,4.206219673156738
ETH,2009,national,consumption,9.178922653198242,1.394268035888672,4.25316858291626
ETH,2010,national,consumption,9.155797004699707,1.408670902252197,4.307957649230957
ETH,2011,national,consumption,9.112734794616699,1.416619062423706,4.352736473083496
ETH,2012,national,consumption,9.025643348693848,1.42622971534729,4.424552440643311
ETH,2013,national,consumption,8.912777900695801,1.437834739685059,4.517039775848389
ETH,2014,national,consumption,8.798303604125977,1.451351642608643,4.618827342987061
ETH,2015,national,consumption,8.687762260437012,1.464932322502136,4.721365928649902
ETH,2016,national,consumption,8.628970146179199,1.469532608985901,4.76846170425415
ETH,2017,national,consumption,8.673750877380371,1.45744514465332,4.704823017120361
ETH,2018,national,consumption,8.739404678344727,1.440580606460571,4.6154465675354
ETH,2019,national,consumption,8.812131881713867,1.419491291046143,4.510344982147217
ETH,2020,national,consumption,8.953734397888184,1.389148354530334,4.344126224517822
ETH,2021,national,consumption,9.123179708323908,1.356499195098877,4.163238815798
ETH,2022,national,consumption,8.907530784606934,1.354143261909485,4.256624221801758
ETH,2023,national,consumption,8.576136589050293,1.354169964790344,4.421193599700928
ETH,2024,national,consumption,8.319656372070313,1.354239106178284,4.557723522186279
ETH,2025,national,consumption,8.103631019592285,1.354303479194641,4.679445266723633
FIN,1981,national,income,1.02038037776947,1.179833769798279,32.37551879882813
FIN,1982,national,income,.9759767651557922,1.179833769798279,33.84849548339844
FIN,1983,national,income,.9522159099578857,1.179833650588989,34.69312286376953
FIN,1984,national,income,.9267513751983643,1.179833650588989,35.64639282226563
FIN,1985,national,income,.8941563367843628,1.179833769798279,36.94582748413086
FIN,1986,national,income,.861521303653717,1.179833650588989,38.34535598754883
FIN,1987,national,income,.8271000844281308,1.18375551700592,40.073933669449
FIN,1988,national,income,.7728323340415955,1.18328845500946,42.87097549438477
FIN,1989,national,income,.7305479049682617,1.186781406402588,45.48624420166016
FIN,1990,national,income,.7252010107040405,1.189379572868347,45.92192840576172
FIN,1991,national,income,.7429976452436232,1.196503639221191,45.09045551202
FIN,1992,national,income,.7886423468589783,1.192211389541626,42.32833862304688
FIN,1993,national,income,.8262854218482971,1.191294312477112,40.3689079284668
FIN,1994,national,income,.8200606107711792,1.189016938209534,40.59757614135742
FIN,1995,national,income,.7970251995738731,1.193053960800171,41.912742543064
FIN,1996,national,income,.7800600528717041,1.2054363489151,43.26874160766602
FIN,1997,national,income,.7667105793952942,1.217494249343872,44.46245956420898
FIN,1998,national,income,.7453715205192566,1.232034206390381,46.28156280517578
FIN,1999,national,income,.7328274846076965,1.248408079147339,47.69939422607422
FIN,2000,national,income,.7315181612710083,1.270404934883118,48.626733583613
FIN,2001,national,income,.7208060026168823,1.267377018928528,49.23176956176758
FIN,2002,national,income,.7134889960289001,1.269112467765808,49.80475997924805
FIN,2003,national,income,.7373229590939642,1.357680439949036,51.558211853023
FIN,2004,national,income,.6886986969681635,1.329357385635376,54.046866837606
FIN,2005,national,income,.6740674975419126,1.345192551612854,55.877772040029
FIN,2006,national,income,.6998966410397315,1.418438911437988,56.745934167183
FIN,2007,national,income,.6387628688991398,1.342498421669006,58.848057768164
FIN,2008,national,income,.6291116178096253,1.337275385856628,59.518388471664
FIN,2009,national,income,.6262599749640898,1.357340216636658,60.686499222108
FIN,2010,national,income,.6166003757544314,1.356553792953491,61.601498556999
FIN,2011,national,income,.6175793152092154,1.36646294593811,61.953114314889
FIN,2012,national,income,.6239423355963235,1.383849740028381,62.101562146157
FIN,2013,national,income,.6415237905345778,1.417261242866516,61.857898580739
FIN,2014,national,income,.6167863864717278,1.355561971664429,61.537894520136
FIN,2015,national,income,.6317094703369099,1.401058554649353,62.100762696142
FIN,2016,national,income,.5974090292999903,1.340034365653992,62.806150858566
FIN,2017,national,income,.6216079310569201,1.423426985740662,64.117517175608
FIN,2018,national,income,.5957490010654256,1.385671019554138,65.12606717481
FIN,2019,national,income,.5834436783200232,1.380841970443726,66.26788143234999
FIN,2020,national,income,.5595425661814206,1.323720574378967,66.240136418951
FIN,2021,national,income,.5461616927890441,1.318640232086182,67.60255654879499
FIN,2022,national,income,.6063098624892056,1.425819158554077,65.845766703339
FIN,2023,national,income,.5608782172203064,1.312039256095886,65.49924468994141
FIN,2024,national,income,.5645219087600708,1.311980128288269,65.07354736328125
FIN,2025,national,income,.559440553188324,1.312043905258179,65.66780090332031
FJI,1981,national,consumption,4.419901847839355,1.566848039627075,9.925954818725586
FJI,1982,national,consumption,4.689207077026367,1.566849827766418,9.35590934753418
FJI,1983,national,consumption,4.90352725982666,1.566829800605774,8.946872711181641
FJI,1984,national,consumption,4.712183475494385,1.566857576370239,9.310336112976074
FJI,1985,national,consumption,4.949857711791992,1.566851615905762,8.863253593444824
FJI,1986,national,consumption,4.76685905456543,1.566858172416687,9.203550338745117
FJI,1987,national,consumption,5.050065517425537,1.566846132278442,8.687351226806641
FJI,1988,national,consumption,5.054646015167236,1.566836714744568,8.679426193237305
FJI,1989,national,consumption,4.838979244232178,1.566868782043457,9.066442489624023
FJI,1990,national,consumption,4.680258750915527,1.566851854324341,9.373808860778809
FJI,1991,national,consumption,4.797476291656494,1.566854357719421,9.144791603088379
FJI,1992,national,consumption,4.624897003173828,1.566847443580627,9.485990524291992
FJI,1993,national,consumption,4.577430248260498,1.566848039627075,9.58436107635498
FJI,1994,national,consumption,4.437166213989258,1.566858768463135,9.887401580810547
FJI,1995,national,consumption,4.376192092895508,1.566853523254395,10.02513122558594
FJI,1996,national,consumption,4.252853393554688,1.566848039627075,10.31583786010742
FJI,1997,national,consumption,4.350507259368896,1.566856861114502,10.0843391418457
FJI,1998,national,consumption,4.348883628845215,1.566854596138,10.08808994293213
FJI,1999,national,consumption,4.130642414093018,1.566861987113953,10.62114143371582
FJI,2000,national,consumption,4.212026596069336,1.566851377487183,10.41585063934326
FJI,2001,national,consumption,4.183925151824951,1.566822648048401,10.48561668395996
FJI,2002,national,consumption,4.121031761169434,1.566847205162048,10.6458101272583
FJI,2003,national,consumption,4.1265869140625,1.56881046295166,10.64480018615723
FJI,2004,national,consumption,3.93692684173584,1.571803450584412,11.17889595031738
FJI,2005,national,consumption,3.900948524475098,1.573777675628662,11.29616928100586
FJI,2006,national,consumption,3.834579467773438,1.576690196990967,11.5129508972168
FJI,2007,national,consumption,3.839214324951172,1.629128336906433,11.88149166107178
FJI,2008,national,consumption,3.786795377731323,1.626732230186462,12.028244972229
FJI,2009,national,consumption,3.821584939956665,1.649255990982056,12.08377361297607
FJI,2010,national,consumption,3.768845319747925,1.597522139549255,11.86852073669434
FJI,2011,national,consumption,3.720969200134277,1.53063178062439,11.51788330078125
FJI,2012,national,consumption,3.704937696456909,1.508513212203979,11.40056133270264
FJI,2013,national,consumption,3.60435676574707,1.48789381980896,11.55851936340332
FJI,2014,national,consumption,3.649171590805054,1.491291403770447,11.44264030456543
FJI,2015,national,consumption,3.762762784957886,1.491890907287598,11.10166835784912
FJI,2016,national,consumption,3.92070484161377,1.482613325119019,10.58819103240967
FJI,2017,national,consumption,3.988785743713379,1.462705850601196,10.26772689819336
FJI,2018,national,consumption,4.085324287414551,1.406689763069153,9.641171455383301
FJI,2019,national,consumption,4.301755905151367,1.350220799446106,8.788546562194824
FJI,2020,national,consumption,4.91938591003418,1.342731356620789,7.642514705657959
FJI,2021,national,consumption,5.100249767303467,1.34273898601532,7.371539115905762
FJI,2022,national,consumption,4.489282608032227,1.342737555503845,8.374756813049316
FJI,2023,national,consumption,4.280304908752441,1.342728734016418,8.783580780029297
FJI,2024,national,consumption,4.210267066955566,1.342720031738281,8.929637908935547
FJI,2025,national,consumption,4.151402950286865,1.342759609222412,9.056521415710449
FRA,1981,national,income,.9965505003929138,1.541666030883789,43.31606674194336
FRA,1982,national,income,1.041420102119446,1.658966660499573,44.60358047485352
FRA,1983,national,income,1.04159677028656,1.66475248336792,44.75154876708984
FRA,1984,national,income,1.16481424334065,1.870019435882568,44.951841991801
FRA,1985,national,income,1.100866317749023,1.772640109062195,45.08623886108398
FRA,1986,national,income,.9949032664299011,1.620839238166809,45.61598968505859
FRA,1987,national,income,.9711649417877197,1.601365327835083,46.16952896118164
FRA,1988,national,income,.8713542819023132,1.454727292060852,46.74604415893555
FRA,1989,national,income,.8498327732086182,1.435697317123413,47.30286407470703
FRA,1990,national,income,.840887760414919,1.435623288154602,47.80358961768
FRA,1991,national,income,.8361964821815491,1.428180336952209,47.82255172729492
FRA,1992,national,income,.8324273824691772,1.43319571018219,48.20778274536133
FRA,1993,national,income,.8413981199264526,1.438992023468018,47.88669586181641
FRA,1994,national,income,.8296237587928772,1.447298288345337,48.84666442871094
FRA,1995,national,income,.8164490461349487,1.453683018684387,49.85384368896484
FRA,1996,national,income,.8059713158469387,1.469931244850159,51.066425459992
FRA,1997,national,income,.7935277518437907,1.456714630126953,51.400859809914
FRA,1998,national,income,.7549087227754444,1.421382904052734,52.719911817895
FRA,1999,national,income,.7474626817077328,1.446271181106567,54.177409527533
FRA,2000,national,income,.7318187336961987,1.450371980667114,55.492450264395
FRA,2001,national,income,.7075146057645134,1.4389967918396,56.948518540111
FRA,2002,national,income,.6692510093545047,1.395083665847778,58.367250061358
FRA,2003,national,income,.7488143537788713,1.449079513549805,54.184625845277
FRA,2004,national,income,.7125494921900951,1.401363015174866,55.067282329408
FRA,2005,national,income,.7203594570933122,1.399395227432251,54.393769888953
FRA,2006,national,income,.7147082482059649,1.369671821594238,53.6593955422
FRA,2007,national,income,.6090530536869847,1.417787194252014,65.17994225105301
FRA,2008,national,income,.6103049350110954,1.433197855949402,65.75325965053
FRA,2009,national,income,.6246394039146028,1.47939920425415,66.31534572527001
FRA,2010,national,income,.6489726551059266,1.543662071228027,66.60147693463399
FRA,2011,national,income,.6039307643990685,1.444021344184875,66.94905938524001
FRA,2012,national,income,.616321421993946,1.460856676101685,66.367947117803
FRA,2013,national,income,.6352308517744424,1.49107551574707,65.72431830865899
FRA,2014,national,income,.5973850401021621,1.418150186538696,66.470038917989
FRA,2015,national,income,.6326541223444767,1.521255016326904,67.327687772296
FRA,2016,national,income,.6283162921624929,1.51622200012207,67.568222311684
FRA,2017,national,income,.5815482363944727,1.395401954650879,67.18488957888199
FRA,2018,national,income,.5844285197788905,1.425487041473389,68.295156890374
FRA,2019,national,income,.6248197170795388,1.437209486961365,64.405562314953
FRA,2020,national,income,.6253199332291386,1.469282388687134,65.79017128305399
FRA,2021,national,income,.6344945764014178,1.494931578636169,65.970750372024
FRA,2022,national,income,.6285662471989955,1.483446359634399,66.081335399358
FRA,2023,national,income,.59669029712677,1.409942626953125,66.16228485107422
FRA,2024,national,income,.5918734669685364,1.409863710403442,66.69699859619141
FRA,2025,national,income,.5932679176330566,1.409861445426941,66.54012298583984
FRO,1981,national,,1.496624946594238,2.132287263870239,39.8924560546875
FRO,1982,national,,1.493242144584656,2.167636394500732,40.64566421508789
FRO,1983,national,,1.463216304779053,2.16046404838562,41.34248352050781
FRO,1984,national,,1.427136659622192,2.160440683364868,42.38720703125
FRO,1985,national,,1.393227577209473,2.151299715042114,43.23514175415039
FRO,1986,national,,1.367812395095825,2.170376777648926,44.42900848388672
FRO,1987,national,,1.327402472496033,2.19279670715332,46.25447845458984
FRO,1988,national,,1.248824954032898,2.121755838394165,47.57205200195313
FRO,1989,national,,1.210408210754395,2.113552093505859,48.89214706420898
FRO,1990,national,,1.197982668876648,2.109210252761841,49.29777908325195
FRO,1991,national,,1.199968338012695,2.127433776855469,49.64142990112305
FRO,1992,national,,1.204667806625366,2.152277946472168,50.02523040771484
FRO,1993,national,,1.258595585823059,2.234933614730835,49.72061157226563
FRO,1994,national,,1.22137176990509,2.207353830337524,50.60367965698242
FRO,1995,national,,1.192130208015442,2.189465522766113,51.42478179931641
FRO,1996,national,,1.189279556274414,2.214619636535645,52.14026641845703
FRO,1997,national,,1.198803067207336,2.280360221862793,53.26152801513672
FRO,1998,national,,1.210111260414124,2.360380887985229,54.61536026000977
FRO,1999,national,,1.155880689620972,2.313583135604858,56.04413223266602
FRO,2000,national,,1.132245898246765,2.305874347686768,57.02337265014648
FRO,2001,national,,1.140905141830444,2.34704327583313,57.60094451904297
FRO,2002,national,,1.129328727722168,2.353925704956055,58.36203002929688
FRO,2003,national,,1.139819979667664,2.411402225494385,59.23677825927734
FRO,2004,national,,1.143701553344727,2.438053131103516,59.68819808959961
FRO,2005,national,,1.135640740394592,2.461805820465088,60.69750595092773
FRO,2006,national,,1.120078682899475,2.466006517410278,61.64583206176758
FRO,2007,national,,1.080879807472229,2.445630550384521,63.3536262512207
FRO,2008,national,,1.110014200210571,2.492559671401978,62.87457656860352
FRO,2009,national,,1.073621869087219,2.406819343566895,62.76971817016602
FRO,2010,national,,1.108794093132019,2.475446701049805,62.51161193847656
FRO,2011,national,,1.120316624641418,2.479135513305664,61.96087265014648
FRO,2012,national,,1.158023834228516,2.556088447570801,61.80397415161133
FRO,2013,national,,1.142036318778992,2.538648843765259,62.24160003662109
FRO,2014,national,,1.162987470626831,2.615633726119995,62.97380447387695
FRO,2015,national,,1.122166514396667,2.596498489379883,64.78713989257813
FRO,2016,national,,1.115796446800232,2.630395412445068,66.00762176513672
FRO,2017,national,,1.122286438941956,2.677948713302612,66.81232452392578
FRO,2018,national,,1.092122197151184,2.666604995727539,68.36683654785156
FRO,2019,national,,1.038674831390381,2.617498636245728,70.56102752685547
FRO,2020,national,,.8649140000343323,2.236176729202271,72.39210510253906
FRO,2021,national,,.8297843337059021,2.172513484954834,73.30866241455078
FRO,2022,national,,1.06429922580719,2.745012044906616,72.21685028076172
FRO,2023,national,,1.006985545158386,2.637865304946899,73.34785461425781
FRO,2024,national,,.9825437068939209,2.606427907943726,74.27657318115234
FRO,2025,national,,.9767363667488098,2.607769250869751,74.75665283203125
FSM,1981,national,consumption,6.668166160583496,1.766209363937378,7.416411399841309
FSM,1982,national,consumption,6.881230354309082,1.766196966171265,7.186725616455078
FSM,1983,national,consumption,7.000794410705566,1.766200542449951,7.064000606536865
FSM,1984,national,consumption,7.098503112792969,1.766199827194214,6.966763973236084
FSM,1985,national,consumption,6.591249465942383,1.76618492603302,7.502853393554688
FSM,1986,national,consumption,6.442853927612305,1.766196966171265,7.675715446472168
FSM,1987,national,consumption,6.494056224822998,1.76620090007782,7.615213394165039
FSM,1988,national,consumption,6.470879554748535,1.766175866127014,7.642380714416504
FSM,1989,national,consumption,6.399187564849854,1.766196608543396,7.728091239929199
FSM,1990,national,consumption,6.279072761535645,1.766203761100769,7.875956535339355
FSM,1991,national,consumption,6.084617614746094,1.766196966171265,8.127629280090332
FSM,1992,national,consumption,5.961229801177979,1.76620090007782,8.295876502990723
FSM,1993,national,consumption,5.810208797454834,1.766194462776184,8.511474609375
FSM,1994,national,consumption,5.823999881744385,1.766199469566345,8.49134349822998
FSM,1995,national,consumption,5.687986373901367,1.766192674636841,8.694358825683594
FSM,1996,national,consumption,5.863458156585693,1.766188740730286,8.434149742126465
FSM,1997,national,consumption,6.042862415313721,1.766208410263062,8.183842658996582
FSM,1998,national,consumption,5.951459884643555,1.766204833984375,8.309513092041016
FSM,1999,national,consumption,5.871068954467773,1.766191363334656,8.423229217529297
FSM,2000,national,consumption,5.718324661254883,1.766199469566345,8.64826488494873
FSM,2001,national,consumption,5.658108711242676,1.766201972961426,8.740315437316895
FSM,2002,national,consumption,5.627160549163818,1.766194343566895,8.788347244262695
FSM,2003,national,consumption,5.604293346405029,1.766206502914429,8.824267387390137
FSM,2004,national,consumption,5.662795066833496,1.766204953193665,8.733097076416016
FSM,2005,national,consumption,5.594358317748139,1.76205575466156,8.819163363788
FSM,2006,national,consumption,5.91802978515625,1.813007950782776,8.577892303466797
FSM,2007,national,consumption,7.659680843353271,1.804955124855042,6.598021984100342
FSM,2008,national,consumption,6.748642444610596,1.884693026542664,7.819558620452881
FSM,2009,national,consumption,7.03969669342041,1.915258765220642,7.617834568023682
FSM,2010,national,consumption,7.264167785644531,1.928909301757813,7.435051441192627
FSM,2011,national,consumption,7.541296005249023,1.937534332275391,7.193850994110107
FSM,2012,national,consumption,8.037009239196777,1.967453360557556,6.854377269744873
FSM,2013,national,consumption,8.656655907022737,1.896192789077759,6.133245717064
FSM,2014,national,consumption,8.684698104858398,1.964066505432129,6.332271099090576
FSM,2015,national,consumption,8.494532585144043,1.964630246162415,6.475888729095459
FSM,2016,national,consumption,8.48091983795166,1.964607954025269,6.486209392547607
FSM,2017,national,consumption,8.46684455871582,1.964626789093018,6.497054576873779
FSM,2018,national,consumption,8.429241180419922,1.964631199836731,6.526052951812744
FSM,2019,national,consumption,8.305698394775391,1.964611768722534,6.623058795928955
FSM,2020,national,consumption,8.386533737182617,1.964624285697937,6.559262752532959
FSM,2021,national,consumption,8.311227798461914,1.964614748954773,6.61866283416748
FSM,2022,national,consumption,8.359951972961426,1.964622855186462,6.580114364624023
FSM,2023,national,consumption,8.308337211608887,1.964619278907776,6.620980739593506
FSM,2024,national,consumption,8.240623474121094,1.964614033699036,6.675367832183838
FSM,2025,national,consumption,8.191383361816406,1.964616417884827,6.715503215789795
GAB,1981,national,consumption,3.762249708175659,1.744518995285034,12.98333072662354
GAB,1982,national,consumption,4.135868549346924,1.744642496109009,11.81130123138428
GAB,1983,national,consumption,3.642205476760864,1.744570016860962,13.41164302825928
GAB,1984,national,consumption,3.944313764572144,1.744521498680115,12.38405609130859
GAB,1985,national,consumption,4.187927722930908,1.744665145874023,11.66462898254395
GAB,1986,national,consumption,3.655245065689087,1.744530320167542,13.36349487304688
GAB,1987,national,consumption,4.193213939666748,1.744672060012817,11.64997005462646
GAB,1988,national,consumption,4.662436008453369,1.744675278663635,10.4775505065918
GAB,1989,national,consumption,3.813471555709839,1.744534611701965,12.80905532836914
GAB,1990,national,consumption,3.970959424972534,1.744538903236389,12.30107975006104
GAB,1991,national,consumption,4.101711750030518,1.744637727737427,11.90962696075439
GAB,1992,national,consumption,4.248786926269531,1.744676113128662,11.49761867523193
GAB,1993,national,consumption,4.352859020233154,1.744668841362,11.22267627716064
GAB,1994,national,consumption,4.786036014556885,1.744658708572388,10.20686912536621
GAB,1995,national,consumption,4.816593647003174,1.744656324386597,10.14210033416748
GAB,1996,national,consumption,5.248208999633789,1.744650483131409,9.307977676391602
GAB,1997,national,consumption,5.368408679962158,1.744625568389893,9.099440574645996
GAB,1998,national,consumption,4.767929553985596,1.74467670917511,10.24573612213135
GAB,1999,national,consumption,4.666558265686035,1.744648456573486,10.4681339263916
GAB,2000,national,consumption,4.608279228210449,1.74463152885437,10.600417137146
GAB,2001,national,consumption,4.703347206115723,1.744649171829224,10.38625812530518
GAB,2002,national,consumption,4.721534252166748,1.744638562202454,10.34618759155273
GAB,2003,national,consumption,4.802834510803223,1.744662165641785,10.1711893081665
GAB,2004,national,consumption,4.803830146789551,1.74465012550354,10.16901111602783
GAB,2005,national,consumption,4.761470043317618,1.74327552318573,10.251396184349
GAB,2006,national,consumption,4.45449686050415,1.740625739097595,10.94119548797607
GAB,2007,national,consumption,4.405479431152344,1.736436486244202,11.03630638122559
GAB,2008,national,consumption,4.391628265380859,1.732887506484985,11.04848766326904
GAB,2009,national,consumption,4.250725746154785,1.728896379470825,11.38843154907227
GAB,2010,national,consumption,3.957188367843628,1.70860743522644,12.0896463394165
GAB,2011,national,consumption,3.712770700454712,1.70461893081665,12.85544776916504
GAB,2012,national,consumption,3.548895597457886,1.702497959136963,13.43233203887939
GAB,2013,national,consumption,3.298609018325806,1.700733542442322,14.43655204772949
GAB,2014,national,consumption,3.429109573364258,1.710934519767761,13.97043895721436
GAB,2015,national,consumption,3.334114074707031,1.699430108070374,14.27187061309814
GAB,2016,national,consumption,3.274651527404785,1.683408498764038,14.3940315246582
GAB,2017,national,consumption,3.27404177259487,1.68630063533783,14.421446807256
GAB,2018,national,consumption,3.318402528762817,1.671612858772278,14.10472679138184
GAB,2019,national,consumption,3.354146003723145,1.671653270721436,13.95475673675537
GAB,2020,national,consumption,3.45852518081665,1.671588063240051,13.53307056427002
GAB,2021,national,consumption,3.549932241439819,1.671589970588684,13.18462371826172
GAB,2022,national,consumption,3.614049434661865,1.671597957611084,12.95077514648438
GAB,2023,national,consumption,3.616499662399292,1.671574115753174,12.94181632995605
GAB,2024,national,consumption,3.592856168746948,1.671627163887024,13.0273962020874
GAB,2025,national,consumption,3.594812154769897,1.671579122543335,13.01993370056152
GBR,1981,national,income,1.275747981738005,1.327381372451782,29.133245019742
GBR,1982,national,income,1.168343502767993,1.336184501647949,32.022402086464
GBR,1983,national,income,1.211580073437199,1.326986789703369,30.667085166471
GBR,1984,national,income,1.175253799162652,1.324739336967468,31.561438016908
GBR,1985,national,income,1.159312320812547,1.358563780784607,32.81237003704
GBR,1986,national,income,1.146539976575762,1.440205216407776,35.171686677767
GBR,1987,national,income,1.063664787619255,1.428970456123352,37.616336466065
GBR,1988,national,income,1.014882381823483,1.455918788909912,40.167930290543
GBR,1989,national,income,1.007947349059509,1.457422733306885,40.486080775001
GBR,1990,national,income,.9980970185093228,1.519858002662659,42.637160985755
GBR,1991,national,income,.9800633187083188,1.50626814365387,43.033450749555
GBR,1992,national,income,1.023652553183433,1.519764184951782,41.570156688061
GBR,1993,national,income,1.030055460551248,1.522080183029175,41.374707649482
GBR,1994,national,income,1.02050871941714,1.642763733863831,45.072996316675
GBR,1995,national,income,.9982652550862841,1.610305428504944,45.166903575006
GBR,1996,national,income,.9230156439443156,1.547421932220459,46.941579952056
GBR,1997,national,income,.9043082308764616,1.570621371269226,48.630982989095
GBR,1998,national,income,.8918025103734329,1.632765769958496,51.264085259444
GBR,1999,national,income,.9016354616458818,1.690587639808655,52.500657159377
GBR,2000,national,income,.8747457230278907,1.797757506370544,57.544963361175
GBR,2001,national,income,.822480217033045,1.711146712303162,58.253203386385
GBR,2002,national,income,.8521178299587036,1.721129775047302,56.555128264684
GBR,2003,national,income,.8111724905647438,1.668864965438843,57.605772981436
GBR,2004,national,income,.8349942027594516,1.777465224266052,59.604036368168
GBR,2005,national,income,.90616788067913,1.967113852500916,60.782542044486
GBR,2006,national,income,.8006669386961579,1.769593715667725,61.884186907808
GBR,2007,national,income,.7873770554295118,1.736701011657715,61.759012150677
GBR,2008,national,income,.7984715294124579,1.792623519897461,62.861924838373
GBR,2009,national,income,.8770018222290835,1.952429890632629,62.335146488248
GBR,2010,national,income,.7864078194759794,1.705405592918396,60.72085660513
GBR,2011,national,income,.7728594329173941,1.63859224319458,59.364717006957
GBR,2012,national,income,.8981821771208065,1.897949934005737,59.166835531942
GBR,2013,national,income,.7351162721467394,1.562417984008789,59.511272399417
GBR,2014,national,income,.8415208099206644,1.841905236244202,61.28588417213
GBR,2015,national,income,.7614143179080856,1.691621065139771,62.20711744534
GBR,2016,national,income,.9018507328686489,2.015058755874634,62.562065498649
GBR,2017,national,income,.9046606521181554,2.009328365325928,62.190384104345
GBR,2018,national,income,.9110469110204048,2.064527034759521,63.450911889468
GBR,2019,national,income,.899206738695851,2.065487623214722,64.316304404721
GBR,2020,national,income,.9097330290354586,2.079410552978516,64.000638451942
GBR,2021,national,income,.8834227549328731,2.029364109039307,64.32050272671999
GBR,2022,national,income,.8041483759880066,1.913783311843872,66.63687133789063
GBR,2023,national,income,.8083844780921936,1.913782715797424,66.28765869140625
GBR,2024,national,income,.8033826947212219,1.913783669471741,66.70039367675781
GBR,2025,national,income,.8030171990394592,1.913784742355347,66.73078918457031
GEO,1981,national,consumption,2.297721385955811,1.598475217819214,19.47899627685547
GEO,1982,national,consumption,2.279453039169312,1.598457098007202,19.63488578796387
GEO,1983,national,consumption,2.226610660552979,1.598480939865112,20.10116386413574
GEO,1984,national,consumption,2.158227920532227,1.5985347032547,20.73875999450684
GEO,1985,national,consumption,2.099035978317261,1.598424792289734,21.32211875915527
GEO,1986,national,consumption,2.239985704421997,1.598451614379883,19.98077201843262
GEO,1987,national,consumption,2.23292350769043,1.598479270935059,20.04431343078613
GEO,1988,national,consumption,2.164523363113403,1.598453998565674,20.67739868164063
GEO,1989,national,consumption,2.283442974090576,1.598471879959106,19.60075759887695
GEO,1990,national,consumption,2.546592235565186,1.598424315452576,17.5748119354248
GEO,1991,national,consumption,3.001594305038452,1.598483443260193,14.9112548828125
GEO,1992,national,consumption,4.396432399749756,1.598479866981506,10.18039894104004
GEO,1993,national,consumption,5.557427883148193,1.598475337028503,8.053601264953613
GEO,1994,national,consumption,5.931344985961914,1.598456621170044,7.545807361602783
GEO,1995,national,consumption,5.672342300415039,1.598452687263489,7.890334129333496
GEO,1996,national,consumption,5.129110805685323,1.603564858436584,8.753918422686001
GEO,1997,national,consumption,9.069429954781489,1.940483331680298,5.99084327085
GEO,1998,national,consumption,9.135356312527747,2.006050825119019,6.148574938234
GEO,1999,national,consumption,9.911726810633777,1.879770040512085,5.310231220568
GEO,2000,national,consumption,10.51256984248699,1.920649647712708,5.115608318602
GEO,2001,national,consumption,10.40384667860191,1.817344307899475,4.891040891087
GEO,2002,national,consumption,7.42425163838771,1.65435004234314,6.239255180916
GEO,2003,national,consumption,7.571820728371965,1.669740080833435,6.174568134926
GEO,2004,national,consumption,7.327817904141474,1.671745419502258,6.387832486598
GEO,2005,national,consumption,7.516630529529445,1.692032337188721,6.302944462259
GEO,2006,national,consumption,7.509291270007345,1.659047365188599,6.186113168373
GEO,2007,national,consumption,7.738161509515534,1.686026096343994,6.100768188936
GEO,2008,national,consumption,7.186764871483381,1.692407488822937,6.593705083282
GEO,2009,national,consumption,7.259270132093635,1.694503545761108,6.535932401279
GEO,2010,national,consumption,7.588991262852155,1.760815739631653,6.496626424004
GEO,2011,national,consumption,7.433003492553254,1.787487030029297,6.733433862634
GEO,2012,national,consumption,6.570795814933376,1.695850253105164,7.226492587895
GEO,2013,national,consumption,5.86944099956146,1.662868618965149,7.932667056137
GEO,2014,national,consumption,5.460592020842384,1.615970611572266,8.286130341530001
GEO,2015,national,consumption,5.214726774759957,1.557119250297546,8.360809642819
GEO,2016,national,consumption,5.198448083516906,1.565059304237366,8.429758138824001
GEO,2017,national,consumption,5.299949411543111,1.644862174987793,8.689920824354999
GEO,2018,national,consumption,5.253570557230666,1.59705376625061,8.511831424367999
GEO,2019,national,consumption,5.07518633541339,1.544159173965454,8.519186108736999
GEO,2020,national,consumption,5.493295041948202,1.520717024803162,7.751281814234
GEO,2021,national,consumption,5.283863215710042,1.521418929100037,8.062231752099001
GEO,2022,national,consumption,4.750865389683893,1.517172932624817,8.941706421180999
GEO,2023,national,consumption,4.143840045527232,1.507598042488098,10.186866201886
GEO,2024,national,consumption,3.913154363632202,1.496613383293152,10.70879650115967
GEO,2025,national,consumption,3.767435550689697,1.496587634086609,11.12280559539795
GHA,1981,national,consumption,17.6030158996582,1.481449007987976,2.356446981430054
GHA,1982,national,consumption,18.86803817749023,1.481381297111511,2.198356628417969
GHA,1983,national,consumption,19.89752197265625,1.481367945671082,2.084596395492554
GHA,1984,national,consumption,19.11179733276367,1.481427788734436,2.170386075973511
GHA,1985,national,consumption,18.73724174499512,1.481406211853027,2.213739633560181
GHA,1986,national,consumption,18.36444282531738,1.481486916542053,2.258801698684692
GHA,1987,national,consumption,18.05702018737793,1.481374144554138,2.297083139419556
GHA,1988,national,consumption,17.63197326660156,1.48443067073822,2.357311725616455
GHA,1989,national,consumption,17.78820991516113,1.502299666404724,2.364734411239624
GHA,1990,national,consumption,18.69969749450684,1.539930582046509,2.305815696716309
GHA,1991,national,consumption,19.34001159667969,1.565585017204285,2.266616106033325
GHA,1992,national,consumption,19.79804992675781,1.58631420135498,2.243493556976318
GHA,1993,national,consumption,18.84706115722656,1.605307817459106,2.384913921356201
GHA,1994,national,consumption,18.65081787109375,1.623522520065308,2.437353134155273
GHA,1995,national,consumption,18.09435081481934,1.648073077201843,2.550301313400269
GHA,1996,national,consumption,17.36162757873535,1.677204966545105,2.704915761947632
GHA,1997,national,consumption,16.86026573181152,1.697236895561218,2.818617105484009
GHA,1998,national,consumption,16.22667121887207,1.717116951942444,2.962978363037109
GHA,1999,national,consumption,16.08370208740234,1.735376834869385,3.02110481262207
GHA,2000,national,consumption,16.11106300354004,1.75238311290741,3.045530080795288
GHA,2001,national,consumption,16.1191520690918,1.76955246925354,3.07382607460022
GHA,2002,national,consumption,16.07571220397949,1.787421703338623,3.113255977630615
GHA,2003,national,consumption,15.93808555603027,1.803300499916077,3.16803503036499
GHA,2004,national,consumption,15.7462854385376,1.822437405586243,3.240653038024902
GHA,2005,national,consumption,15.52527523040771,1.84228253364563,3.322576284408569
GHA,2006,national,consumption,15.14037036895752,1.853708267211914,3.428174495697021
GHA,2007,national,consumption,14.8552827835083,1.850077390670776,3.487120866775513
GHA,2008,national,consumption,13.9468879699707,1.846017241477966,3.706094264984131
GHA,2009,national,consumption,13.61910343170166,1.842605352401733,3.788278102874756
GHA,2010,national,consumption,12.93684768676758,1.839762687683105,3.981909275054932
GHA,2011,national,consumption,11.66829872131348,1.837175726890564,4.408605098724365
GHA,2012,national,consumption,10.97163963317871,1.836138844490051,4.68588924407959
GHA,2013,national,consumption,10.57680034637451,1.844671010971069,4.883403778076172
GHA,2014,national,consumption,10.84172344207764,1.896275997161865,4.897351264953613
GHA,2015,national,consumption,11.15735054016113,1.942709565162659,4.875339031219482
GHA,2016,national,consumption,11.37168979644775,1.995160818099976,4.912594795227051
GHA,2017,national,consumption,11.12958335876465,2.037006616592407,5.124736785888672
GHA,2018,national,consumption,10.82638835906982,2.037248134613037,5.268880844116211
GHA,2019,national,consumption,10.50333118438721,2.037189483642578,5.430782318115234
GHA,2020,national,consumption,10.61314964294434,2.03732442855835,5.374943733215332
GHA,2021,national,consumption,10.39151477813721,2.037211656570435,5.489279270172119
GHA,2022,national,consumption,10.25854587554932,2.03705906867981,5.560013294219971
GHA,2023,national,consumption,10.1891508102417,2.037439107894897,5.598925113677979
GHA,2024,national,consumption,10.14817333221436,2.037108421325684,5.620621204376221
GHA,2025,national,consumption,10.00401592254639,2.037090301513672,5.701562881469727
GIB,1981,national,,1.496624946594238,2.132287263870239,39.8924560546875
GIB,1982,national,,1.493242144584656,2.167636394500732,40.64566421508789
GIB,1983,national,,1.463216304779053,2.16046404838562,41.34248352050781
GIB,1984,national,,1.427136659622192,2.160440683364868,42.38720703125
GIB,1985,national,,1.393227577209473,2.151299715042114,43.23514175415039
GIB,1986,national,,1.367812395095825,2.170376777648926,44.42900848388672
GIB,1987,national,,1.327402472496033,2.19279670715332,46.25447845458984
GIB,1988,national,,1.248824954032898,2.121755838394165,47.57205200195313
GIB,1989,national,,1.210408210754395,2.113552093505859,48.89214706420898
GIB,1990,national,,1.197982668876648,2.109210252761841,49.29777908325195
GIB,1991,national,,1.199968338012695,2.127433776855469,49.64142990112305
GIB,1992,national,,1.204667806625366,2.152277946472168,50.02523040771484
GIB,1993,national,,1.258595585823059,2.234933614730835,49.72061157226563
GIB,1994,national,,1.22137176990509,2.207353830337524,50.60367965698242
GIB,1995,national,,1.192130208015442,2.189465522766113,51.42478179931641
GIB,1996,national,,1.189279556274414,2.214619636535645,52.14026641845703
GIB,1997,national,,1.198803067207336,2.280360221862793,53.26152801513672
GIB,1998,national,,1.210111260414124,2.360380887985229,54.61536026000977
GIB,1999,national,,1.155880689620972,2.313583135604858,56.04413223266602
GIB,2000,national,,1.132245898246765,2.305874347686768,57.02337265014648
GIB,2001,national,,1.140905141830444,2.34704327583313,57.60094451904297
GIB,2002,national,,1.129328727722168,2.353925704956055,58.36203002929688
GIB,2003,national,,1.139819979667664,2.411402225494385,59.23677825927734
GIB,2004,national,,1.143701553344727,2.438053131103516,59.68819808959961
GIB,2005,national,,1.135640740394592,2.461805820465088,60.69750595092773
GIB,2006,national,,1.120078682899475,2.466006517410278,61.64583206176758
GIB,2007,national,,1.080879807472229,2.445630550384521,63.3536262512207
GIB,2008,national,,1.110014200210571,2.492559671401978,62.87457656860352
GIB,2009,national,,1.073621869087219,2.406819343566895,62.76971817016602
GIB,2010,national,,1.108794093132019,2.475446701049805,62.51161193847656
GIB,2011,national,,1.120316624641418,2.479135513305664,61.96087265014648
GIB,2012,national,,1.158023834228516,2.556088447570801,61.80397415161133
GIB,2013,national,,1.142036318778992,2.538648843765259,62.24160003662109
GIB,2014,national,,1.162987470626831,2.615633726119995,62.97380447387695
GIB,2015,national,,1.122166514396667,2.596498489379883,64.78713989257813
GIB,2016,national,,1.115796446800232,2.630395412445068,66.00762176513672
GIB,2017,national,,1.122286438941956,2.677948713302612,66.81232452392578
GIB,2018,national,,1.092122197151184,2.666604995727539,68.36683654785156
GIB,2019,national,,1.038674831390381,2.617498636245728,70.56102752685547
GIB,2020,national,,.8649140000343323,2.236176729202271,72.39210510253906
GIB,2021,national,,.8297843337059021,2.172513484954834,73.30866241455078
GIB,2022,national,,1.06429922580719,2.745012044906616,72.21685028076172
GIB,2023,national,,1.006985545158386,2.637865304946899,73.34785461425781
GIB,2024,national,,.9825437068939209,2.606427907943726,74.27657318115234
GIB,2025,national,,.9767363667488098,2.607769250869751,74.75665283203125
GIN,1981,national,consumption,38.13381576538086,2.055143117904663,1.509002089500427
GIN,1982,national,consumption,38.17372894287109,2.05419135093689,1.506726264953613
GIN,1983,national,consumption,38.32070159912109,2.05049204826355,1.498244404792786
GIN,1984,national,consumption,38.46692276000977,2.04668402671814,1.489777445793152
GIN,1985,national,consumption,38.01789855957031,2.058242082595825,1.515885472297668
GIN,1986,national,consumption,37.9092903137207,2.060780048370361,1.522102952003479
GIN,1987,national,consumption,37.78948593139648,2.06392502784729,1.529258728027344
GIN,1988,national,consumption,37.1717414855957,2.079619169235229,1.566494703292847
GIN,1989,national,consumption,36.88603973388672,2.082772970199585,1.581022143363953
GIN,1990,national,consumption,36.68635559082031,2.082755565643311,1.589614391326904
GIN,1991,national,consumption,37.06624991027932,2.086775064468384,1.576358642982
GIN,1992,national,consumption,34.92601013183594,2.029887676239014,1.627350330352783
GIN,1993,national,consumption,12.76084041595459,1.974831819534302,4.33320140838623
GIN,1994,national,consumption,9.483670234680176,1.897971034049988,5.603652000427246
GIN,1995,national,consumption,9.426838874816895,1.904075741767883,5.655567169189453
GIN,1996,national,consumption,9.766696929931641,1.913717985153198,5.486410140991211
GIN,1997,national,consumption,10.00058937072754,1.914912939071655,5.361440181732178
GIN,1998,national,consumption,10.30580902099609,1.888904094696045,5.131990432739258
GIN,1999,national,consumption,10.62004566192627,1.875782489776611,4.945544719696045
GIN,2000,national,consumption,11.01352977752686,1.857501029968262,4.722375869750977
GIN,2001,national,consumption,11.24678230285645,1.823258876800537,4.539186954498291
GIN,2002,national,consumption,11.37484645843506,1.764461517333984,4.343348503112793
GIN,2003,national,consumption,11.39795684814453,1.730213165283203,4.250408172607422
GIN,2004,national,consumption,11.15916633605957,1.70400595664978,4.275603294372559
GIN,2005,national,consumption,10.98805236816406,1.679057121276855,4.278610706329346
GIN,2006,national,consumption,10.70977973937988,1.655254125595093,4.327550888061523
GIN,2007,national,consumption,10.20426233972895,1.637264609336853,4.492574548682
GIN,2008,national,consumption,9.318976402282715,1.59384024143219,4.788887023925781
GIN,2009,national,consumption,9.181500434875488,1.582229256629944,4.825182914733887
GIN,2010,national,consumption,9.340054512023926,1.518123984336853,4.551094532012939
GIN,2011,national,consumption,8.114750862121582,1.480724573135376,5.109249591827393
GIN,2012,national,consumption,7.066906886118911,1.448314666748047,5.73841013185
GIN,2013,national,consumption,6.90246057510376,1.426809906959534,5.78788948059082
GIN,2014,national,consumption,6.776699066162109,1.410221815109253,5.826761722564697
GIN,2015,national,consumption,6.648984432220459,1.39404284954071,5.870550632476807
GIN,2016,national,consumption,6.296889781951904,1.375845313072205,6.117888450622559
GIN,2017,national,consumption,5.974108219146729,1.35986852645874,6.373557090759277
GIN,2018,national,consumption,5.782329559326172,1.340023994445801,6.488850593566895
GIN,2019,national,consumption,5.640806674957275,1.330457091331482,6.604161739349365
GIN,2020,national,consumption,5.560459136962891,1.330456733703613,6.699588775634766
GIN,2021,national,consumption,5.447210788726807,1.330470681190491,6.838945865631104
GIN,2022,national,consumption,5.39360237121582,1.330479860305786,6.906967639923096
GIN,2023,national,consumption,5.24128246307373,1.330463886260986,7.107609748840332
GIN,2024,national,consumption,5.185478210449219,1.330455660820007,7.184054851531982
GIN,2025,national,consumption,5.04738712310791,1.330464959144592,7.380654335021973
GMB,1981,national,consumption,22.46804809570313,2.154862880706787,2.685420751571655
GMB,1982,national,consumption,23.15140151977539,2.154886245727539,2.606184244155884
GMB,1983,national,consumption,22.08938217163086,2.154854774475098,2.731445074081421
GMB,1984,national,consumption,22.14576530456543,2.154842615127563,2.724475383758545
GMB,1985,national,consumption,22.89143180847168,2.154883146286011,2.635777950286865
GMB,1986,national,consumption,22.89157485961914,2.154882907867432,2.635761022567749
GMB,1987,national,consumption,23.1550407409668,2.154872179031372,2.605757474899292
GMB,1988,national,consumption,23.11006736755371,2.154756546020508,2.610688447952271
GMB,1989,national,consumption,22.8592529296875,2.154960155487061,2.639582395553589
GMB,1990,national,consumption,22.9699649810791,2.154852390289307,2.626728773117065
GMB,1991,national,consumption,23.15434074401855,2.15487265586853,2.605836868286133
GMB,1992,national,consumption,23.27577018737793,2.154953241348267,2.592339277267456
GMB,1993,national,consumption,23.38740348815918,2.154759883880615,2.579733848571777
GMB,1994,national,consumption,23.89311599731445,2.154862403869629,2.525252342224121
GMB,1995,national,consumption,24.20843505859375,2.151641130447388,2.488634824752808
GMB,1996,national,consumption,24.3127384185791,2.150458812713623,2.476596593856812
GMB,1997,national,consumption,24.01984786987305,2.153709888458252,2.510585308074951
GMB,1998,national,consumption,23.95202471218226,2.102004766464233,2.457250887191
GMB,1999,national,consumption,18.36647796630859,2.130305528640747,3.24768590927124
GMB,2000,national,consumption,15.53322982788086,2.094102382659912,3.774801969528198
GMB,2001,national,consumption,17.36779975891113,2.219367504119873,3.578017473220825
GMB,2002,national,consumption,18.37312126159668,2.044254064559937,3.115372180938721
GMB,2003,national,consumption,14.44090557098389,2.041004180908203,3.957377672195435
GMB,2004,national,consumption,10.24467182159424,2.012723207473755,5.501030445098877
GMB,2005,national,consumption,12.60556697845459,2.005276679992676,4.454202175140381
GMB,2006,national,consumption,12.21621990203857,1.976181745529175,4.529477119445801
GMB,2007,national,consumption,11.52143859863281,1.938105940818787,4.710085868835449
GMB,2008,national,consumption,10.60742378234863,1.892439484596252,4.995398044586182
GMB,2009,national,consumption,10.74857997894287,1.902046322822571,4.954821586608887
GMB,2010,national,consumption,8.860689163208008,1.865283608436584,5.89434289932251
GMB,2011,national,consumption,8.961124420166016,1.828211903572083,5.712445259094238
GMB,2012,national,consumption,8.224852561950684,1.701100468635559,5.791084289550781
GMB,2013,national,consumption,7.627743721008301,1.643918752670288,6.0345139503479
GMB,2014,national,consumption,7.233102321624756,1.584190845489502,6.132547378540039
GMB,2015,national,consumption,6.555863380432129,1.501267194747925,6.411890983581543
GMB,2016,national,consumption,6.536752223968506,1.492861270904541,6.394630432128906
GMB,2017,national,consumption,6.628076076507568,1.520860433578491,6.424804210662842
GMB,2018,national,consumption,6.606580257415771,1.541412115097046,6.532810688018799
GMB,2019,national,consumption,6.617197036743164,1.563643336296082,6.616398811340332
GMB,2020,national,consumption,6.883367538452148,1.581190466880798,6.431929111480713
GMB,2021,national,consumption,6.765092372894287,1.582517981529236,6.549874305725098
GMB,2022,national,consumption,6.622952461242676,1.582575082778931,6.69068717956543
GMB,2023,national,consumption,6.512870311737061,1.582569479942322,6.803750514984131
GMB,2024,national,consumption,6.389519691467285,1.582546234130859,6.934996128082275
GMB,2025,national,consumption,6.244497299194336,1.582550644874573,7.09607458114624
GNB,1981,national,consumption,22.21384811401367,3.42500638961792,4.317134857177734
GNB,1982,national,consumption,21.94327545166016,3.443754196166992,4.394289970397949
GNB,1983,national,consumption,22.47957992553711,3.406965017318726,4.243629932403564
GNB,1984,national,consumption,21.71351432800293,3.460205793380737,4.462002754211426
GNB,1985,national,consumption,21.45008277893066,3.478396415710449,4.540546417236328
GNB,1986,national,consumption,21.69967269897461,3.460772037506104,4.465579509735107
GNB,1987,national,consumption,21.57259941101074,3.47081446647644,4.504918575286865
GNB,1988,national,consumption,21.29144477844238,3.495019197463989,4.596237659454346
GNB,1989,national,consumption,20.83461380004883,3.524143695831299,4.736157894134521
GNB,1990,national,consumption,20.40097999572754,3.555850028991699,4.880343914031982
GNB,1991,national,consumption,20.14918983563898,3.540646314620972,4.920202772045
GNB,1992,national,consumption,16.62001419067383,2.605687856674194,4.389843463897705
GNB,1993,national,consumption,12.45152371674947,1.778377652168274,3.999074780525
GNB,1994,national,consumption,12.71869468688965,1.750334501266479,3.853332996368408
GNB,1995,national,consumption,12.86396408081055,1.730228662490845,3.766055583953857
GNB,1996,national,consumption,12.36095809936523,1.706110835075378,3.864676475524902
GNB,1997,national,consumption,12.26488208770752,1.681597113609314,3.83898663520813
GNB,1998,national,consumption,15.05186939239502,1.653522253036499,3.07593846321106
GNB,1999,national,consumption,13.96279048919678,1.621379017829895,3.251399755477905
GNB,2000,national,consumption,14.36220169067383,1.586281776428223,3.092554330825806
GNB,2001,national,consumption,14.39942741394043,1.544832229614258,3.003959894180298
GNB,2002,national,consumption,14.59594340455312,1.497109293937683,2.871966449228
GNB,2003,national,consumption,15.71834850311279,1.587169408798218,2.827316284179688
GNB,2004,national,consumption,16.75333213806152,1.67130446434021,2.793266773223877
GNB,2005,national,consumption,16.94712829589844,1.750916123390198,2.892858982086182
GNB,2006,national,consumption,17.74405097961426,1.817178010940552,2.86749529838562
GNB,2007,national,consumption,18.54121780395508,1.899324297904968,2.868262529373169
GNB,2008,national,consumption,19.33341217041016,1.982502698898315,2.871199131011963
GNB,2009,national,consumption,20.12803077697754,2.062153100967407,2.868650436401367
GNB,2010,national,consumption,20.94328802709855,2.150606155395508,2.87523953974
GNB,2011,national,consumption,15.49126434326172,2.054129600524902,3.712778091430664
GNB,2012,national,consumption,18.39205360412598,1.969521284103394,2.998392581939697
GNB,2013,national,consumption,17.08976554870605,1.884921193122864,3.088268995285034
GNB,2014,national,consumption,15.38527202606201,1.950997710227966,3.550664186477661
GNB,2015,national,consumption,14.23203659057617,1.71602737903595,3.376099109649658
GNB,2016,national,consumption,11.95248413085938,1.629834175109863,3.81806468963623
GNB,2017,national,consumption,10.30145645141602,1.54749584197998,4.20619010925293
GNB,2018,national,consumption,9.232645034790039,1.461963415145874,4.433721542358398
GNB,2019,national,consumption,8.623642921447754,1.425449371337891,4.628273963928223
GNB,2020,national,consumption,8.951862335205078,1.419910907745361,4.44125509262085
GNB,2021,national,consumption,8.991751670837402,1.407569289207458,4.383121490478516
GNB,2022,national,consumption,9.051811218261719,1.398779034614563,4.326848030090332
GNB,2023,national,consumption,8.873817443847656,1.398767709732056,4.413601875305176
GNB,2024,national,consumption,8.702690124511719,1.398779034614563,4.500425815582275
GNB,2025,national,consumption,8.534224510192871,1.398838996887207,4.589461326599121
GNQ,1981,national,consumption,63.27834701538086,1.391966342926025,.6159303784370422
GNQ,1982,national,consumption,64.33183288574219,1.381628632545471,.6013446450233459
GNQ,1983,national,consumption,64.74243927001953,1.377768635749817,.5958614349365234
GNQ,1984,national,consumption,66.11157989501953,1.364336490631104,.5778325200080872
GNQ,1985,national,consumption,64.28013610839844,1.382156014442444,.6020579934120178
GNQ,1986,national,consumption,66.22650146484375,1.363099217414856,.5763067007064819
GNQ,1987,national,consumption,66.21707153320313,1.363276481628418,.5764637589454651
GNQ,1988,national,consumption,66.58300018310547,1.359630942344666,.5717625617980957
GNQ,1989,national,consumption,67.93593597412109,1.346072912216187,.5547879934310913
GNQ,1990,national,consumption,69.40485382080078,1.331306576728821,.5370889902114868
GNQ,1991,national,consumption,70.64568328857422,1.318675994873047,.5226494669914246
GNQ,1992,national,consumption,63.33403778076172,1.391279339790344,.6150850653648376
GNQ,1993,national,consumption,61.44127655029297,1.409022092819214,.6421191096305847
GNQ,1994,national,consumption,58.11369323730469,1.438286185264587,.6929866671562195
GNQ,1995,national,consumption,54.5772705078125,1.466965436935425,.75260329246521
GNQ,1996,national,consumption,40.8823356628418,1.547367930412292,1.059780478477478
GNQ,1997,national,consumption,21.24506187438965,1.591419696807861,2.097416877746582
GNQ,1998,national,consumption,18.75901985168457,1.592347979545593,2.376762866973877
GNQ,1999,national,consumption,16.37436103820801,1.592429280281067,2.723038673400879
GNQ,2000,national,consumption,15.08992385864258,1.592356085777283,2.954684972763062
GNQ,2001,national,consumption,10.994309425354,1.592481732368469,4.05568790435791
GNQ,2002,national,consumption,10.12486553192139,1.592402696609497,4.403739929199219
GNQ,2003,national,consumption,9.636166572570801,1.592443943023682,4.627195835113525
GNQ,2004,national,consumption,7.96288537979126,1.592427015304565,5.599472522735596
GNQ,2005,national,consumption,7.398131847381592,1.592373728752136,6.026719570159912
GNQ,2006,national,consumption,5.196060657501221,1.592410922050476,8.581021308898926
GNQ,2007,national,consumption,5.023335456848145,1.592405080795288,8.876043319702148
GNQ,2008,national,consumption,4.833824157714844,1.592394828796387,9.223971366882324
GNQ,2009,national,consumption,4.937186717987061,1.592409491539001,9.030945777893066
GNQ,2010,national,consumption,4.818402290344238,1.592411041259766,9.25358772277832
GNQ,2011,national,consumption,4.8319411277771,1.59239673614502,9.227577209472656
GNQ,2012,national,consumption,4.747890472412109,1.592384099960327,9.39085578918457
GNQ,2013,national,consumption,4.344642639160156,1.592394351959229,10.26253414154053
GNQ,2014,national,consumption,4.355607986450195,1.592408657073975,10.23678970336914
GNQ,2015,national,consumption,4.413473129272461,1.592416524887085,10.10262489318848
GNQ,2016,national,consumption,4.440203666687012,1.592398285865784,10.04169082641602
GNQ,2017,national,consumption,4.446005344390869,1.592418789863586,10.02871608734131
GNQ,2018,national,consumption,4.44778299331665,1.59242308139801,10.02473545074463
GNQ,2019,national,consumption,4.445525169372559,1.592416644096375,10.02978610992432
GNQ,2020,national,consumption,4.794832229614258,1.592400431632996,9.299014091491699
GNQ,2021,national,consumption,4.80957555770874,1.59242582321167,9.270656585693359
GNQ,2022,national,consumption,4.764071941375732,1.592402219772339,9.359066009521484
GNQ,2023,national,consumption,4.701113700866699,1.592400074005127,9.484391212463379
GNQ,2024,national,consumption,4.612465858459473,1.592391729354858,9.666623115539551
GNQ,2025,national,consumption,4.792871475219727,1.592398524284363,9.302806854248047
GRC,1981,national,income,2.727715253829956,2.374284505844116,24.37203216552734
GRC,1982,national,income,2.673365831375122,2.391060352325439,25.04322052001953
GRC,1983,national,income,2.644111394882202,2.400478363037109,25.42003059387207
GRC,1984,national,income,2.646386384963989,2.399736404418945,25.39032745361328
GRC,1985,national,income,2.644025325775146,2.400506496429443,25.42115783691406
GRC,1986,national,income,2.679789543151855,2.389029026031494,24.96196556091309
GRC,1987,national,income,2.634856224060059,2.403517246246338,25.5416145324707
GRC,1988,national,income,2.531003475189209,2.439724445343018,26.99019813537598
GRC,1989,national,income,2.431738138198853,2.478392601013184,28.53719711303711
GRC,1990,national,income,2.405486822128296,2.489371299743652,28.97642135620117
GRC,1991,national,income,2.377603530883789,2.501409292221069,29.4580078125
GRC,1992,national,income,2.352900266647339,2.51241397857666,29.89824485778809
GRC,1993,national,income,2.375471115112305,2.502346992492676,29.49550247192383
GRC,1994,national,income,2.351755619049072,2.512930870056152,29.91895294189453
GRC,1995,national,income,2.374591365090579,2.597541570663452,30.628918525103
GRC,1996,national,income,2.152511358261108,2.385082721710205,31.02530288696289
GRC,1997,national,income,1.965111374855042,2.234101533889771,31.83272171020508
GRC,1998,national,income,1.792579054832458,2.096741676330566,32.75100708007813
GRC,1999,national,income,1.634005188941956,1.956515908241272,33.52648162841797
GRC,2000,national,income,1.536198863352344,1.868918776512146,34.064420568903
GRC,2001,national,income,1.440331816673279,1.816796660423279,35.31846237182617
GRC,2002,national,income,1.422163486480713,1.915604591369629,37.71502304077148
GRC,2003,national,income,1.411636206583501,1.982416272163391,39.3215026217
GRC,2004,national,income,1.427185656906594,2.112356185913086,41.442381691701
GRC,2005,national,income,1.20982041576659,1.810256600379944,41.896452148634
GRC,2006,national,income,1.303938319169221,1.969033718109131,42.281864122895
GRC,2007,national,income,1.352948859916051,2.102461099624634,43.511557726118
GRC,2008,national,income,1.190887573937077,1.88034999370575,44.21055529851
GRC,2009,national,income,1.431731528926312,2.294955015182495,44.881834589371
GRC,2010,national,income,1.750431422941737,2.43252158164978,38.910751212423
GRC,2011,national,income,2.132880293857804,2.459475755691528,32.287475060519
GRC,2012,national,income,1.989552543357351,1.991521596908569,28.027711282716
GRC,2013,national,income,1.896029463857215,1.812662839889526,26.768867268132
GRC,2014,national,income,2.30081025115662,2.191979169845581,26.675566796112
GRC,2015,national,income,2.227149057820778,2.156438827514648,27.111021853183
GRC,2016,national,income,1.985061784646666,1.96250593662262,27.681841071349
GRC,2017,national,income,1.822506796266449,1.828835725784302,28.097234557613
GRC,2018,national,income,1.503436061723356,1.560925006866455,29.070675121973
GRC,2019,national,income,1.702204767696172,1.878864645957947,30.905922713678
GRC,2020,national,income,1.712405673377307,1.911862730979919,31.261376301158
GRC,2021,national,income,1.551942833428079,1.848393797874451,33.348539593165
GRC,2022,national,income,1.443110363484825,1.706433057785034,33.109128405762
GRC,2023,national,income,1.372660636901855,1.654349803924561,33.74599075317383
GRC,2024,national,income,1.338043451309204,1.654297947883606,34.61796569824219
GRC,2025,national,income,1.312842726707458,1.654355764389038,35.28371047973633
GRD,1981,national,consumption,4.923244476318359,1.796537399291992,10.21745872497559
GRD,1982,national,consumption,4.79701042175293,1.796532988548279,10.48630714416504
GRD,1983,national,consumption,4.697850227355957,1.796538233757019,10.70767879486084
GRD,1984,national,consumption,4.602078437805176,1.796530246734619,10.93046283721924
GRD,1985,national,consumption,4.437346935272217,1.796533346176147,11.33626365661621
GRD,1986,national,consumption,4.245882034301758,1.796536803245544,11.84748649597168
GRD,1987,national,consumption,4.013426780700684,1.796535849571228,12.53367900848389
GRD,1988,national,consumption,3.953980922698975,1.796537280082703,12.72212600708008
GRD,1989,national,consumption,3.874869346618652,1.796534419059753,12.98184776306152
GRD,1990,national,consumption,3.791463613510132,1.796535730361938,13.26743602752686
GRD,1991,national,consumption,3.77706503868103,1.796533942222595,13.31799983978271
GRD,1992,national,consumption,3.820944309234619,1.796537160873413,13.16508102416992
GRD,1993,national,consumption,3.894712686538696,1.79653537273407,12.91571235656738
GRD,1994,national,consumption,3.869025707244873,1.796531796455383,13.00143623352051
GRD,1995,national,consumption,3.831203460693359,1.796539664268494,13.12984561920166
GRD,1996,national,consumption,3.733854055404663,1.79653525352478,13.47213554382324
GRD,1997,national,consumption,3.624546051025391,1.796533107757568,13.87840747833252
GRD,1998,national,consumption,3.365442514419556,1.796537280082703,14.94693279266357
GRD,1999,national,consumption,3.225902795791626,1.796535968780518,15.59346675872803
GRD,2000,national,consumption,3.134172201156616,1.796532154083252,16.04981994628906
GRD,2001,national,consumption,3.190228700637817,1.796534895896912,15.7678279876709
GRD,2002,national,consumption,3.123769283294678,1.796537041664124,16.10331344604492
GRD,2003,national,consumption,2.938996315002441,1.79652988910675,17.11565208435059
GRD,2004,national,consumption,2.960680961608887,1.796532511711121,16.99031829833984
GRD,2005,national,consumption,2.716312408447266,1.796535134315491,18.51885032653809
GRD,2006,national,consumption,2.801519870758057,1.796540498733521,17.95565795898438
GRD,2007,national,consumption,2.693088293075562,1.796535968780518,18.67855834960938
GRD,2008,national,consumption,2.68169093132019,1.796535849571228,18.75794219970703
GRD,2009,national,consumption,2.818076372146606,1.796532392501831,17.8500862121582
GRD,2010,national,consumption,2.834089517593384,1.796530246734619,17.74920845031738
GRD,2011,national,consumption,2.827721834182739,1.79653263092041,17.7892017364502
GRD,2012,national,consumption,2.863095998764038,1.796533823013306,17.56942367553711
GRD,2013,national,consumption,2.829248189926147,1.796533346176147,17.77961158752441
GRD,2014,national,consumption,2.701859951019287,1.796539306640625,18.61795234680176
GRD,2015,national,consumption,2.593996286392212,1.796528220176697,19.39200592041016
GRD,2016,national,consumption,2.53489875793457,1.796525120735168,19.84406852722168
GRD,2017,national,consumption,2.463169574737549,1.796525716781616,20.42194747924805
GRD,2018,national,consumption,2.393910646438599,1.796524882316589,21.01277160644531
GRD,2019,national,consumption,2.386810541152954,1.796531558036804,21.07535743713379
GRD,2020,national,consumption,2.646615743637085,1.796537637710571,19.00655746459961
GRD,2021,national,consumption,2.567952156066895,1.796526908874512,19.58866500854492
GRD,2022,national,consumption,2.446134328842163,1.79653537273407,20.56427955627441
GRD,2023,national,consumption,2.388983488082886,1.796534299850464,21.05621910095215
GRD,2024,national,consumption,2.348762512207031,1.796544432640076,21.41691398620605
GRD,2025,national,consumption,2.28922700881958,1.796539187431335,21.97383499145508
GRL,1981,national,,1.496624946594238,2.132287263870239,39.8924560546875
GRL,1982,national,,1.493242144584656,2.167636394500732,40.64566421508789
GRL,1983,national,,1.463216304779053,2.16046404838562,41.34248352050781
GRL,1984,national,,1.427136659622192,2.160440683364868,42.38720703125
GRL,1985,national,,1.393227577209473,2.151299715042114,43.23514175415039
GRL,1986,national,,1.367812395095825,2.170376777648926,44.42900848388672
GRL,1987,national,,1.327402472496033,2.19279670715332,46.25447845458984
GRL,1988,national,,1.248824954032898,2.121755838394165,47.57205200195313
GRL,1989,national,,1.210408210754395,2.113552093505859,48.89214706420898
GRL,1990,national,,1.197982668876648,2.109210252761841,49.29777908325195
GRL,1991,national,,1.199968338012695,2.127433776855469,49.64142990112305
GRL,1992,national,,1.204667806625366,2.152277946472168,50.02523040771484
GRL,1993,national,,1.258595585823059,2.234933614730835,49.72061157226563
GRL,1994,national,,1.22137176990509,2.207353830337524,50.60367965698242
GRL,1995,national,,1.192130208015442,2.189465522766113,51.42478179931641
GRL,1996,national,,1.189279556274414,2.214619636535645,52.14026641845703
GRL,1997,national,,1.198803067207336,2.280360221862793,53.26152801513672
GRL,1998,national,,1.210111260414124,2.360380887985229,54.61536026000977
GRL,1999,national,,1.155880689620972,2.313583135604858,56.04413223266602
GRL,2000,national,,1.132245898246765,2.305874347686768,57.02337265014648
GRL,2001,national,,1.140905141830444,2.34704327583313,57.60094451904297
GRL,2002,national,,1.129328727722168,2.353925704956055,58.36203002929688
GRL,2003,national,,1.139819979667664,2.411402225494385,59.23677825927734
GRL,2004,national,,1.143701553344727,2.438053131103516,59.68819808959961
GRL,2005,national,,1.135640740394592,2.461805820465088,60.69750595092773
GRL,2006,national,,1.120078682899475,2.466006517410278,61.64583206176758
GRL,2007,national,,1.080879807472229,2.445630550384521,63.3536262512207
GRL,2008,national,,1.110014200210571,2.492559671401978,62.87457656860352
GRL,2009,national,,1.073621869087219,2.406819343566895,62.76971817016602
GRL,2010,national,,1.108794093132019,2.475446701049805,62.51161193847656
GRL,2011,national,,1.120316624641418,2.479135513305664,61.96087265014648
GRL,2012,national,,1.158023834228516,2.556088447570801,61.80397415161133
GRL,2013,national,,1.142036318778992,2.538648843765259,62.24160003662109
GRL,2014,national,,1.162987470626831,2.615633726119995,62.97380447387695
GRL,2015,national,,1.122166514396667,2.596498489379883,64.78713989257813
GRL,2016,national,,1.115796446800232,2.630395412445068,66.00762176513672
GRL,2017,national,,1.122286438941956,2.677948713302612,66.81232452392578
GRL,2018,national,,1.092122197151184,2.666604995727539,68.36683654785156
GRL,2019,national,,1.038674831390381,2.617498636245728,70.56102752685547
GRL,2020,national,,.8649140000343323,2.236176729202271,72.39210510253906
GRL,2021,national,,.8297843337059021,2.172513484954834,73.30866241455078
GRL,2022,national,,1.06429922580719,2.745012044906616,72.21685028076172
GRL,2023,national,,1.006985545158386,2.637865304946899,73.34785461425781
GRL,2024,national,,.9825437068939209,2.606427907943726,74.27657318115234
GRL,2025,national,,.9767363667488098,2.607769250869751,74.75665283203125
GTM,1981,national,income,11.5240478515625,2.718090772628784,6.604150295257568
GTM,1982,national,income,12.21768093109131,2.716851234436035,6.226372718811035
GTM,1983,national,income,12.85411262512207,2.717484712600708,5.919473171234131
GTM,1984,national,income,13.15818977355957,2.718115568161011,5.78402042388916
GTM,1985,national,income,13.6172399520874,2.7179274559021,5.588648796081543
GTM,1986,national,income,13.97949409484863,2.717697381973267,5.443367481231689
GTM,1987,national,income,13.61431312561035,2.909623146057129,5.984102725982666
GTM,1988,national,income,12.57092666625977,3.343801736831665,7.447855949401855
GTM,1989,national,income,11.83003096815122,3.713693618774414,8.789784394178
GTM,1990,national,income,11.17601013183594,3.586522817611694,8.985553741455078
GTM,1991,national,income,10.29895210266113,3.429303646087646,9.32332706451416
GTM,1992,national,income,9.040419578552246,3.269327878952026,10.12576675415039
GTM,1993,national,income,8.226993560791016,3.111392974853516,10.58940982818604
GTM,1994,national,income,7.447503089904785,2.952659368515015,11.1009635925293
GTM,1995,national,income,6.52755880355835,2.795966386795044,11.99331378936768
GTM,1996,national,income,6.096558570861816,2.637017011642456,12.11117362976074
GTM,1997,national,income,5.415813446044922,2.472243785858154,12.78161144256592
GTM,1998,national,income,4.739961174095721,2.32448673248291,13.731257881683
GTM,1999,national,income,4.498132228851318,2.506780862808228,15.60422420501709
GTM,2000,national,income,4.441002801802667,2.775778293609619,17.500955841326
GTM,2001,national,income,4.434735298156738,2.765435695648193,17.46038818359375
GTM,2002,national,income,4.418456077575684,2.769123792648315,17.5480899810791
GTM,2003,national,income,4.446880340576172,2.769313812255859,17.43712043762207
GTM,2004,national,income,4.458931922912598,2.781050443649292,17.46369171142578
GTM,2005,national,income,4.469208240509033,2.79527759552002,17.51267051696777
GTM,2006,national,income,4.482949451137834,2.885424375534058,18.022036818709
GTM,2007,national,income,4.309620380401611,2.73571252822876,17.7741756439209
GTM,2008,national,income,4.304408073425293,2.656710624694824,17.28179550170898
GTM,2009,national,income,4.414126396179199,2.577609062194824,16.35047340393066
GTM,2010,national,income,4.423988819122314,2.496092557907104,15.79809474945068
GTM,2011,national,income,4.377896785736084,2.411435604095459,15.42297554016113
GTM,2012,national,income,4.378539562225342,2.31414794921875,14.79857349395752
GTM,2013,national,income,4.352397918701172,2.22725248336792,14.3284387588501
GTM,2014,national,income,4.336294612473516,2.16433048248291,13.975354340406
GTM,2015,national,income,4.350822925567627,2.155858278274536,13.87416362762451
GTM,2016,national,income,4.477911472320557,2.174510955810547,13.59703254699707
GTM,2017,national,income,4.564145088195801,2.176370620727539,13.35154247283936
GTM,2018,national,income,4.627522468566895,2.183293104171753,13.21056938171387
GTM,2019,national,income,4.630393981933594,2.191171646118164,13.25001907348633
GTM,2020,national,income,4.92308235168457,2.176160097122192,12.37689685821533
GTM,2021,national,income,4.738780975341797,2.165711164474487,12.79652118682861
GTM,2022,national,income,4.737179756164551,2.151562690734863,12.71721935272217
GTM,2023,national,income,4.793515990315166,2.141957759857178,12.511655419263
GTM,2024,national,income,4.65111780166626,2.130634546279907,12.8265438079834
GTM,2025,national,income,4.562220573425293,2.130627632141113,13.0764331817627
GUM,1981,national,,1.496624946594238,2.132287263870239,39.8924560546875
GUM,1982,national,,1.493242144584656,2.167636394500732,40.64566421508789
GUM,1983,national,,1.463216304779053,2.16046404838562,41.34248352050781
GUM,1984,national,,1.427136659622192,2.160440683364868,42.38720703125
GUM,1985,national,,1.393227577209473,2.151299715042114,43.23514175415039
GUM,1986,national,,1.367812395095825,2.170376777648926,44.42900848388672
GUM,1987,national,,1.327402472496033,2.19279670715332,46.25447845458984
GUM,1988,national,,1.248824954032898,2.121755838394165,47.57205200195313
GUM,1989,national,,1.210408210754395,2.113552093505859,48.89214706420898
GUM,1990,national,,1.197982668876648,2.109210252761841,49.29777908325195
GUM,1991,national,,1.199968338012695,2.127433776855469,49.64142990112305
GUM,1992,national,,1.204667806625366,2.152277946472168,50.02523040771484
GUM,1993,national,,1.258595585823059,2.234933614730835,49.72061157226563
GUM,1994,national,,1.22137176990509,2.207353830337524,50.60367965698242
GUM,1995,national,,1.192130208015442,2.189465522766113,51.42478179931641
GUM,1996,national,,1.189279556274414,2.214619636535645,52.14026641845703
GUM,1997,national,,1.198803067207336,2.280360221862793,53.26152801513672
GUM,1998,national,,1.210111260414124,2.360380887985229,54.61536026000977
GUM,1999,national,,1.155880689620972,2.313583135604858,56.04413223266602
GUM,2000,national,,1.132245898246765,2.305874347686768,57.02337265014648
GUM,2001,national,,1.140905141830444,2.34704327583313,57.60094451904297
GUM,2002,national,,1.129328727722168,2.353925704956055,58.36203002929688
GUM,2003,national,,1.139819979667664,2.411402225494385,59.23677825927734
GUM,2004,national,,1.143701553344727,2.438053131103516,59.68819808959961
GUM,2005,national,,1.135640740394592,2.461805820465088,60.69750595092773
GUM,2006,national,,1.120078682899475,2.466006517410278,61.64583206176758
GUM,2007,national,,1.080879807472229,2.445630550384521,63.3536262512207
GUM,2008,national,,1.110014200210571,2.492559671401978,62.87457656860352
GUM,2009,national,,1.073621869087219,2.406819343566895,62.76971817016602
GUM,2010,national,,1.108794093132019,2.475446701049805,62.51161193847656
GUM,2011,national,,1.120316624641418,2.479135513305664,61.96087265014648
GUM,2012,national,,1.158023834228516,2.556088447570801,61.80397415161133
GUM,2013,national,,1.142036318778992,2.538648843765259,62.24160003662109
GUM,2014,national,,1.162987470626831,2.615633726119995,62.97380447387695
GUM,2015,national,,1.122166514396667,2.596498489379883,64.78713989257813
GUM,2016,national,,1.115796446800232,2.630395412445068,66.00762176513672
GUM,2017,national,,1.122286438941956,2.677948713302612,66.81232452392578
GUM,2018,national,,1.092122197151184,2.666604995727539,68.36683654785156
GUM,2019,national,,1.038674831390381,2.617498636245728,70.56102752685547
GUM,2020,national,,.8649140000343323,2.236176729202271,72.39210510253906
GUM,2021,national,,.8297843337059021,2.172513484954834,73.30866241455078
GUM,2022,national,,1.06429922580719,2.745012044906616,72.21685028076172
GUM,2023,national,,1.006985545158386,2.637865304946899,73.34785461425781
GUM,2024,national,,.9825437068939209,2.606427907943726,74.27657318115234
GUM,2025,national,,.9767363667488098,2.607769250869751,74.75665283203125
GUY,1981,national,income,7.917294979095459,1.741040945053101,6.15729808807373
GUY,1982,national,income,9.123983383178711,1.741166710853577,5.343353271484375
GUY,1983,national,income,9.779335975646973,1.74130380153656,4.985666275024414
GUY,1984,national,income,10.27264308929443,1.741160750389099,4.745857715606689
GUY,1985,national,income,9.996967315673828,1.740986347198486,4.876240730285645
GUY,1986,national,income,10.0436544418335,1.741017699241638,4.853661060333252
GUY,1987,national,income,9.903517723083496,1.741168975830078,4.922769069671631
GUY,1988,national,income,10.22331428527832,1.74116837978363,4.768777847290039
GUY,1989,national,income,10.68393135070801,1.741180777549744,4.56321382522583
GUY,1990,national,income,10.948805809021,1.741114497184753,4.452650547027588
GUY,1991,national,income,10.29594707489014,1.741105794906616,4.734966278076172
GUY,1992,national,income,9.581289291381836,1.741243362426758,5.088544368743896
GUY,1993,national,income,8.514773368835449,1.806648731231689,5.940987586975098
GUY,1994,national,income,7.502949714660645,1.988290548324585,7.420032978057861
GUY,1995,national,income,7.348141193389893,2.178345918655396,8.300559997558594
GUY,1996,national,income,6.954532146453857,2.44074559211731,9.826811790466309
GUY,1997,national,income,7.403471946716309,2.694399833679199,10.19024562835693
GUY,1998,national,income,7.701822805352603,2.935279846191406,10.67121839533
GUY,1999,national,income,7.446944713592529,2.914998769760132,10.96019458770752
GUY,2000,national,income,7.553367614746094,2.915013074874878,10.80582427978516
GUY,2001,national,income,7.381552219390869,2.915002584457397,11.05730438232422
GUY,2002,national,income,7.290971279144287,2.914976119995117,11.19457626342773
GUY,2003,national,income,7.331949234008789,2.914932012557983,11.1318416595459
GUY,2004,national,income,7.212777614593506,2.915000677108765,11.31603145599365
GUY,2005,national,income,7.34183406829834,2.915023326873779,11.11720180511475
GUY,2006,national,income,6.965670585632324,2.914981603622437,11.71739101409912
GUY,2007,national,income,6.480381965637207,2.915007352828979,12.59496879577637
GUY,2008,national,income,6.349616527557373,2.915009737014771,12.85436248779297
GUY,2009,national,income,6.10779333114624,2.914973258972168,13.36313247680664
GUY,2010,national,income,5.842944622039795,2.914976358413696,13.96887111663818
GUY,2011,national,income,5.53132152557373,2.914984464645386,14.75588893890381
GUY,2012,national,income,5.255045890808105,2.914965629577637,15.53155517578125
GUY,2013,national,income,5.095247745513916,2.914988279342651,16.01878356933594
GUY,2014,national,income,5.038798332214355,2.914972305297852,16.19815254211426
GUY,2015,national,income,5.03461742401123,2.914940595626831,16.21142768859863
GUY,2016,national,income,4.88041353225708,2.91494083404541,16.72365379333496
GUY,2017,national,income,4.73509407043457,2.914958715438843,17.23700523376465
GUY,2018,national,income,4.66991662979126,2.914942026138306,17.47747993469238
GUY,2019,national,income,4.52290153503418,2.914993047714233,18.04589462280273
GUY,2020,national,income,3.151528358459473,2.914953470230103,25.89813232421875
GUY,2021,national,income,2.650977373123169,2.914935827255249,30.78796768188477
GUY,2022,national,income,1.635814189910889,2.881761312484741,49.32670211791992
GUY,2023,national,income,1.23220431804657,2.865511894226074,65.11447143554688
GUY,2024,national,income,.8605226278305054,2.82025671005249,91.76654815673828
GUY,2025,national,income,.7874627709388733,2.808210849761963,99.85221862792969
HKG,1981,national,,1.496624946594238,2.132287263870239,39.8924560546875
HKG,1982,national,,1.493242144584656,2.167636394500732,40.64566421508789
HKG,1983,national,,1.463216304779053,2.16046404838562,41.34248352050781
HKG,1984,national,,1.427136659622192,2.160440683364868,42.38720703125
HKG,1985,national,,1.393227577209473,2.151299715042114,43.23514175415039
HKG,1986,national,,1.367812395095825,2.170376777648926,44.42900848388672
HKG,1987,national,,1.327402472496033,2.19279670715332,46.25447845458984
HKG,1988,national,,1.248824954032898,2.121755838394165,47.57205200195313
HKG,1989,national,,1.210408210754395,2.113552093505859,48.89214706420898
HKG,1990,national,,1.197982668876648,2.109210252761841,49.29777908325195
HKG,1991,national,,1.199968338012695,2.127433776855469,49.64142990112305
HKG,1992,national,,1.204667806625366,2.152277946472168,50.02523040771484
HKG,1993,national,,1.258595585823059,2.234933614730835,49.72061157226563
HKG,1994,national,,1.22137176990509,2.207353830337524,50.60367965698242
HKG,1995,national,,1.192130208015442,2.189465522766113,51.42478179931641
HKG,1996,national,,1.189279556274414,2.214619636535645,52.14026641845703
HKG,1997,national,,1.198803067207336,2.280360221862793,53.26152801513672
HKG,1998,national,,1.210111260414124,2.360380887985229,54.61536026000977
HKG,1999,national,,1.155880689620972,2.313583135604858,56.04413223266602
HKG,2000,national,,1.132245898246765,2.305874347686768,57.02337265014648
HKG,2001,national,,1.140905141830444,2.34704327583313,57.60094451904297
HKG,2002,national,,1.129328727722168,2.353925704956055,58.36203002929688
HKG,2003,national,,1.139819979667664,2.411402225494385,59.23677825927734
HKG,2004,national,,1.143701553344727,2.438053131103516,59.68819808959961
HKG,2005,national,,1.135640740394592,2.461805820465088,60.69750595092773
HKG,2006,national,,1.120078682899475,2.466006517410278,61.64583206176758
HKG,2007,national,,1.080879807472229,2.445630550384521,63.3536262512207
HKG,2008,national,,1.110014200210571,2.492559671401978,62.87457656860352
HKG,2009,national,,1.073621869087219,2.406819343566895,62.76971817016602
HKG,2010,national,,1.108794093132019,2.475446701049805,62.51161193847656
HKG,2011,national,,1.120316624641418,2.479135513305664,61.96087265014648
HKG,2012,national,,1.158023834228516,2.556088447570801,61.80397415161133
HKG,2013,national,,1.142036318778992,2.538648843765259,62.24160003662109
HKG,2014,national,,1.162987470626831,2.615633726119995,62.97380447387695
HKG,2015,national,,1.122166514396667,2.596498489379883,64.78713989257813
HKG,2016,national,,1.115796446800232,2.630395412445068,66.00762176513672
HKG,2017,national,,1.122286438941956,2.677948713302612,66.81232452392578
HKG,2018,national,,1.092122197151184,2.666604995727539,68.36683654785156
HKG,2019,national,,1.038674831390381,2.617498636245728,70.56102752685547
HKG,2020,national,,.8649140000343323,2.236176729202271,72.39210510253906
HKG,2021,national,,.8297843337059021,2.172513484954834,73.30866241455078
HKG,2022,national,,1.06429922580719,2.745012044906616,72.21685028076172
HKG,2023,national,,1.006985545158386,2.637865304946899,73.34785461425781
HKG,2024,national,,.9825437068939209,2.606427907943726,74.27657318115234
HKG,2025,national,,.9767363667488098,2.607769250869751,74.75665283203125
HND,1981,national,income,14.51869201660156,2.722803831100464,5.251059055328369
HND,1982,national,income,15.27810382843018,2.722920417785645,4.990263938903809
HND,1983,national,income,15.59821701049805,2.723025321960449,4.888040065765381
HND,1984,national,income,15.10633087158203,2.722908020019531,5.046985149383545
HND,1985,national,income,14.72331428527832,2.72295618057251,5.178370475769043
HND,1986,national,income,14.38457489013672,2.723162651062012,5.300716400146484
HND,1987,national,income,13.87560367584229,2.722709655761719,5.494237899780273
HND,1988,national,income,14.02798366546631,2.722913980484009,5.434964179992676
HND,1989,national,income,14.06329413914039,2.738273620605469,5.451899173558
HND,1990,national,income,15.47971241378739,2.844634294509888,5.145428839543
HND,1991,national,income,11.94918798574367,2.5235435962677,5.913307503556
HND,1992,national,income,10.56841776788159,2.479346513748169,6.568788852517
HND,1993,national,income,9.472832614153873,2.660208225250244,7.863100082359
HND,1994,national,income,10.39946895566736,2.953991413116455,7.953460101187
HND,1995,national,income,10.5992749194338,2.94994854927063,7.792849907127
HND,1996,national,income,11.91439647312228,3.056060075759888,7.182040565854
HND,1997,national,income,8.40044210768218,2.602756261825562,8.675397489057
HND,1998,national,income,12.56185620857408,4.039416313171387,9.00373717451
HND,1999,national,income,12.74539798226741,3.803066492080688,8.354847872500001
HND,2000,national,income,10.46949672698975,3.674742460250854,9.827863693237305
HND,2001,national,income,8.812034866930812,3.443815231323242,10.94262867662
HND,2002,national,income,9.84538651581787,3.371949195861816,9.589728053558
HND,2003,national,income,11.42818711084832,3.685319423675537,9.029335957978001
HND,2004,national,income,11.17700834306569,3.725810050964355,9.333685622247
HND,2005,national,income,12.02834777496552,4.374903202056885,10.184049371812
HND,2006,national,income,10.22504809882372,4.055305957794189,11.104941791842
HND,2007,national,income,7.353154990650316,3.158287763595581,12.026410331821
HND,2008,national,income,7.474339005161666,3.314664602279663,12.417232825811
HND,2009,national,income,6.148599681076681,2.679637670516968,12.202754776453
HND,2010,national,income,6.517013260489385,2.817576169967651,12.105565520086
HND,2011,national,income,7.196414468763809,2.991462469100952,11.639261611341
HND,2012,national,income,8.117662371498467,3.017366886138916,10.407709694753
HND,2013,national,income,6.968095389699237,2.585834264755249,10.390695830444
HND,2014,national,income,6.475959180529784,2.455946922302246,10.618738247135
HND,2015,national,income,6.474380202861268,2.434249877929688,10.527494000724
HND,2016,national,income,6.91627405248374,2.731379270553589,11.057777801206
HND,2017,national,income,6.638887874855452,2.58213472366333,10.89034432943
HND,2018,national,income,6.634136248555179,2.574265241622925,10.864930484978
HND,2019,national,income,6.386206040897514,2.500284433364868,10.962371431961
HND,2020,national,income,7.188446521759033,2.493846654891968,9.713879585266113
HND,2021,national,income,6.629614353179932,2.525015592575073,10.66433620452881
HND,2022,national,income,6.587666988372803,2.550007581710815,10.83846759796143
HND,2023,national,income,6.627897911438216,2.593332052230835,10.955705584512
HND,2024,national,income,6.464996337890625,2.565303564071655,11.11036968231201
HND,2025,national,income,6.392993450164795,2.565492630004883,11.23633193969727
HRV,1981,national,income,1.296280026435852,1.186942338943481,25.63827514648438
HRV,1982,national,income,1.30169665813446,1.186959028244019,25.53194808959961
HRV,1983,national,income,1.328226208686829,1.18692409992218,25.0212459564209
HRV,1984,national,income,1.303455710411072,1.186923980712891,25.49674034118652
HRV,1985,national,income,1.306885719299316,1.186932444572449,25.43000411987305
HRV,1986,national,income,1.275242209434509,1.186954498291016,26.06150054931641
HRV,1987,national,income,1.280042171478271,1.186936020851135,25.96336936950684
HRV,1988,national,income,1.294663270975411,1.188329696655273,25.700297903195
HRV,1989,national,income,1.341167211532593,1.201212882995605,25.07812690734863
HRV,1990,national,income,1.476816654205322,1.219191908836365,23.11551284790039
HRV,1991,national,income,1.87575626373291,1.236939311027527,18.46417999267578
HRV,1992,national,income,2.119147539138794,1.255804061889648,16.59276390075684
HRV,1993,national,income,2.363723516464233,1.272504091262817,15.07372283935547
HRV,1994,national,income,2.312103748321533,1.294029474258423,15.67093467712402
HRV,1995,national,income,2.200295925140381,1.314473390579224,16.7274112701416
HRV,1996,national,income,2.17900562286377,1.334786772727966,17.15187454223633
HRV,1997,national,income,1.986706614494324,1.358113408088684,19.14081001281738
HRV,1998,national,consumption,.8559082684885342,1.316259264945984,43.059824716435
HRV,1999,national,consumption,1.638373625455261,1.266798973083496,21.649745872037
HRV,2000,national,consumption,1.549016128102998,1.346406102180481,24.337624269491
HRV,2001,national,consumption,1.639749581826562,1.345284342765808,22.971777077682
HRV,2002,national,consumption,1.27656102180481,1.338350534439087,29.35528755187988
HRV,2003,national,consumption,1.144762635231018,1.334255695343018,32.63485336303711
HRV,2004,national,consumption,1.04029178727381,1.338003396987915,36.013063524135
HRV,2005,national,consumption,1.049375772476196,1.353136658668518,36.10511016845703
HRV,2006,national,consumption,1.084468007087708,1.376791715621948,35.54753875732422
HRV,2007,national,consumption,1.090139746665955,1.391189098358154,35.73238754272461
HRV,2008,national,consumption,1.112371781868607,1.414513826370239,35.605349766904
HRV,2009,national,consumption,1.128770594067425,1.412335991859436,35.034052330947
HRV,2010,national,consumption,1.213002888696806,1.270324468612671,29.323165285105
HRV,2011,national,income,1.995093148588693,1.70973014831543,23.995091545198
HRV,2012,national,income,2.129603889006287,1.734813213348389,22.809298180611
HRV,2013,national,income,2.117531908190785,1.698965072631836,22.465315077359
HRV,2014,national,income,2.107692969711893,1.784677386283875,23.70884463065
HRV,2015,national,income,1.859882129920535,1.64348042011261,24.742133927668
HRV,2016,national,income,1.729504948539785,1.650844573974609,26.726520497454
HRV,2017,national,income,1.660157734940349,1.667160987854004,28.118115962104
HRV,2018,national,income,1.458125599490032,1.572397470474243,30.194331496351
HRV,2019,national,income,1.319449350705918,1.510468602180481,32.053614809618
HRV,2020,national,income,1.320651560329239,1.574760317802429,33.387526327319
HRV,2021,national,income,1.218064762790509,1.542241811752319,35.451948866347
HRV,2022,national,income,1.253110883491189,1.616840362548828,36.127313826527
HRV,2023,national,income,1.175858378410339,1.560467600822449,37.15846633911133
HRV,2024,national,income,1.13474440574646,1.560420870780945,38.50363540649414
HRV,2025,national,income,1.102968692779541,1.560404777526855,39.61248779296875
HTI,1981,national,income,18.51902389526367,3.079993963241577,4.656823635101318
HTI,1982,national,income,19.36587524414063,3.080101728439331,4.453341007232666
HTI,1983,national,income,19.60199546813965,3.080376625061035,4.400090217590332
HTI,1984,national,income,19.91580581665039,3.080168724060059,4.330466270446777
HTI,1985,national,income,20.2487678527832,3.080214262008667,4.259320735931396
HTI,1986,national,income,20.78081703186035,3.080569744110107,4.150748729705811
HTI,1987,national,income,21.32084274291992,3.08021068572998,4.045145034790039
HTI,1988,national,income,21.88625907897949,3.08027172088623,3.940719604492188
HTI,1989,national,income,22.7875862121582,3.080193758010864,3.784754753112793
HTI,1990,national,income,22.97398567199707,3.080225944519043,3.754086494445801
HTI,1991,national,income,23.42587280273438,3.080359220504761,3.68182897567749
HTI,1992,national,income,25.24667549133301,3.080706357955933,3.416678667068481
HTI,1993,national,income,27.66890144348145,3.080226898193359,3.117086172103882
HTI,1994,national,income,29.82761001586914,3.028627872467041,2.843056440353394
HTI,1995,national,income,28.52946853637695,3.078831911087036,3.021692991256714
HTI,1996,national,income,28.03210830688477,3.080400466918945,3.076872110366821
HTI,1997,national,income,27.84476470947266,3.080039501190186,3.097210884094238
HTI,1998,national,income,27.72992134094238,3.080449104309082,3.110451459884644
HTI,1999,national,income,27.62353515625,3.080246448516846,3.122225284576416
HTI,2000,national,income,27.9788990020752,3.080389022827148,3.082712173461914
HTI,2001,national,income,28.51087032398037,3.061423301696777,3.006567468911
HTI,2002,national,income,28.51680183410645,3.079238891601563,3.023434638977051
HTI,2003,national,income,28.38662528991699,3.080463647842407,3.038507699966431
HTI,2004,national,income,28.81875801086426,3.067607402801514,2.980454921722412
HTI,2005,national,income,28.60194778442383,3.075521469116211,3.010794878005981
HTI,2006,national,income,28.42630004882813,3.080355644226074,3.034160614013672
HTI,2007,national,consumption,10.49204730987549,1.772193431854248,4.72943115234375
HTI,2008,national,consumption,10.36513710021973,1.772391319274902,4.787872791290283
HTI,2009,national,consumption,10.26722240447998,1.772159934043884,4.832901954650879
HTI,2010,national,consumption,10.57874584197998,1.772059202194214,4.690315723419189
HTI,2011,national,consumption,10.38838481903076,1.772339582443237,4.777018547058105
HTI,2012,national,consumption,10.43383074509124,1.774496674537659,4.762000521146
HTI,2013,national,consumption,10.22244167327881,1.77230429649353,4.85446834564209
HTI,2014,national,consumption,10.15009117126465,1.772433638572693,4.88942813873291
HTI,2015,national,consumption,10.14583492279053,1.772467732429504,4.891573429107666
HTI,2016,national,consumption,10.10402965545654,1.77234673500061,4.911477088928223
HTI,2017,national,consumption,10.03893280029297,1.7723228931427,4.943258762359619
HTI,2018,national,consumption,10.07479572296143,1.772390365600586,4.925849914550781
HTI,2019,national,consumption,10.31692028045654,1.772332191467285,4.810088634490967
HTI,2020,national,consumption,10.62104034423828,1.772009968757629,4.671508312225342
HTI,2021,national,consumption,10.83858585357666,1.771671891212463,4.576871395111084
HTI,2022,national,consumption,11.05544185638428,1.771281599998474,4.486105918884277
HTI,2023,national,consumption,11.3039083480835,1.77096688747406,4.386719226837158
HTI,2024,national,consumption,11.73364448547363,1.770489692687988,4.224920272827148
HTI,2025,national,consumption,11.92149353027344,1.77013635635376,4.157517433166504
HUN,1981,national,income,1.644004106521606,1.142749667167664,19.46284103393555
HUN,1982,national,income,1.597630620002747,1.142741084098816,20.02762794494629
HUN,1983,national,income,1.583789706230164,1.142733812332153,20.20252227783203
HUN,1984,national,income,1.539711713790894,1.142727017402649,20.7807445526123
HUN,1985,national,income,1.54080057144165,1.14273989200592,20.76629257202148
HUN,1986,national,income,1.514917373657227,1.142764210700989,21.12154769897461
HUN,1987,national,income,1.453769213012498,1.143770098686218,22.029330068234
HUN,1988,national,income,2.358968734741211,1.362035393714905,16.16680717468262
HUN,1989,national,income,3.209024803054676,1.204368114471436,10.508584390647
HUN,1990,national,income,2.798020601272583,1.618364572525024,16.19509506225586
HUN,1991,national,income,2.789003212500662,1.95413601398468,19.61840937255
HUN,1992,national,income,2.414562463760376,1.535338759422302,17.80425453186035
HUN,1993,national,income,2.163880503584701,1.255610108375549,16.247238220093
HUN,1994,national,income,2.630528106783157,1.66246235370636,17.695665125287
HUN,1995,national,income,2.738274097442627,1.580314159393311,16.15937423706055
HUN,1996,national,income,2.800556659698486,1.561898827552795,15.61588382720947
HUN,1997,national,income,2.731608390808105,1.538966536521912,15.774977684021
HUN,1998,national,consumption,2.708442018030722,1.251913070678711,12.942335591239
HUN,1999,national,consumption,2.710661585183674,1.271089792251587,13.129825682875
HUN,2000,national,consumption,2.651160192717156,1.263042330741882,13.339512764292
HUN,2001,national,consumption,2.324431763222803,1.264008641242981,15.226191287193
HUN,2002,national,consumption,2.258353760296167,1.254357099533081,15.552035642547
HUN,2003,national,consumption,2.196711515828611,1.36307156085968,17.374154281681
HUN,2004,national,consumption,2.071603376602322,1.335876226425171,18.055837886886
HUN,2005,national,consumption,2.039599947244741,1.342106461524963,18.424682571465
HUN,2006,national,consumption,2.023070055213757,1.314807653427124,18.197399352198
HUN,2007,national,consumption,2.051803359279853,1.365286231040955,18.631421468274
HUN,2008,national,income,1.739974673400039,1.29761004447937,20.881385165692
HUN,2009,national,income,1.829899837996666,1.300158023834229,19.894217345002
HUN,2010,national,income,1.832768645966762,1.355144143104553,20.703123152746
HUN,2011,national,income,1.834621088974245,1.37162721157074,20.93378505035
HUN,2012,national,income,2.104304891901829,1.488998055458069,19.812692137005
HUN,2013,national,income,1.949552981414346,1.427472591400146,20.501741990117
HUN,2014,national,income,2.188072447816307,1.683774709701538,21.546677145188
HUN,2015,national,income,1.953832929560964,1.577938795089722,22.613134142986
HUN,2016,national,income,2.206451060451257,1.859917521476746,23.602467976434
HUN,2017,national,income,1.87104511521384,1.658269643783569,24.815837290096
HUN,2018,national,income,1.559619952676267,1.482255578041077,26.611069322074
HUN,2019,national,income,1.419776596587106,1.470566511154175,29.001648516638
HUN,2020,national,income,1.466972563721812,1.608229875564575,30.696167684822
HUN,2021,national,income,1.405999947602816,1.597591042518616,31.81547047689
HUN,2022,national,income,1.377617479748457,1.592572212219238,32.368943947665
HUN,2023,national,income,1.389867663383484,1.601253271102905,32.2585334777832
HUN,2024,national,income,1.366934776306152,1.601265430450439,32.79998016357422
HUN,2025,national,income,1.332110166549683,1.573615431785583,33.07626724243164
IDN,1981,national,consumption,20.19552993774414,1.35910975933075,1.884331583976746
IDN,1982,national,consumption,20.2089958190918,1.359207510948181,1.883211374282837
IDN,1983,national,consumption,19.95027923583984,1.359116792678833,1.907505631446838
IDN,1984,national,consumption,19.33380224944938,1.361181378364563,1.971318339932
IDN,1985,national,consumption,19.04256439208984,1.340001821517944,1.970325589179993
IDN,1986,national,consumption,18.66052627563477,1.320279121398926,1.981070280075073
IDN,1987,national,consumption,18.31401457584247,1.303386449813843,1.992726496927
IDN,1988,national,consumption,17.3899974822998,1.305466055870056,2.101958274841309
IDN,1989,national,consumption,16.1702938079834,1.30974543094635,2.267916202545166
IDN,1990,national,consumption,15.10785120754583,1.315721869468689,2.43848123847
IDN,1991,national,consumption,15.05874729156494,1.320218682289124,2.454793930053711
IDN,1992,national,consumption,15.03062438964844,1.32966935634613,2.47699236869812
IDN,1993,national,consumption,15.02204948377925,1.33539891242981,2.489085695401
IDN,1994,national,consumption,14.33102512359619,1.355465650558472,2.64831280708313
IDN,1995,national,consumption,13.61580276489258,1.373991727828979,2.825523376464844
IDN,1996,national,consumption,13.01731881122754,1.393294930458069,2.996950428742
IDN,1997,national,consumption,13.89760875701904,1.377093434333801,2.774478435516357
IDN,1998,national,consumption,16.82268178392275,1.333491444587708,2.219489159386
IDN,1999,national,consumption,12.22130806460438,1.317543983459473,3.018599318196
IDN,2000,national,consumption,12.18218766664723,1.309502005577087,3.009808737291
IDN,2001,national,consumption,11.65195218060276,1.325118184089661,3.184299700682
IDN,2002,national,consumption,9.4953168398551,1.295871376991272,3.821294307229
IDN,2003,national,consumption,9.453967339752792,1.286893248558044,3.811416957194
IDN,2004,national,consumption,9.566840197131269,1.310905456542969,3.836726790341
IDN,2005,national,consumption,9.099305077469928,1.303046107292175,4.009678721997
IDN,2006,national,consumption,9.896976237976098,1.346791863441467,3.810272142041
IDN,2007,national,consumption,9.058443461030302,1.376266002655029,4.254091688289
IDN,2008,national,consumption,8.718091184119322,1.362004995346069,4.374367929606
IDN,2009,national,consumption,8.733029228609531,1.379717707633972,4.423676419152
IDN,2010,national,consumption,8.140067737464113,1.4144127368927,4.865261500194
IDN,2011,national,consumption,7.732943906657218,1.498206377029419,5.424813722461
IDN,2012,national,consumption,7.237416269198462,1.471968054771423,5.694726200216
IDN,2013,national,consumption,7.20248071633161,1.52497136592865,5.928401472665
IDN,2014,national,consumption,7.033249981232091,1.522314429283142,6.060470465569
IDN,2015,national,consumption,6.758089178898903,1.509393215179443,6.253692086356
IDN,2016,national,consumption,6.300795734455155,1.4889315366745,6.616637885418
IDN,2017,national,consumption,5.888898235839809,1.480526685714722,7.039473963023
IDN,2018,national,consumption,5.589057274642047,1.48285710811615,7.428801774934
IDN,2019,national,consumption,5.408730485729628,1.450340270996094,7.508144213789
IDN,2020,national,consumption,5.261310629719996,1.447046995162964,7.700992616685
IDN,2021,national,consumption,5.101206926372909,1.44986891746521,7.95818155909
IDN,2022,national,consumption,5.096771263665753,1.440458297729492,7.913408385093
IDN,2023,national,consumption,4.968416141844598,1.448032259941101,8.16052858944
IDN,2024,national,consumption,4.813790225593154,1.415780067443848,8.235058013341
IDN,2025,national,consumption,4.68760347366333,1.419338464736938,8.477994918823242
IMN,1981,national,,1.496624946594238,2.132287263870239,39.8924560546875
IMN,1982,national,,1.493242144584656,2.167636394500732,40.64566421508789
IMN,1983,national,,1.463216304779053,2.16046404838562,41.34248352050781
IMN,1984,national,,1.427136659622192,2.160440683364868,42.38720703125
IMN,1985,national,,1.393227577209473,2.151299715042114,43.23514175415039
IMN,1986,national,,1.367812395095825,2.170376777648926,44.42900848388672
IMN,1987,national,,1.327402472496033,2.19279670715332,46.25447845458984
IMN,1988,national,,1.248824954032898,2.121755838394165,47.57205200195313
IMN,1989,national,,1.210408210754395,2.113552093505859,48.89214706420898
IMN,1990,national,,1.197982668876648,2.109210252761841,49.29777908325195
IMN,1991,national,,1.199968338012695,2.127433776855469,49.64142990112305
IMN,1992,national,,1.204667806625366,2.152277946472168,50.02523040771484
IMN,1993,national,,1.258595585823059,2.234933614730835,49.72061157226563
IMN,1994,national,,1.22137176990509,2.207353830337524,50.60367965698242
IMN,1995,national,,1.192130208015442,2.189465522766113,51.42478179931641
IMN,1996,national,,1.189279556274414,2.214619636535645,52.14026641845703
IMN,1997,national,,1.198803067207336,2.280360221862793,53.26152801513672
IMN,1998,national,,1.210111260414124,2.360380887985229,54.61536026000977
IMN,1999,national,,1.155880689620972,2.313583135604858,56.04413223266602
IMN,2000,national,,1.132245898246765,2.305874347686768,57.02337265014648
IMN,2001,national,,1.140905141830444,2.34704327583313,57.60094451904297
IMN,2002,national,,1.129328727722168,2.353925704956055,58.36203002929688
IMN,2003,national,,1.139819979667664,2.411402225494385,59.23677825927734
IMN,2004,national,,1.143701553344727,2.438053131103516,59.68819808959961
IMN,2005,national,,1.135640740394592,2.461805820465088,60.69750595092773
IMN,2006,national,,1.120078682899475,2.466006517410278,61.64583206176758
IMN,2007,national,,1.080879807472229,2.445630550384521,63.3536262512207
IMN,2008,national,,1.110014200210571,2.492559671401978,62.87457656860352
IMN,2009,national,,1.073621869087219,2.406819343566895,62.76971817016602
IMN,2010,national,,1.108794093132019,2.475446701049805,62.51161193847656
IMN,2011,national,,1.120316624641418,2.479135513305664,61.96087265014648
IMN,2012,national,,1.158023834228516,2.556088447570801,61.80397415161133
IMN,2013,national,,1.142036318778992,2.538648843765259,62.24160003662109
IMN,2014,national,,1.162987470626831,2.615633726119995,62.97380447387695
IMN,2015,national,,1.122166514396667,2.596498489379883,64.78713989257813
IMN,2016,national,,1.115796446800232,2.630395412445068,66.00762176513672
IMN,2017,national,,1.122286438941956,2.677948713302612,66.81232452392578
IMN,2018,national,,1.092122197151184,2.666604995727539,68.36683654785156
IMN,2019,national,,1.038674831390381,2.617498636245728,70.56102752685547
IMN,2020,national,,.8649140000343323,2.236176729202271,72.39210510253906
IMN,2021,national,,.8297843337059021,2.172513484954834,73.30866241455078
IMN,2022,national,,1.06429922580719,2.745012044906616,72.21685028076172
IMN,2023,national,,1.006985545158386,2.637865304946899,73.34785461425781
IMN,2024,national,,.9825437068939209,2.606427907943726,74.27657318115234
IMN,2025,national,,.9767363667488098,2.607769250869751,74.75665283203125
IND,1981,national,consumption,10.96528911590576,1.270296454429626,3.243717670440674
IND,1982,national,consumption,10.7216157913208,1.260379910469055,3.291540861129761
IND,1983,national,consumption,10.27997882626768,1.250082612037659,3.404901244308
IND,1984,national,consumption,10.2659912109375,1.248658418655396,3.405656099319458
IND,1985,national,consumption,10.25383853912354,1.248110890388489,3.408197164535522
IND,1986,national,consumption,10.24180221557617,1.247581601142883,3.410755634307861
IND,1987,national,consumption,10.2326488494873,1.247197866439819,3.412756681442261
IND,1988,national,consumption,10.13812923431396,1.244614601135254,3.437439918518066
IND,1989,national,consumption,10.00874996185303,1.241594910621643,3.473426580429077
IND,1990,national,consumption,9.905512809753418,1.239299535751343,3.503138780593872
IND,1991,national,consumption,9.879719734191895,1.236030459403992,3.503019571304321
IND,1992,national,consumption,9.804141998291016,1.235310673713684,3.527967929840088
IND,1993,national,consumption,9.716739654541016,1.234377980232239,3.557014465332031
IND,1994,national,consumption,9.652286529541016,1.233495831489563,3.578207492828369
IND,1995,national,consumption,9.62956428527832,1.235889792442322,3.593611717224121
IND,1996,national,consumption,9.604351043701172,1.23778223991394,3.608562707901001
IND,1997,national,consumption,9.598742485046387,1.239719271659851,3.616321563720703
IND,1998,national,consumption,9.584871292114258,1.241379499435425,3.626405239105225
IND,1999,national,consumption,9.551386833190918,1.243143558502197,3.64428973197937
IND,2000,national,consumption,9.540960311889648,1.244903087615967,3.653435945510864
IND,2001,national,consumption,9.53394889831543,1.246677279472351,3.661333084106445
IND,2002,national,consumption,9.530444145202637,1.24936830997467,3.670585870742798
IND,2003,national,consumption,9.501869201660156,1.251083254814148,3.686677932739258
IND,2004,national,consumption,9.462793350219727,1.252992749214172,3.707551956176758
IND,2005,national,consumption,9.321742057800293,1.256530165672302,3.774277925491333
IND,2006,national,consumption,9.07304573059082,1.258982539176941,3.885300874710083
IND,2007,national,consumption,8.83474063873291,1.260377049446106,3.994520902633667
IND,2008,national,consumption,8.732641220092773,1.264788746833801,4.05536937713623
IND,2009,national,consumption,8.535793304443359,1.268645167350769,4.161542415618896
IND,2010,national,consumption,8.132094383239746,1.26978874206543,4.372069835662842
IND,2011,national,consumption,7.797783851623535,1.273332834243774,4.572237491607666
IND,2012,national,consumption,7.555437088012695,1.273590803146362,4.719851493835449
IND,2013,national,consumption,7.315330505371094,1.269174933433533,4.857866287231445
IND,2014,national,consumption,7.037945747375488,1.263951420783997,5.028546810150146
IND,2015,national,consumption,6.739235877990723,1.259645462036133,5.233541965484619
IND,2016,national,consumption,6.43833065032959,1.25501561164856,5.458004474639893
IND,2017,national,consumption,6.186644554138184,1.248779773712158,5.651825428009033
IND,2018,national,consumption,5.963129997253418,1.242819547653198,5.835684776306152
IND,2019,national,consumption,5.816061496734619,1.237021565437317,5.955336570739746
IND,2020,national,consumption,5.955392837524414,1.230963468551636,5.787523746490479
IND,2021,national,consumption,5.761988639831543,1.225402235984802,5.954760551452637
IND,2022,national,consumption,5.505226612091064,1.220508575439453,6.20759916305542
IND,2023,national,consumption,5.251891613006592,1.217018604278564,6.488428115844727
IND,2024,national,consumption,5.038576602935791,1.217036485671997,6.763223648071289
IND,2025,national,consumption,4.850566864013672,1.216999888420105,7.025157928466797
IRL,1981,national,income,2.291898488998413,1.589552402496338,19.41947555541992
IRL,1982,national,income,2.489363431930542,1.589552402496338,17.87905502319336
IRL,1983,national,income,2.485898017883301,1.589552283287048,17.90397834777832
IRL,1984,national,income,2.452075958251953,1.589552283287048,18.15093231201172
IRL,1985,national,income,2.348193883895874,1.589552402496338,18.95391464233398
IRL,1986,national,income,2.302910089492798,1.589552402496338,19.32662010192871
IRL,1987,national,income,2.251094149139274,1.610753178596497,20.035185362639
IRL,1988,national,income,2.044872999191284,1.590299606323242,21.77562522888184
IRL,1989,national,income,1.819176554679871,1.586909294128418,24.42503929138184
IRL,1990,national,income,1.777744054794312,1.582698941230774,24.92798042297363
IRL,1991,national,income,1.719953775405884,1.561822533607483,25.42570114135742
IRL,1992,national,income,1.695785522460938,1.592473030090332,26.29415321350098
IRL,1993,national,income,1.63063645362854,1.592703819274902,27.3486499786377
IRL,1994,national,income,1.569236997566651,1.636825799942017,29.205991976212
IRL,1995,national,income,1.539103269556778,1.656942367553711,30.143778315518
IRL,1996,national,income,1.355678474566649,1.528899073600769,31.57767577231
IRL,1997,national,income,1.276098489761353,1.493670582771301,32.77394104003906
IRL,1998,national,income,1.199134349822998,1.47735071182251,34.49640274047852
IRL,1999,national,income,1.101847052574158,1.449723601341248,36.84019470214844
IRL,2000,national,income,1.025504808383277,1.445975065231323,39.480361450697
IRL,2001,national,income,.980556845664978,1.462033748626709,41.74867248535156
IRL,2002,national,income,.9668691522975797,1.500816822052002,43.462831711558
IRL,2003,national,income,.9520578923793982,1.516211628913879,44.591748771464
IRL,2004,national,income,.8953741847196593,1.481018781661987,46.314185381236
IRL,2005,national,income,.8409763355887498,1.460413336753845,48.623928862729
IRL,2006,national,income,.8644499184936965,1.600734710693359,51.848661152587
IRL,2007,national,income,.8055898732660022,1.481275677680969,51.484907132529
IRL,2008,national,income,.9220387762617223,1.566384077072144,47.567146245882
IRL,2009,national,income,1.217799556471817,2.03526782989502,46.795467539844
IRL,2010,national,income,1.231650033643925,1.978752613067627,44.984427789021
IRL,2011,national,income,1.274218809062122,1.992398142814636,43.781450997076
IRL,2012,national,income,1.059924703109364,1.669934153556824,44.114600553216
IRL,2013,national,income,1.392275809271802,2.188628435134888,44.015415841071
IRL,2014,national,income,1.149591971326666,1.895812153816223,46.175289044014
IRL,2015,national,income,1.075732818112995,1.830301403999329,47.640489338244
IRL,2016,national,income,.8931441890409371,1.623363733291626,50.892325657179
IRL,2017,national,income,.8948115607399268,1.727988243103027,54.071351543151
IRL,2018,national,income,.6829423308655757,1.35040271282196,55.365253610793
IRL,2019,national,income,.6708473148626641,1.36311149597168,56.893903632483
IRL,2020,national,income,.7165905653847633,1.520814657211304,59.424185837945
IRL,2021,national,income,.6644383506128408,1.439053773880005,60.642955434185
IRL,2022,national,income,.7246237287726826,1.538694024085999,59.456282158539
IRL,2023,national,income,.6422813534736633,1.347164750099182,58.72911071777344
IRL,2024,national,income,.6536979079246521,1.3472900390625,57.70879745483398
IRL,2025,national,income,.6463184952735901,1.347162008285522,58.36214828491211
IRN,1981,national,consumption,6.422616958618164,2.002050876617432,8.728128433227539
IRN,1982,national,consumption,6.385298728942871,2.001998424530029,8.778908729553223
IRN,1983,national,consumption,6.036229133605957,2.002023458480835,9.286701202392578
IRN,1984,national,consumption,5.902252197265625,2.002001523971558,9.497398376464844
IRN,1985,national,consumption,5.952419757843018,2.001971244812012,9.417211532592773
IRN,1986,national,consumption,6.446585819944714,2.003889560699463,8.703662873440001
IRN,1987,national,consumption,6.863640785217285,1.955899357795715,7.979028224945068
IRN,1988,national,consumption,6.980875492095947,1.910287737846375,7.662084102630615
IRN,1989,national,consumption,7.02293872833252,1.861738562583923,7.422630786895752
IRN,1990,national,consumption,6.541305635147814,1.814567804336548,7.767240977242
IRN,1991,national,consumption,5.956333160400391,1.795802474021912,8.441849708557129
IRN,1992,national,consumption,5.678413867950439,1.782242298126221,8.788155555725098
IRN,1993,national,consumption,5.567658424377441,1.766860842704773,8.885621070861816
IRN,1994,national,consumption,5.488734723249692,1.757048606872559,8.963333816757
IRN,1995,national,consumption,5.505351066589355,1.768855214118958,8.996328353881836
IRN,1996,national,consumption,5.296072959899902,1.787514925003052,9.450477600097656
IRN,1997,national,consumption,5.278026580810547,1.80556857585907,9.578564643859863
IRN,1998,national,consumption,5.301964611740945,1.830434441566467,9.666636478299001
IRN,1999,national,consumption,5.22984790802002,1.823021054267883,9.76024341583252
IRN,2000,national,consumption,4.875626564025879,1.830030202865601,10.50959205627441
IRN,2001,national,consumption,4.730552196502686,1.8341965675354,10.8565559387207
IRN,2002,national,consumption,4.249342441558838,1.836466789245605,12.10094738006592
IRN,2003,national,consumption,3.745547771453857,1.837341785430908,13.73512554168701
IRN,2004,national,consumption,3.554295301437378,1.838429093360901,14.48276233673096
IRN,2005,national,consumption,3.488510370254517,1.838912725448608,14.7597541809082
IRN,2006,national,consumption,3.483780860900879,1.881606698036194,15.12293338775635
IRN,2007,national,consumption,3.403936624526978,1.881704330444336,15.47846698760986
IRN,2008,national,consumption,3.443511962890625,1.869438052177429,15.20083713531494
IRN,2009,national,consumption,3.509737968444824,1.857061862945557,14.81527423858643
IRN,2010,national,consumption,3.447244167327881,1.706159472465515,13.85816097259521
IRN,2011,national,consumption,3.359012126922607,1.528577923774719,12.74189567565918
IRN,2012,national,consumption,3.283485412597656,1.46664297580719,12.50683307647705
IRN,2013,national,consumption,3.361153841018677,1.442344307899475,12.01540946960449
IRN,2014,national,consumption,3.525573015213013,1.471800446510315,11.68899726867676
IRN,2015,national,consumption,3.55010724067688,1.488022685050964,11.73616218566895
IRN,2016,national,consumption,3.512876033782959,1.497544288635254,11.93644142150879
IRN,2017,national,consumption,3.390156745910645,1.528764724731445,12.62638187408447
IRN,2018,national,consumption,3.48783540725708,1.550337672233582,12.44595813751221
IRN,2019,national,consumption,3.835848093032837,1.532694697380066,11.18799591064453
IRN,2020,national,consumption,3.940297842025757,1.513403058052063,10.75433540344238
IRN,2021,national,consumption,3.707060098648071,1.510582685470581,11.40966510772705
IRN,2022,national,consumption,3.489051818847656,1.490286231040955,11.95970058441162
IRN,2023,national,consumption,3.326004028320313,1.512479066848755,12.73282051086426
IRN,2024,national,consumption,3.259347915649414,1.514650464057922,13.01187038421631
IRN,2025,national,consumption,3.276745080947876,1.514633774757385,12.9426441192627
IRQ,1981,national,consumption,4.513695240020752,1.282159686088562,7.953676223754883
IRQ,1982,national,consumption,4.495947360992432,1.282163739204407,7.985099315643311
IRQ,1983,national,consumption,5.047689914703369,1.28215229511261,7.112216472625732
IRQ,1984,national,consumption,5.21237325668335,1.282175064086914,6.887630462646484
IRQ,1985,national,consumption,5.247462749481201,1.28214693069458,6.841423034667969
IRQ,1986,national,consumption,5.171368598937988,1.282167553901672,6.942203044891357
IRQ,1987,national,consumption,4.951290607452393,1.282164096832275,7.250754833221436
IRQ,1988,national,consumption,5.032697677612305,1.282148838043213,7.133384704589844
IRQ,1989,national,consumption,5.240443706512451,1.282175064086914,6.85073709487915
IRQ,1990,national,consumption,3.767054557800293,1.282163500785828,9.530145645141602
IRQ,1991,national,consumption,6.861274719238281,1.282160043716431,5.232334136962891
IRQ,1992,national,consumption,5.712575435638428,1.282164692878723,6.284488201141357
IRQ,1993,national,consumption,4.885617733001709,1.282159566879272,7.348194122314453
IRQ,1994,national,consumption,4.91963005065918,1.282183885574341,7.297530174255371
IRQ,1995,national,consumption,4.962728977203369,1.282162308692932,7.234033107757568
IRQ,1996,national,consumption,4.714262008666992,1.282178044319153,7.61539888381958
IRQ,1997,national,consumption,4.198553562164307,1.282178521156311,8.550801277160645
IRQ,1998,national,consumption,3.453351020812988,1.282160758972168,10.39584445953369
IRQ,1999,national,consumption,3.148367166519165,1.282163143157959,11.40291690826416
IRQ,2000,national,consumption,2.885179281234741,1.282164812088013,12.44311428070068
IRQ,2001,national,consumption,2.912890434265137,1.282159566879272,12.32468891143799
IRQ,2002,national,consumption,3.157275438308716,1.282165884971619,11.37076759338379
IRQ,2003,national,consumption,4.323611259460449,1.282139182090759,8.303220748901367
IRQ,2004,national,consumption,3.218206167221069,1.28217625617981,11.15557384490967
IRQ,2005,national,consumption,3.247587919235229,1.282153964042664,11.05445384979248
IRQ,2006,national,consumption,3.140608549118042,1.282159805297852,11.43105697631836
IRQ,2007,national,consumption,3.08990478515625,1.282977342605591,11.62604236602783
IRQ,2008,national,consumption,3.056739568710327,1.288856387138367,11.80603694915771
IRQ,2009,national,consumption,3.072523832321167,1.295085549354553,11.80215263366699
IRQ,2010,national,consumption,3.061858177185059,1.300835013389587,11.89584159851074
IRQ,2011,national,consumption,3.044352531433105,1.30695116519928,12.02049732208252
IRQ,2012,national,consumption,2.990927451475102,1.314023971557617,12.301424944454
IRQ,2013,national,consumption,2.91119384765625,1.313569664955139,12.6339750289917
IRQ,2014,national,consumption,2.916931629180908,1.314314603805542,12.61627388000488
IRQ,2015,national,consumption,2.899425506591797,1.314862132072449,12.69773578643799
IRQ,2016,national,consumption,2.67121434211731,1.315040230751038,13.78441429138184
IRQ,2017,national,consumption,2.728301763534546,1.315379023551941,13.4994649887085
IRQ,2018,national,consumption,2.703623056411743,1.315645933151245,13.62545204162598
IRQ,2019,national,consumption,2.626085042953491,1.315601348876953,14.02728271484375
IRQ,2020,national,consumption,2.889371156692505,1.315423965454102,12.74736595153809
IRQ,2021,national,consumption,2.883142471313477,1.315147161483765,12.772216796875
IRQ,2022,national,consumption,2.760951280593872,1.31496262550354,13.33560466766357
IRQ,2023,national,consumption,2.846749833026037,1.317400217056274,12.957656753322
IRQ,2024,national,consumption,2.890210628509521,1.313082575798035,12.72098064422607
IRQ,2025,national,consumption,2.906013011932373,1.313086032867432,12.65183925628662
ISL,1981,national,income,.9525742530822754,1.285328149795532,37.78097915649414
ISL,1982,national,income,.9450333714485168,1.285314321517944,38.0820426940918
ISL,1983,national,income,.9786820411682129,1.285313487052917,36.77269744873047
ISL,1984,national,income,.9499239325523376,1.285313010215759,37.88594436645508
ISL,1985,national,income,.9269148111343384,1.285316109657288,38.82649230957031
ISL,1986,national,income,.8786396384239197,1.285301923751831,40.95928955078125
ISL,1987,national,income,.818372905254364,1.285317063331604,43.97613525390625
ISL,1988,national,income,.8320443034172058,1.285305738449097,43.25317764282227
ISL,1989,national,income,.8402360081672668,1.285314440727234,42.83177947998047
ISL,1990,national,income,.8370088338851929,1.285308480262756,42.99672317504883
ISL,1991,national,income,.8220475316047668,1.28529965877533,43.77896499633789
ISL,1992,national,income,.8602786660194397,1.285305500030518,41.83359909057617
ISL,1993,national,income,.9113583564758301,1.285316824913025,39.48926544189453
ISL,1994,national,income,.8936149477958679,1.285304188728333,40.27295684814453
ISL,1995,national,income,.8794615864753723,1.285308837890625,40.92122650146484
ISL,1996,national,income,.8418646454811096,1.285310864448547,42.74880218505859
ISL,1997,national,income,.7985653281211853,1.285329580307007,45.06735610961914
ISL,1998,national,income,.7221014499664307,1.285297751426697,49.83834075927734
ISL,1999,national,income,.6812824010848999,1.285311460494995,52.82496643066406
ISL,2000,national,income,.6644428372383118,1.285302996635437,54.16340255737305
ISL,2001,national,income,.6926559805870056,1.285297155380249,51.95699310302734
ISL,2002,national,income,.7039593458175659,1.285317659378052,51.12354278564453
ISL,2003,national,income,.6742738907649108,1.297224998474121,53.868762443363
ISL,2004,national,income,.7341223075380376,1.444447159767151,55.09234517596
ISL,2005,national,income,.6495674220778818,1.333262205123901,57.471081628551
ISL,2006,national,income,.6378407285244964,1.500491738319397,65.868747304114
ISL,2007,national,income,.5622377446601625,1.396989345550537,69.57146271878599
ISL,2008,national,income,.5616441927774282,1.454178810119629,72.49608703043199
ISL,2009,national,income,.648699249966173,1.409869313240051,60.85461362209
ISL,2010,national,income,.7375389616766702,1.422997355461121,54.022808762434
ISL,2011,national,income,.7699351719040284,1.484631419181824,53.991142963814
ISL,2012,national,income,.6666270674540141,1.312198519706726,55.115613152611
ISL,2013,national,income,.6536472674924326,1.314690113067627,56.316801412232
ISL,2014,national,income,.611204011987929,1.297038793563843,59.418928327545
ISL,2015,national,income,.566987242182194,1.284731030464172,63.444934647922
ISL,2016,national,income,.5268577651712948,1.293344736099243,68.73515876424401
ISL,2017,national,income,.4949201872915447,1.258998870849609,71.2275815332
ISL,2018,national,income,.7163443568090134,1.704864263534546,66.63861841876
ISL,2019,national,income,.657470703125,1.545526266098022,65.82002258300781
ISL,2020,national,income,.6847619414329529,1.534568905830383,62.74871063232422
ISL,2021,national,income,.6558123826980591,1.546246647834778,66.0172119140625
ISL,2022,national,income,.6211402416229248,1.546636700630188,69.71988677978516
ISL,2023,national,income,.6366947293281555,1.546649098396301,68.01717376708984
ISL,2024,national,income,.6472905278205872,1.54664158821106,66.9034423828125
ISL,2025,national,income,.6465743780136108,1.54664409160614,66.97765350341797
ISR,1981,national,income,2.012154102325439,1.554813265800476,21.63590240478516
ISR,1982,national,income,1.975407004356384,1.573612093925476,22.30484008789063
ISR,1983,national,income,1.907149791717529,1.573781847953796,23.10562705993652
ISR,1984,national,income,2.139451742172241,1.576526284217834,20.63273239135742
ISR,1985,national,income,2.232101917266846,1.583754897117615,19.86698532104492
ISR,1986,national,income,2.034256048159035,1.586844086647034,21.841711586655
ISR,1987,national,income,1.867599964141846,1.562162518501282,23.42072868347168
ISR,1988,national,income,1.801030516624451,1.552273869514465,24.13266563415527
ISR,1989,national,income,1.811704397201538,1.542589783668518,23.84081840515137
ISR,1990,national,income,1.745935440063477,1.528663396835327,24.51555442810059
ISR,1991,national,income,1.717951893806458,1.520278215408325,24.77821922302246
ISR,1992,national,income,1.644328366749944,1.518858075141907,25.863463786154
ISR,1993,national,income,1.652702927589417,1.536008954048157,26.02297782897949
ISR,1994,national,income,1.65819263458252,1.560304403305054,26.34707450866699
ISR,1995,national,income,1.727596640586853,1.643501877784729,26.63703536987305
ISR,1996,national,income,1.742953658103943,1.670149683952332,26.8304271697998
ISR,1997,national,income,1.858330853998889,1.791310667991638,26.990188014173
ISR,1998,national,income,1.708269834518433,1.70466136932373,27.94085502624512
ISR,1999,national,income,1.684556245803833,1.710097432136536,28.42453575134277
ISR,2000,national,income,1.541734576225281,1.660491704940796,30.15679168701172
ISR,2001,national,income,1.529864370670944,1.682059645652771,30.785519953755
ISR,2002,national,income,1.921356470633382,1.894583106040955,27.60983031749
ISR,2003,national,income,1.844080461593873,1.879909157752991,28.544013344222
ISR,2004,national,income,1.919426697090798,2.035913705825806,29.69927571617
ISR,2005,national,income,1.96752411381914,2.183090448379517,31.067742814279
ISR,2006,national,income,1.696920092878268,1.91869068145752,31.659321753087
ISR,2007,national,income,1.64321247672622,1.948908090591431,33.208989011816
ISR,2008,national,income,1.62726785773526,1.9809889793396,34.086392532345
ISR,2009,national,income,1.692682463296922,2.063120126724243,34.12770165232
ISR,2010,national,income,1.629843739721557,2.033943891525269,34.942261256178
ISR,2011,national,income,1.592815420855247,1.979673147201538,34.800546248083
ISR,2012,national,income,1.5725847181214,2.063500165939331,36.740789650675
ISR,2013,national,income,1.428554917062158,1.947477579116821,38.171002861108
ISR,2014,national,income,1.415818599630128,1.96841835975647,38.928513894301
ISR,2015,national,income,1.382581497264272,1.980597972869873,40.111010972219
ISR,2016,national,income,1.27212561515617,1.846868872642517,40.650330728846
ISR,2017,national,income,1.290233679754474,1.955033183097839,42.427142902378
ISR,2018,national,income,1.226630085598724,1.92976188659668,44.050226728607
ISR,2019,national,income,1.361652976086283,2.072223901748657,42.611640339147
ISR,2020,national,income,1.306835789567701,1.970268607139587,42.214576794438
ISR,2021,national,income,1.247096194075551,1.905309319496155,42.778303836995
ISR,2022,national,income,1.166563510894775,1.872755646705627,44.95011138916016
ISR,2023,national,income,1.199658632278442,1.872755527496338,43.71006393432617
ISR,2024,national,income,1.213975548744202,1.872755885124207,43.194580078125
ISR,2025,national,income,1.193497180938721,1.872755527496338,43.93571853637695
ITA,1981,national,income,1.226627989683749,1.412637948989868,32.246012272253
ITA,1982,national,income,1.139911689663443,1.347154855728149,33.09057838864
ITA,1983,national,income,1.218351752634679,1.439690828323364,33.086784602098
ITA,1984,national,income,1.157745580446777,1.433001518249512,34.657045323948
ITA,1985,national,income,1.202013731002808,1.445731401443481,33.67721939086914
ITA,1986,national,income,1.243046270891226,1.473461985588074,33.190185683231
ITA,1987,national,income,1.740884190625509,2.415159463882446,38.844897429509
ITA,1988,national,income,1.269105315208435,1.833423495292664,40.45043182373047
ITA,1989,national,income,.9381360783226782,1.417572617530823,42.3094621259
ITA,1990,national,income,1.046160697937012,1.556353807449341,41.65507888793945
ITA,1991,national,income,1.180917482852301,1.749792337417603,41.488237960522
ITA,1992,national,income,1.40345299243927,2.098524332046509,41.86722564697266
ITA,1993,national,income,1.842625504847963,2.664694786071777,40.491923592362
ITA,1994,national,income,1.603044986724854,2.303668975830078,40.23762893676758
ITA,1995,national,income,1.478510873094669,2.122153043746948,40.189279270466
ITA,1996,national,income,1.714402079582214,2.478232622146606,40.47505187988281
ITA,1997,national,income,1.957326889038086,2.931694984436035,41.93855285644531
ITA,1998,national,income,2.282239285794448,3.552411556243896,43.583302640319
ITA,1999,national,income,2.107366323471069,3.292865991592407,43.75141143798828
ITA,2000,national,income,2.014709116379751,3.19620680809021,44.420202804282
ITA,2001,national,income,1.962084293365479,3.11392879486084,44.43744277954102
ITA,2002,national,income,2.067302540185811,3.281381368637085,44.443751300547
ITA,2003,national,income,1.273657602673628,2.481577157974243,54.554818383014
ITA,2004,national,income,1.194721219751694,2.394755601882935,56.124520074652
ITA,2005,national,income,1.243240781525123,2.453426122665405,55.255534598655
ITA,2006,national,income,1.206463886769903,2.426796197891235,56.32186214496
ITA,2007,national,income,1.201200189392914,2.431150913238525,56.670177789469
ITA,2008,national,income,1.209664599893585,2.412812471389771,55.849159190845
ITA,2009,national,income,1.297710745213599,2.616921901702881,56.46390414957
ITA,2010,national,income,1.598070590457698,3.164125919342041,55.439058011483
ITA,2011,national,income,1.582393485872844,3.086353540420532,54.612142956925
ITA,2012,national,income,1.58258514751888,2.947429180145264,52.14760006497
ITA,2013,national,income,1.851509508807008,3.409051656723022,51.554391175381
ITA,2014,national,income,1.671558515505617,3.064671277999878,51.335801221617
ITA,2015,national,income,2.113879878046192,3.97242546081543,52.61789702844
ITA,2016,national,income,1.978637496159908,3.807138919830322,53.875402089211
ITA,2017,national,income,1.860820865631112,3.643029451370239,54.817111307811
ITA,2018,national,income,1.77573819496778,3.49124813079834,55.050317231109
ITA,2019,national,income,1.53502661694279,3.134050130844116,57.167349645856
ITA,2020,national,income,1.394882184801814,2.840062141418457,57.009645550661
ITA,2021,national,income,1.297715841483964,2.738224983215332,59.080963963429
ITA,2022,national,income,1.217601735890987,2.53339147567749,58.257936528229
ITA,2023,national,income,1.151429176330566,2.426266431808472,59.0009880065918
ITA,2024,national,income,1.14360785484314,2.425953388214111,59.3968391418457
ITA,2025,national,income,1.138101935386658,2.42618989944458,59.69001007080078
JAM,1981,national,consumption,5.388473987579346,1.777828931808472,9.238090515136719
JAM,1982,national,consumption,5.363062858581543,1.777809619903564,9.281761169433594
JAM,1983,national,consumption,5.344439506530762,1.777842402458191,9.314276695251465
JAM,1984,national,consumption,5.452578067779541,1.777860283851624,9.129642486572266
JAM,1985,national,consumption,5.611640930175781,1.77773654460907,8.870244026184082
JAM,1986,national,consumption,5.574981212615967,1.777775287628174,8.928767204284668
JAM,1987,national,consumption,5.313509941101074,1.777801275253296,9.368277549743652
JAM,1988,national,consumption,5.199223482746591,1.776497006416321,9.567181959199001
JAM,1989,national,consumption,5.162745475769043,1.729248642921448,9.37852954864502
JAM,1990,national,consumption,5.257700543719395,1.676054358482361,8.925864363044001
JAM,1991,national,consumption,5.766027450561523,1.668541193008423,8.102485656738281
JAM,1992,national,consumption,6.394713878631592,1.613980054855347,7.066999912261963
JAM,1993,national,consumption,6.680522051559009,1.505623698234558,6.310504351359
JAM,1994,national,consumption,5.243810653686523,1.548210620880127,8.26686954498291
JAM,1995,national,consumption,5.358444690704346,1.659953832626343,8.673917770385742
JAM,1996,national,consumption,4.794481269137949,1.652285575866699,9.649426680424
JAM,1997,national,consumption,4.532959938049316,1.74777889251709,10.79599380493164
JAM,1998,national,consumption,4.314926624298096,1.847429633140564,11.98816013336182
JAM,1999,national,consumption,4.025590680728764,1.868249177932739,12.994608623114
JAM,2000,national,consumption,4.096339225769043,1.941650032997131,13.27189922332764
JAM,2001,national,consumption,4.126453399658203,2.011660575866699,13.65009880065918
JAM,2002,national,consumption,4.086432036401542,2.074644565582275,14.215346891075
JAM,2003,national,consumption,3.839692115783691,1.954508662223816,14.25276851654053
JAM,2004,national,consumption,3.712354027387966,1.879228472709656,14.173862558509
JAM,2005,national,consumption,3.586747646331787,1.85296905040741,14.46523094177246
JAM,2006,national,consumption,3.426818370819092,1.838403701782227,15.02131080627441
JAM,2007,national,consumption,3.299685955047607,1.820774674415588,15.45046710968018
JAM,2008,national,consumption,3.1397545337677,1.801973462104797,16.06980895996094
JAM,2009,national,consumption,3.302279233932495,1.786055564880371,15.14395141601563
JAM,2010,national,consumption,3.230205059051514,1.761560797691345,15.26952648162842
JAM,2011,national,consumption,3.046994209289551,1.734074711799622,15.93507862091064
JAM,2012,national,consumption,2.969135284423828,1.705788135528564,16.0861873626709
JAM,2013,national,consumption,2.880126476287842,1.672930479049683,16.26388740539551
JAM,2014,national,consumption,2.792526006698608,1.638595223426819,16.42980766296387
JAM,2015,national,consumption,2.691213130950928,1.602628231048584,16.67411231994629
JAM,2016,national,consumption,2.586707592010498,1.563269972801208,16.92172622680664
JAM,2017,national,consumption,2.460198879241943,1.523409485816956,17.33821868896484
JAM,2018,national,consumption,2.345457139564983,1.483314752578735,17.707769432117
JAM,2019,national,consumption,2.355269193649292,1.555156469345093,18.48806953430176
JAM,2020,national,consumption,2.576982736587524,1.635381698608398,17.76910972595215
JAM,2021,national,consumption,2.552382022046462,1.726690292358398,18.942042735792
JAM,2022,national,consumption,2.447043657302856,1.713648915290833,19.60821914672852
JAM,2023,national,consumption,2.41032886505127,1.713626384735107,19.90663528442383
JAM,2024,national,consumption,2.390492677688599,1.71363890171051,20.07196617126465
JAM,2025,national,consumption,2.361154794692993,1.713613271713257,20.3210620880127
JOR,1981,national,consumption,2.159142017364502,1.46539032459259,19.00334930419922
JOR,1982,national,consumption,2.121236085891724,1.465360403060913,19.34253883361816
JOR,1983,national,consumption,2.221947193145752,1.465421557426453,18.46659660339355
JOR,1984,national,consumption,2.226931571960449,1.465388655662537,18.42485046386719
JOR,1985,national,consumption,2.34257173538208,1.465377926826477,17.51518630981445
JOR,1986,national,consumption,2.330316066741943,1.465412735939026,17.60772132873535
JOR,1987,national,consumption,2.406687021255493,1.492628455162048,17.36561393737793
JOR,1988,national,consumption,2.54682469367981,1.535691976547241,16.88352394104004
JOR,1989,national,consumption,3.033335447311401,1.578312277793884,14.56902599334717
JOR,1990,national,consumption,3.275617361068726,1.622874021530151,13.87233829498291
JOR,1991,national,consumption,3.543719291687012,1.661894083023071,13.13112831115723
JOR,1992,national,consumption,3.464408222024323,1.693353295326233,13.686000559206
JOR,1993,national,consumption,3.47429347038269,1.649825811386108,13.29626369476318
JOR,1994,national,consumption,3.464257717132568,1.602173089981079,12.94962692260742
JOR,1995,national,consumption,3.409558773040771,1.552925586700439,12.75294494628906
JOR,1996,national,consumption,3.431155204772949,1.506777405738831,12.29608249664307
JOR,1997,national,consumption,3.410670324694925,1.457591891288757,11.96614373094
JOR,1998,national,consumption,3.392555475234985,1.469272255897522,12.12644100189209
JOR,1999,national,consumption,3.353064775466919,1.47895610332489,12.35012531280518
JOR,2000,national,consumption,3.271936178207397,1.486496567726135,12.72087860107422
JOR,2001,national,consumption,3.14978814125061,1.494264602661133,13.28324508666992
JOR,2002,national,consumption,3.016486167907715,1.496302008628845,13.88915920257568
JOR,2003,national,consumption,2.942266941070557,1.487438917160034,14.15517044067383
JOR,2004,national,consumption,2.778754949569702,1.461993098258972,14.73170757293701
JOR,2005,national,consumption,2.631695508956909,1.436042666435242,15.27881717681885
JOR,2006,national,consumption,2.55945086479187,1.410170674324036,15.42705059051514
JOR,2007,national,consumption,2.542664527893066,1.392090320587158,15.32979679107666
JOR,2008,national,consumption,2.486242055892944,1.369390726089478,15.42204666137695
JOR,2009,national,consumption,2.246081829071045,1.376836061477661,17.16384887695313
JOR,2010,national,consumption,2.253775596618652,1.393109917640686,17.30743598937988
JOR,2011,national,consumption,2.25243878364563,1.396901488304138,17.36484146118164
JOR,2012,national,consumption,2.236942052841187,1.396920323371887,17.48537445068359
JOR,2013,national,consumption,2.278198719024658,1.396921873092651,17.16874504089355
JOR,2014,national,consumption,2.378458023071289,1.39689564704895,16.44472122192383
JOR,2015,national,consumption,2.47531795501709,1.396924734115601,15.80156230926514
JOR,2016,national,consumption,2.523189783096313,1.396900773048401,15.50149822235107
JOR,2017,national,consumption,2.519820928573608,1.396938562393188,15.52264308929443
JOR,2018,national,consumption,2.525164842605591,1.396914839744568,15.48952960968018
JOR,2019,national,consumption,2.529552221298218,1.396901249885559,15.4625129699707
JOR,2020,national,consumption,2.581285715103149,1.396936178207397,15.15299606323242
JOR,2021,national,consumption,2.549645900726318,1.396894931793213,15.34058475494385
JOR,2022,national,consumption,2.533374786376953,1.39692223072052,15.43941402435303
JOR,2023,national,consumption,2.51517128944397,1.396925449371338,15.55119228363037
JOR,2024,national,consumption,2.48095178604126,1.396929979324341,15.76573944091797
JOR,2025,national,consumption,2.435187101364136,1.396910786628723,16.06180572509766
JPN,1981,national,income,2.012647151947021,2.102475643157959,29.24969482421875
JPN,1982,national,income,1.943968296051025,2.1107017993927,30.40155029296875
JPN,1983,national,income,1.898756980895996,2.116480112075806,31.21065330505371
JPN,1984,national,income,1.857603073120117,2.122014284133911,31.98551940917969
JPN,1985,national,income,1.802314400672913,2.129896402359009,33.08917617797852
JPN,1986,national,income,1.753741979598999,2.137283563613892,34.12357330322266
JPN,1987,national,income,1.695808291435242,2.146722793579102,35.44518280029297
JPN,1988,national,income,1.628538489341736,2.158643960952759,37.11427688598633
JPN,1989,national,income,1.566948413848877,2.170587062835693,38.78649520874023
JPN,1990,national,income,1.509084463119507,2.182831048965454,40.50089263916016
JPN,1991,national,income,1.485697865486145,2.188092947006226,41.23759078979492
JPN,1992,national,income,1.461771965026855,2.193676471710205,42.01950836181641
JPN,1993,national,income,1.452377319335938,2.195929050445557,42.33473587036133
JPN,1994,national,income,1.427829146385193,2.20197319984436,43.18111038208008
JPN,1995,national,income,1.401137232780457,2.208827972412109,44.14070129394531
JPN,1996,national,income,1.380743861198425,2.214272022247314,44.90305328369141
JPN,1997,national,income,1.377032995223999,2.215287208557129,45.04470062255859
JPN,1998,national,income,1.387920618057251,2.212335348129272,44.63179397583008
JPN,1999,national,income,1.377518773078918,2.215150594711304,45.02604293823242
JPN,2000,national,income,1.361602187156677,2.219555854797363,45.64296722412109
JPN,2001,national,income,1.341005921363831,2.225441932678223,46.46688842773438
JPN,2002,national,income,1.329110622406006,2.228941202163696,46.95647811889648
JPN,2003,national,income,1.324400544166565,2.230342388153076,47.15309906005859
JPN,2004,national,income,1.310108423233032,2.23467755317688,47.76014709472656
JPN,2005,national,income,1.293475151062012,2.239867687225342,48.48666381835938
JPN,2006,national,income,1.283005475997925,2.240942716598511,48.90579223632813
JPN,2007,national,income,1.274853825569153,2.240941047668457,49.21846771240234
JPN,2008,national,income,1.341458981422632,2.336198806762695,48.763003462893
JPN,2009,national,income,1.262620256150093,2.137924432754517,47.410835501977
JPN,2010,national,income,.9927193944629142,1.710537314414978,48.246306613664
JPN,2011,national,income,1.034675346227804,1.711265325546265,46.309625651241
JPN,2012,national,income,1.325695612733128,2.213506937026978,46.751451293974
JPN,2013,national,income,1.149595513197196,1.88006865978241,45.791692004548
JPN,2014,national,income,1.173553238472752,1.954983830451965,46.644280795486
JPN,2015,national,income,.9006903070386484,1.520222306251526,47.259558042316
JPN,2016,national,income,1.005280979988,1.679214000701904,46.77099378323
JPN,2017,national,income,1.037489701830424,1.759320974349976,47.48094152316
JPN,2018,national,income,1.205037943504706,1.988883852958679,46.21327299937
JPN,2019,national,income,1.268372451688554,2.111057043075562,46.602715142368
JPN,2020,national,income,1.183763821378904,2.033885478973389,48.108236995723
JPN,2021,national,income,1.139933705329895,1.978689074516296,48.60220718383789
JPN,2022,national,income,1.110948443412781,1.978690028190613,49.87028884887695
JPN,2023,national,income,1.087291955947876,1.978687882423401,50.95527648925781
JPN,2024,national,income,1.078431963920593,1.97868800163269,51.37390899658203
JPN,2025,national,income,1.06540834903717,1.97868812084198,52.00190734863281
KAZ,1981,national,income,4.49092435836792,1.408461213111877,8.781469345092773
KAZ,1982,national,income,4.602901935577393,1.408472299575806,8.567904472351074
KAZ,1983,national,income,4.440770626068115,1.408412337303162,8.880338668823242
KAZ,1984,national,income,4.510820388793945,1.408397316932678,8.742340087890625
KAZ,1985,national,income,4.5138840675354,1.408455491065979,8.736766815185547
KAZ,1986,national,income,4.501949787139893,1.408452868461609,8.75991153717041
KAZ,1987,national,income,4.575727462768555,1.408413529396057,8.618428230285645
KAZ,1988,national,income,4.25195837020874,1.408391952514648,9.274543762207031
KAZ,1989,national,income,4.288023471832275,1.408419132232666,9.19671630859375
KAZ,1990,national,income,4.383835792541504,1.408472061157227,8.996052742004395
KAZ,1991,national,income,4.961263179779053,1.408434748649597,7.948817253112793
KAZ,1992,national,income,5.255175113677979,1.40842080116272,7.504180431365967
KAZ,1993,national,income,5.771970495169035,1.411077380180359,6.845178162796
KAZ,1994,national,income,6.512283325195313,1.40854275226593,6.056124210357666
KAZ,1995,national,consumption,6.020146369934082,1.545231699943542,7.186949253082275
KAZ,1996,national,consumption,5.948652651096598,1.551007986068726,7.300514033646
KAZ,1997,national,consumption,6.225741386413574,1.572113275527954,7.070510864257813
KAZ,1998,national,consumption,6.676347732543945,1.586389064788818,6.653172492980957
KAZ,1999,national,consumption,6.961321830749512,1.586199283599854,6.380049705505371
KAZ,2000,national,consumption,6.966246128082275,1.571213960647583,6.315308094024658
KAZ,2001,national,consumption,6.824690191157405,1.545903921127319,6.342458081921
KAZ,2002,national,consumption,6.152765668497677,1.472998261451721,6.703319293104
KAZ,2003,national,consumption,5.594405065906243,1.440014600753784,7.207273812883
KAZ,2004,national,consumption,5.031726004299567,1.371878862380981,7.634082131591
KAZ,2005,national,consumption,5.6372085602805,1.680894017219543,8.348996167694001
KAZ,2006,national,consumption,3.972343985911585,1.324316501617432,9.334756190305001
KAZ,2007,national,consumption,3.411700872033474,1.318117737770081,10.817858762872
KAZ,2008,national,consumption,3.331193056132481,1.279312968254089,10.753133133362
KAZ,2009,national,consumption,3.37200590718509,1.278039336204529,10.612407333065
KAZ,2010,national,consumption,3.155492358207126,1.271867156028748,11.285807776945
KAZ,2011,national,consumption,2.657507372987151,1.27111804485321,13.392739963278
KAZ,2012,national,consumption,2.617912400322441,1.273070693016052,13.616185375535
KAZ,2013,national,consumption,2.453338888050546,1.249390602111816,14.259316527751
KAZ,2014,national,consumption,2.509599514888409,1.247283816337585,13.916143019729
KAZ,2015,national,consumption,2.618693822223253,1.242014408111572,13.280056664973
KAZ,2016,national,consumption,2.851409466237531,1.252460598945618,12.298793577861
KAZ,2017,national,consumption,2.653007464245036,1.25412392616272,13.236099778862
KAZ,2018,national,consumption,2.500624781341424,1.257329225540161,14.078568552375
KAZ,2019,national,consumption,2.509905206158489,1.25996720790863,14.055942248232
KAZ,2020,national,consumption,2.47098928468822,1.270362019538879,14.395099939173
KAZ,2021,national,consumption,2.370794677477577,1.277989029884338,15.093542904389
KAZ,2022,national,consumption,2.358492612838745,1.280991792678833,15.20792198181152
KAZ,2023,national,consumption,2.308140277862549,1.280980229377747,15.53954315185547
KAZ,2024,national,consumption,2.27038311958313,1.280968308448792,15.79782390594482
KAZ,2025,national,consumption,2.220511913299561,1.280995011329651,16.15296936035156
KEN,1981,national,consumption,8.803691864013672,2.597063779830933,8.259919166564941
KEN,1982,national,consumption,8.931947708129883,2.602827072143555,8.159379959106445
KEN,1983,national,consumption,9.076812744140625,2.601919412612915,8.026357650756836
KEN,1984,national,consumption,9.196887016296387,2.60072135925293,7.917917728424072
KEN,1985,national,consumption,9.16042423248291,2.601021766662598,7.950353145599365
KEN,1986,national,consumption,8.951403617858887,2.602277755737305,8.139927864074707
KEN,1987,national,consumption,8.813628196716309,2.596978187561035,8.250335693359375
KEN,1988,national,consumption,8.660433769226074,2.596674919128418,8.395295143127441
KEN,1989,national,consumption,8.59593677520752,2.596884727478027,8.458970069885254
KEN,1990,national,consumption,8.55448055267334,2.596581220626831,8.498970031738281
KEN,1991,national,consumption,8.664608001708984,2.596861362457275,8.391853332519531
KEN,1992,national,consumption,8.938319353457317,2.688952207565308,8.423357688571
KEN,1993,national,consumption,10.63100528717041,2.291328191757202,6.034913063049316
KEN,1994,national,consumption,9.327081369135859,1.902273416519165,5.710645711017
KEN,1995,national,consumption,8.825749397277832,1.856758832931519,5.890632629394531
KEN,1996,national,consumption,8.388808250427246,1.82566773891449,6.093677997589111
KEN,1997,national,consumption,8.190111287971307,1.798075437545776,6.147182969747
KEN,1998,national,consumption,8.482965469360352,1.823845386505127,6.020025730133057
KEN,1999,national,consumption,8.902822494506836,1.864431619644165,5.863768100738525
KEN,2000,national,consumption,9.426499366760254,1.894291400909424,5.626708030700684
KEN,2001,national,consumption,9.765427589416504,1.92322301864624,5.514376640319824
KEN,2002,national,consumption,10.32286643981934,1.947287559509277,5.281871318817139
KEN,2003,national,consumption,10.7189302444458,1.966863632202148,5.137843132019043
KEN,2004,national,consumption,10.95818614959717,1.983065724372864,5.067064762115479
KEN,2005,national,consumption,11.13068962097168,1.996872067451477,5.023266315460205
KEN,2006,national,consumption,11.04620742797852,1.984492421150208,5.030304431915283
KEN,2007,national,consumption,10.8237247467041,1.952562808990479,5.051104068756104
KEN,2008,national,consumption,10.68918514251709,1.923840165138245,5.039441585540771
KEN,2009,national,consumption,10.50862407684326,1.894290924072266,5.04729700088501
KEN,2010,national,consumption,10.27857208251953,1.865801215171814,5.08265495300293
KEN,2011,national,consumption,10.08352947235107,1.838279724121094,5.104545116424561
KEN,2012,national,consumption,9.885140419006348,1.807521820068359,5.11986780166626
KEN,2013,national,consumption,9.69747257232666,1.77910852432251,5.136909484863281
KEN,2014,national,consumption,9.499157905578613,1.748484134674072,5.153883934020996
KEN,2015,national,consumption,9.296669960021973,1.70572030544281,5.137341499328613
KEN,2016,national,consumption,9.207664489746094,1.657019734382629,5.038905620574951
KEN,2017,national,consumption,9.356527328491211,1.621261119842529,4.851726531982422
KEN,2018,national,consumption,9.380249977111816,1.582543611526489,4.723885059356689
KEN,2019,national,consumption,9.424164772033691,1.539661288261414,4.574465274810791
KEN,2020,national,consumption,9.847950847418685,1.4905606508255,4.238008370495
KEN,2021,national,consumption,10.03120109204333,1.555980682373047,4.34319472399
KEN,2022,national,consumption,9.791906356811523,1.553111433982849,4.441129207611084
KEN,2023,national,consumption,9.559078216552734,1.553194761276245,4.549544811248779
KEN,2024,national,consumption,9.348773956298828,1.553234815597534,4.652008533477783
KEN,2025,national,consumption,9.189586639404297,1.553241848945618,4.732614517211914
KGZ,1981,national,income,7.783437728881836,2.212518930435181,7.959275722503662
KGZ,1982,national,income,7.868920803070068,2.212476491928101,7.872660160064697
KGZ,1983,national,income,7.519708633422852,2.212525367736816,8.238445281982422
KGZ,1984,national,income,7.570440769195557,2.212569236755371,8.183399200439453
KGZ,1985,national,income,8.022917747497559,2.212450981140137,7.721458435058594
KGZ,1986,national,income,8.324043273925781,2.212517976760864,7.442357063293457
KGZ,1987,national,income,8.213015556335449,2.212554454803467,7.543091297149658
KGZ,1988,national,income,7.384410858154297,2.212526559829712,8.389395713806152
KGZ,1989,national,income,7.335733890533447,2.212510585784912,8.445003509521484
KGZ,1990,national,income,7.074765682220459,2.212478399276733,8.756388664245605
KGZ,1991,national,income,7.812158107757568,2.212538480758667,7.930085182189941
KGZ,1992,national,income,9.171676635742188,2.212485074996948,6.754444599151611
KGZ,1993,national,income,10.85229110717773,2.212517738342285,5.708517551422119
KGZ,1994,national,income,13.50146484375,2.200662851333618,4.5638427734375
KGZ,1995,national,income,14.34133625030518,2.188849449157715,4.273505687713623
KGZ,1996,national,income,13.65305328369141,2.198589086532593,4.508917808532715
KGZ,1997,national,income,12.67938423156738,2.211651086807251,4.88400936126709
KGZ,1998,national,income,12.64922043361057,2.200823068618774,4.871687023899
KGZ,1999,national,consumption,13.1391487121582,1.337040662765503,2.849281787872314
KGZ,2000,national,consumption,12.78081979514759,1.339747428894043,2.935095518417
KGZ,2001,national,consumption,11.91620204028464,1.322138428688049,3.106684034064
KGZ,2002,national,consumption,11.70875621105481,1.332393169403076,3.186248761372
KGZ,2003,national,consumption,10.74930419753677,1.285895228385925,3.349525322451
KGZ,2004,national,consumption,8.097218667717154,1.445260882377625,4.997679714666
KGZ,2005,national,consumption,8.605614325099078,1.373085975646973,4.46759593634
KGZ,2006,national,consumption,7.188374287281755,1.505570530891418,5.864465873196
KGZ,2007,national,consumption,7.175571559842739,1.428019285202026,5.572314215313
KGZ,2008,national,consumption,6.097152534772136,1.362787485122681,6.258339452889
KGZ,2009,national,consumption,5.744528132562782,1.310944080352783,6.389808154934
KGZ,2010,national,consumption,6.413904363400501,1.394332051277161,6.086978161583
KGZ,2011,national,consumption,5.825551286659803,1.262797236442566,6.06952410418
KGZ,2012,national,consumption,6.112553092372561,1.279456377029419,5.860853512214
KGZ,2013,national,consumption,6.243438274825881,1.288185358047485,5.777135627024
KGZ,2014,national,consumption,5.76034378765018,1.242060542106628,6.037434220574
KGZ,2015,national,consumption,6.078258615784828,1.288949728012085,5.937653414587
KGZ,2016,national,consumption,5.747583383654118,1.243064045906067,6.055726264986
KGZ,2017,national,consumption,5.754578913074874,1.253119707107544,6.097292778603
KGZ,2018,national,consumption,5.398869292393359,1.256569623947144,6.516911041561
KGZ,2019,national,consumption,5.287320426090317,1.303724646568298,6.904118900739
KGZ,2020,national,consumption,5.731031380608914,1.285887479782104,6.282438084349
KGZ,2021,national,consumption,5.252330862788591,1.285168051719666,6.851188162075
KGZ,2022,national,consumption,5.105559263006768,1.232965230941772,6.761850249628
KGZ,2023,national,consumption,4.951298713684082,1.232080221176147,6.967514514923096
KGZ,2024,national,consumption,4.807147979736328,1.23207676410675,7.176427841186523
KGZ,2025,national,consumption,4.639037132263184,1.232071757316589,7.436459064483643
KHM,1981,national,,24.40870094299316,1.667641997337341,1.913005352020264
KHM,1982,national,,22.85719108581543,1.634384393692017,2.002116680145264
KHM,1983,national,,21.14700317382813,1.594770431518555,2.111579179763794
KHM,1984,national,,18.94826507568359,1.538020610809326,2.272745132446289
KHM,1985,national,,18.00973510742188,1.523019433021545,2.367860794067383
KHM,1986,national,,17.47477531433105,1.527145743370056,2.446960210800171
KHM,1987,national,,16.74593162536621,1.534370541572571,2.56554102897644
KHM,1988,national,,15.50753784179688,1.518698692321777,2.742122173309326
KHM,1989,national,,17.12288665771484,1.59705114364624,2.611559152603149
KHM,1990,national,,16.70993232727051,1.608567118644714,2.695395708084106
KHM,1991,national,,16.36263465881348,1.621693968772888,2.775068521499634
KHM,1992,national,,15.88161373138428,1.635483503341675,2.883430957794189
KHM,1993,national,,15.4198751449585,1.642504692077637,2.982522964477539
KHM,1994,national,,14.14209079742432,1.628344416618347,3.223967790603638
KHM,1995,national,,13.20421600341797,1.635139107704163,3.467369556427002
KHM,1996,national,,12.44002056121826,1.662443399429321,3.741827964782715
KHM,1997,national,,12.43155765533447,1.70077908039093,3.830719947814941
KHM,1998,national,,12.71297740936279,1.726580023765564,3.802747249603271
KHM,1999,national,,12.09512901306152,1.719696521759033,3.981065511703491
KHM,2000,national,,11.62391090393066,1.73140287399292,4.170651435852051
KHM,2001,national,,11.11767673492432,1.756735801696777,4.424359798431396
KHM,2002,national,,10.37381839752197,1.772962808609009,4.785408496856689
KHM,2003,national,,9.586318016052246,1.754455208778381,5.124464511871338
KHM,2004,national,,8.903857231140137,1.747275829315186,5.49466609954834
KHM,2005,national,,8.169175148010254,1.73156476020813,5.934970378875732
KHM,2006,national,,7.963298320770264,1.782298803329468,6.266796112060547
KHM,2007,national,,7.510009288787842,1.809226632118225,6.745443820953369
KHM,2008,national,,7.246042251586914,1.840979933738708,7.113874912261963
KHM,2009,national,,6.851041793823242,1.863452315330505,7.615872859954834
KHM,2010,national,,6.356264114379883,1.876651763916016,8.266844749450684
KHM,2011,national,,5.842445373535156,1.853362202644348,8.882264137268066
KHM,2012,national,,5.437477588653564,1.853066563606262,9.542266845703125
KHM,2013,national,,4.714409351348877,1.754438638687134,10.42002868652344
KHM,2014,national,,4.435393810272217,1.753258347511292,11.06806659698486
KHM,2015,national,,4.145198822021484,1.74174952507019,11.76517391204834
KHM,2016,national,,3.897650241851807,1.733247756958008,12.45133209228516
KHM,2017,national,,3.719255685806274,1.738698363304138,13.08959579467773
KHM,2018,national,,3.505136728286743,1.72750186920166,13.79976177215576
KHM,2019,national,,3.317496061325073,1.719678401947021,14.51425838470459
KHM,2020,national,,3.346598148345947,1.681135535240173,14.06556510925293
KHM,2021,national,,3.091820240020752,1.706607937812805,15.45530414581299
KHM,2022,national,,3.057236909866333,1.708668351173401,15.64900398254395
KHM,2023,national,,2.960227489471436,1.713810563087463,16.21047592163086
KHM,2024,national,,2.870854616165161,1.718198418617249,16.75792121887207
KHM,2025,national,,2.797039985656738,1.725280523300171,17.27106285095215
KIR,1981,national,consumption,6.145822525024414,1.565829277038574,7.133824348449707
KIR,1982,national,consumption,6.263184547424316,1.565830111503601,7.000151634216309
KIR,1983,national,consumption,6.797711849212646,1.565829277038574,6.449702739715576
KIR,1984,national,consumption,6.268157958984375,1.56583034992218,6.994598865509033
KIR,1985,national,consumption,6.997738838195801,1.56583034992218,6.265345096588135
KIR,1986,national,consumption,7.236166477203369,1.565839171409607,6.058939933776855
KIR,1987,national,consumption,7.294252872467041,1.565828561782837,6.010649681091309
KIR,1988,national,consumption,6.432044506072998,1.5658358335495,6.816402435302734
KIR,1989,national,consumption,6.888782501220703,1.565829873085022,6.364439010620117
KIR,1990,national,consumption,7.325782775878906,1.565834879875183,5.984804153442383
KIR,1991,national,consumption,7.732667922973633,1.565834641456604,5.669888973236084
KIR,1992,national,consumption,6.703770637512207,1.565836787223816,6.540114879608154
KIR,1993,national,consumption,6.780908584594727,1.565838098526001,6.465721607208252
KIR,1994,national,consumption,6.755315780639648,1.565833926200867,6.490200042724609
KIR,1995,national,consumption,6.69822883605957,1.565834641456604,6.545516967773438
KIR,1996,national,consumption,6.780460357666016,1.565837740898132,6.466147422790527
KIR,1997,national,consumption,6.811697006225586,1.565837740898132,6.436495304107666
KIR,1998,national,consumption,6.689848899841309,1.565832018852234,6.553705215454102
KIR,1999,national,consumption,6.959474086761475,1.565829157829285,6.299788951873779
KIR,2000,national,consumption,6.726326465606689,1.565823435783386,6.518127918243408
KIR,2001,national,consumption,6.969819068908691,1.565836429595947,6.290467262268066
KIR,2002,national,consumption,7.002857685089111,1.565832853317261,6.260775566101074
KIR,2003,national,consumption,7.182466506958008,1.565833568572998,6.104218006134033
KIR,2004,national,consumption,7.314802169799805,1.56582510471344,5.993751049041748
KIR,2005,national,consumption,7.35201358795166,1.56583046913147,5.96343469619751
KIR,2006,national,consumption,7.200262398514498,1.577481150627136,6.134425212303
KIR,2007,national,consumption,7.035470008850098,1.544740080833435,6.14780855178833
KIR,2008,national,consumption,7.220071792602539,1.520916938781738,5.898234367370605
KIR,2009,national,consumption,7.223584651947021,1.498499035835266,5.808469772338867
KIR,2010,national,consumption,7.182609558105469,1.475416660308838,5.751623630523682
KIR,2011,national,consumption,7.000879287719727,1.445990681648254,5.783236503601074
KIR,2012,national,consumption,6.727385520935059,1.425623416900635,5.933576583862305
KIR,2013,national,consumption,6.269836902618408,1.404738783836365,6.273318767547607
KIR,2014,national,consumption,6.170543670654297,1.382544159889221,6.273553848266602
KIR,2015,national,consumption,5.80342435836792,1.359986305236816,6.561577320098877
KIR,2016,national,consumption,5.565698623657227,1.337932467460632,6.73089075088501
KIR,2017,national,consumption,5.410384654998779,1.31441342830658,6.802395343780518
KIR,2018,national,consumption,5.272071838378906,1.293086409568787,6.867588520050049
KIR,2019,national,consumption,5.128288745880127,1.270341634750366,6.935952186584473
KIR,2020,national,consumption,5.195676803588867,1.263916254043579,6.811366081237793
KIR,2021,national,consumption,4.966363430023193,1.263916611671448,7.125870704650879
KIR,2022,national,consumption,4.889680862426758,1.263912081718445,7.23759651184082
KIR,2023,national,consumption,4.805434703826904,1.26391327381134,7.364489078521729
KIR,2024,national,consumption,4.669454574584961,1.263922929763794,7.579010009765625
KIR,2025,national,consumption,4.592268943786621,1.263917922973633,7.706365585327148
KNA,1981,national,,7.497424602508545,3.405282020568848,12.71741962432861
KNA,1982,national,,7.623676776885986,3.433813333511353,12.61160182952881
KNA,1983,national,,8.401516914367676,3.540835618972778,11.80065441131592
KNA,1984,national,,8.305234909057617,3.517069101333618,11.85733318328857
KNA,1985,national,,7.954611301422119,3.38092303276062,11.90075016021729
KNA,1986,national,,6.745903015136719,3.492966890335083,14.49814414978027
KNA,1987,national,,7.52939510345459,3.528818368911743,13.12282276153564
KNA,1988,national,,7.891745090484619,3.63255500793457,12.88834571838379
KNA,1989,national,,7.81828498840332,3.652914762496948,13.08235931396484
KNA,1990,national,,7.929935932159424,3.388048648834229,11.96294212341309
KNA,1991,national,,7.83985424041748,3.296554565429688,11.77362823486328
KNA,1992,national,,8.037450790405273,3.297601222991943,11.48782539367676
KNA,1993,national,,7.986493587493896,3.50852632522583,12.30060958862305
KNA,1994,national,,7.785102367401123,3.522962331771851,12.67073154449463
KNA,1995,national,,7.519270896911621,3.547326564788818,13.20941162109375
KNA,1996,national,,8.084501266479492,3.779983758926392,13.09166049957275
KNA,1997,national,,7.901110649108887,3.745749473571777,13.27420806884766
KNA,1998,national,,7.830459594726563,3.787169218063354,13.54208374023438
KNA,1999,national,,7.994837284088135,3.750094890594482,13.13380813598633
KNA,2000,national,,7.658184051513672,3.766472578048706,13.77104949951172
KNA,2001,national,,7.299802780151367,3.605034351348877,13.82790279388428
KNA,2002,national,,6.792012691497803,3.297470808029175,13.59378814697266
KNA,2003,national,,6.716479778289795,3.288531541824341,13.70939636230469
KNA,2004,national,,6.349272727966309,3.170278549194336,13.9807825088501
KNA,2005,national,,6.155342102050781,3.246074914932251,14.76605129241943
KNA,2006,national,,5.479649543762207,3.099343776702881,15.83707618713379
KNA,2007,national,,5.034153461456299,2.960683584213257,16.46734428405762
KNA,2008,national,,4.777429580688477,2.896310806274414,16.97496604919434
KNA,2009,national,,4.658419609069824,2.831486463546753,17.01899528503418
KNA,2010,national,,4.398510456085205,2.768479347229004,17.62356185913086
KNA,2011,national,,4.218143939971924,2.763738632202148,18.34567070007324
KNA,2012,national,,4.05217456817627,2.76348352432251,19.09531211853027
KNA,2013,national,,3.859222412109375,2.698874711990356,19.58127403259277
KNA,2014,national,,3.795360088348389,2.647285223007202,19.53015899658203
KNA,2015,national,,3.600244760513306,2.567713260650635,19.96974563598633
KNA,2016,national,,3.654151201248169,2.627557039260864,20.13370323181152
KNA,2017,national,,3.62459921836853,2.624851942062378,20.2769603729248
KNA,2018,national,,3.5965576171875,2.635875940322876,20.5208797454834
KNA,2019,national,,3.604058265686035,2.64488697052002,20.54817962646484
KNA,2020,national,,3.641482353210449,2.520908355712891,19.38370895385742
KNA,2021,national,,3.678749322891235,2.580506086349487,19.64096069335938
KNA,2022,national,,3.390941619873047,2.514363527297974,20.76183700561523
KNA,2023,national,,3.269550323486328,2.499966859817505,21.40938758850098
KNA,2024,national,,3.203426837921143,2.483994007110596,21.71169662475586
KNA,2025,national,,3.174818515777588,2.491985321044922,21.97781944274902
KOR,1981,national,income,4.410083293914795,1.531146168708801,9.721379280090332
KOR,1982,national,income,4.17589282989502,1.535231590270996,10.2939624786377
KOR,1983,national,income,3.893131256103516,1.540855169296265,11.08206748962402
KOR,1984,national,income,3.671510219573975,1.545904040336609,11.78951168060303
KOR,1985,national,income,3.467194557189941,1.551165699958801,12.52673816680908
KOR,1986,national,income,3.217997074127197,1.55854856967926,13.56103134155273
KOR,1987,national,income,3.0040283203125,1.564430952072144,14.5817756652832
KOR,1988,national,income,2.773392200469971,1.564430952072144,15.79440021514893
KOR,1989,national,income,2.527559041976929,1.564431071281433,17.33058166503906
KOR,1990,national,income,2.319403171539307,1.564430952072144,18.88592147827148
KOR,1991,national,income,2.147917032241821,1.564430832862854,20.39374160766602
KOR,1992,national,income,2.02891993522644,1.564430952072144,21.58984565734863
KOR,1993,national,income,1.916484951972961,1.564430952072144,22.8564624786377
KOR,1994,national,income,1.772700071334839,1.564431071281433,24.71036720275879
KOR,1995,national,income,1.617191672325134,1.564430952072144,27.08650207519531
KOR,1996,national,income,1.515331506729126,1.564430952072144,28.90724945068359
KOR,1997,national,income,1.467647671699524,1.564431071281433,29.8464469909668
KOR,1998,national,income,1.67838191986084,1.564431071281433,26.0989875793457
KOR,1999,national,income,1.508607864379883,1.564431071281433,29.03608703613281
KOR,2000,national,income,1.391576290130615,1.564430952072144,31.47801971435547
KOR,2001,national,income,1.325507044792175,1.564430952072144,33.04702758789063
KOR,2002,national,income,1.223365426063538,1.564430832862854,35.80619812011719
KOR,2003,national,income,1.234395265579224,1.564430952072144,35.48625564575195
KOR,2004,national,income,1.234366893768311,1.564431071281433,35.48707580566406
KOR,2005,national,income,1.181951999664307,1.564430952072144,37.06078338623047
KOR,2006,national,income,1.1523165325906,1.59412407875061,38.735429305585
KOR,2007,national,income,1.109439730644226,1.57508647441864,39.75197601318359
KOR,2008,national,income,1.128353009872926,1.613150119781494,40.030204736442
KOR,2009,national,income,1.150667548179626,1.618928909301758,39.39453125
KOR,2010,national,income,1.166628280769532,1.690945982933044,40.584037695837
KOR,2011,national,income,1.06850254535675,1.601450681686401,41.96585083007813
KOR,2012,national,income,1.030158534564769,1.576247096061707,42.842841948232
KOR,2013,national,income,.9874875545501709,1.543483972549438,43.76515960693359
KOR,2014,national,income,.9682503430558461,1.553699731826782,44.930108528746
KOR,2015,national,income,.9042211771011353,1.567466378211975,48.53796768188477
KOR,2016,national,income,.8469558432708546,1.62318229675293,53.661716161011
KOR,2017,national,income,.8164380687313136,1.61724865436554,55.464050888138
KOR,2018,national,income,.764511705694774,1.555352926254272,56.964308693397
KOR,2019,national,income,.7141293425628678,1.50739312171936,59.102751046561
KOR,2020,national,income,.6700864758231966,1.467642545700073,61.32640003681
KOR,2021,national,income,.6493657798696465,1.493310928344727,64.39006438694599
KOR,2022,national,income,.618276059627533,1.480133414268494,67.03112030029297
KOR,2023,national,income,.6078212857246399,1.480133414268494,68.18408203125
KOR,2024,national,income,.5935380458831787,1.480132579803467,69.82485961914063
KOR,2025,national,income,.5825532674789429,1.480133652687073,71.14154815673828
KWT,1981,national,,1.496624946594238,2.132287263870239,39.8924560546875
KWT,1982,national,,1.493242144584656,2.167636394500732,40.64566421508789
KWT,1983,national,,1.463216304779053,2.16046404838562,41.34248352050781
KWT,1984,national,,1.427136659622192,2.160440683364868,42.38720703125
KWT,1985,national,,1.393227577209473,2.151299715042114,43.23514175415039
KWT,1986,national,,1.367812395095825,2.170376777648926,44.42900848388672
KWT,1987,national,,1.327402472496033,2.19279670715332,46.25447845458984
KWT,1988,national,,1.248824954032898,2.121755838394165,47.57205200195313
KWT,1989,national,,1.210408210754395,2.113552093505859,48.89214706420898
KWT,1990,national,,1.197982668876648,2.109210252761841,49.29777908325195
KWT,1991,national,,1.199968338012695,2.127433776855469,49.64142990112305
KWT,1992,national,,1.204667806625366,2.152277946472168,50.02523040771484
KWT,1993,national,,1.258595585823059,2.234933614730835,49.72061157226563
KWT,1994,national,,1.22137176990509,2.207353830337524,50.60367965698242
KWT,1995,national,,1.192130208015442,2.189465522766113,51.42478179931641
KWT,1996,national,,1.189279556274414,2.214619636535645,52.14026641845703
KWT,1997,national,,1.198803067207336,2.280360221862793,53.26152801513672
KWT,1998,national,,1.210111260414124,2.360380887985229,54.61536026000977
KWT,1999,national,,1.155880689620972,2.313583135604858,56.04413223266602
KWT,2000,national,,1.132245898246765,2.305874347686768,57.02337265014648
KWT,2001,national,,1.140905141830444,2.34704327583313,57.60094451904297
KWT,2002,national,,1.129328727722168,2.353925704956055,58.36203002929688
KWT,2003,national,,1.139819979667664,2.411402225494385,59.23677825927734
KWT,2004,national,,1.143701553344727,2.438053131103516,59.68819808959961
KWT,2005,national,,1.135640740394592,2.461805820465088,60.69750595092773
KWT,2006,national,,1.120078682899475,2.466006517410278,61.64583206176758
KWT,2007,national,,1.080879807472229,2.445630550384521,63.3536262512207
KWT,2008,national,,1.110014200210571,2.492559671401978,62.87457656860352
KWT,2009,national,,1.073621869087219,2.406819343566895,62.76971817016602
KWT,2010,national,,1.108794093132019,2.475446701049805,62.51161193847656
KWT,2011,national,,1.120316624641418,2.479135513305664,61.96087265014648
KWT,2012,national,,1.158023834228516,2.556088447570801,61.80397415161133
KWT,2013,national,,1.142036318778992,2.538648843765259,62.24160003662109
KWT,2014,national,,1.162987470626831,2.615633726119995,62.97380447387695
KWT,2015,national,,1.122166514396667,2.596498489379883,64.78713989257813
KWT,2016,national,,1.115796446800232,2.630395412445068,66.00762176513672
KWT,2017,national,,1.122286438941956,2.677948713302612,66.81232452392578
KWT,2018,national,,1.092122197151184,2.666604995727539,68.36683654785156
KWT,2019,national,,1.038674831390381,2.617498636245728,70.56102752685547
KWT,2020,national,,.8649140000343323,2.236176729202271,72.39210510253906
KWT,2021,national,,.8297843337059021,2.172513484954834,73.30866241455078
KWT,2022,national,,1.06429922580719,2.745012044906616,72.21685028076172
KWT,2023,national,,1.006985545158386,2.637865304946899,73.34785461425781
KWT,2024,national,,.9825437068939209,2.606427907943726,74.27657318115234
KWT,2025,national,,.9767363667488098,2.607769250869751,74.75665283203125
LAO,1981,national,consumption,10.40479564666748,1.405022978782654,3.781010627746582
LAO,1982,national,consumption,10.23553943634033,1.404994249343872,3.84345531463623
LAO,1983,national,consumption,10.20649814605713,1.405051231384277,3.854547739028931
LAO,1984,national,consumption,9.953783988952637,1.405038833618164,3.952374935150146
LAO,1985,national,consumption,9.802857398986816,1.405054330825806,4.013270854949951
LAO,1986,national,consumption,9.669081687927246,1.405030369758606,4.068726539611816
LAO,1987,national,consumption,9.961078643798828,1.40501880645752,3.949424505233765
LAO,1988,national,consumption,10.30592441558838,1.405047535896301,3.817351102828979
LAO,1989,national,consumption,9.571202278137207,1.405043125152588,4.110372543334961
LAO,1990,national,consumption,9.328651428222656,1.405028939247131,4.217202186584473
LAO,1991,national,consumption,9.238266944885254,1.405044078826904,4.258508205413818
LAO,1992,national,consumption,9.068327903747559,1.405036330223083,4.338287830352783
LAO,1993,national,consumption,9.637502670288086,1.443119645118713,4.19271993637085
LAO,1994,national,consumption,10.21754264831543,1.472424983978271,4.035011291503906
LAO,1995,national,consumption,10.81091690063477,1.482474684715271,3.839571714401245
LAO,1996,national,consumption,11.36116313934326,1.479214668273926,3.645578384399414
LAO,1997,national,consumption,11.85232543945313,1.448783040046692,3.422613143920898
LAO,1998,national,consumption,11.69821834564209,1.4303377866745,3.4235520362854
LAO,1999,national,consumption,10.96127033233643,1.418734788894653,3.624084949493408
LAO,2000,national,consumption,10.42595767974854,1.390732169151306,3.734956741333008
LAO,2001,national,consumption,9.924019813537598,1.380000114440918,3.89358377456665
LAO,2002,national,consumption,9.431190490722656,1.365271329879761,4.053316116333008
LAO,2003,national,consumption,9.237444877624512,1.376869559288025,4.173486232757568
LAO,2004,national,consumption,9.123968124389648,1.390167117118835,4.266200542449951
LAO,2005,national,consumption,8.980329513549805,1.418416976928711,4.422518730163574
LAO,2006,national,consumption,8.777240753173828,1.442959547042847,4.603139877319336
LAO,2007,national,consumption,8.612639427185059,1.456592559814453,4.735434532165527
LAO,2008,national,consumption,8.288792610168457,1.464944958686829,4.948665142059326
LAO,2009,national,consumption,7.951153755187988,1.467889428138733,5.169174671173096
LAO,2010,national,consumption,7.571389675140381,1.465127825737,5.418236255645752
LAO,2011,national,consumption,7.233381748199463,1.454509377479553,5.630321025848389
LAO,2012,national,consumption,6.912956714630127,1.452200293540955,5.881941795349121
LAO,2013,national,consumption,6.698916912078857,1.470599770545959,6.146783828735352
LAO,2014,national,consumption,6.534214496612549,1.486270308494568,6.368870735168457
LAO,2015,national,consumption,6.387681484222412,1.504201173782349,6.593571186065674
LAO,2016,national,consumption,6.253623962402344,1.528060436248779,6.841743469238281
LAO,2017,national,consumption,6.124770641326904,1.539907693862915,7.039841651916504
LAO,2018,national,consumption,6.017192363739014,1.551077723503113,7.217681407928467
LAO,2019,national,consumption,5.891130447387695,1.556897759437561,7.399791717529297
LAO,2020,national,consumption,5.932183742523193,1.556918025016785,7.348677635192871
LAO,2021,national,consumption,5.888351440429688,1.556912183761597,7.403352737426758
LAO,2022,national,consumption,5.836692333221436,1.556941747665405,7.469019412994385
LAO,2023,national,consumption,5.743561267852783,1.556905388832092,7.589951515197754
LAO,2024,national,consumption,5.636969566345215,1.556919932365417,7.733545303344727
LAO,2025,national,consumption,5.552260875701904,1.556909203529358,7.851478576660156
LBN,1981,national,consumption,2.891050577163696,1.395270466804504,13.51327896118164
LBN,1982,national,consumption,3.926481962203979,1.395273923873901,9.949790000915527
LBN,1983,national,consumption,3.417973518371582,1.395269274711609,11.43002986907959
LBN,1984,national,consumption,2.642869710922241,1.395265221595764,14.78219890594482
LBN,1985,national,consumption,2.292067527770996,1.395276546478271,17.04476165771484
LBN,1986,national,consumption,2.447333574295044,1.39527153968811,15.96333408355713
LBN,1987,national,consumption,2.230653762817383,1.395267486572266,17.51391983032227
LBN,1988,national,consumption,2.813282251358032,1.395273923873901,13.88686466217041
LBN,1989,national,consumption,4.049238681793213,1.395277261734009,9.648175239562988
LBN,1990,national,consumption,3.465277433395386,1.395272016525269,11.27402305603027
LBN,1991,national,consumption,2.615092039108276,1.395275235176086,14.93932437896729
LBN,1992,national,consumption,2.381672382354736,1.395272374153137,16.4034423828125
LBN,1993,national,consumption,2.245823621749878,1.395269393920898,17.3956413269043
LBN,1994,national,consumption,2.152653217315674,1.395272850990295,18.14859962463379
LBN,1995,national,consumption,2.086305141448975,1.395270228385925,18.7257194519043
LBN,1996,national,consumption,1.959525108337402,1.395273447036743,19.93730926513672
LBN,1997,national,consumption,2.034652471542358,1.395274639129639,19.2011604309082
LBN,1998,national,consumption,2.032886266708374,1.395271897315979,19.21780586242676
LBN,1999,national,consumption,2.04370903968811,1.395271897315979,19.11603546142578
LBN,2000,national,consumption,2.04849910736084,1.39526891708374,19.0712947845459
LBN,2001,national,consumption,1.998646020889282,1.395261645317078,19.54689598083496
LBN,2002,national,consumption,1.983574986457825,1.395266532897949,19.69548034667969
LBN,2003,national,consumption,1.955078482627869,1.395274639129639,19.9826717376709
LBN,2004,national,consumption,1.901317238807678,1.395275712013245,20.5477123260498
LBN,2005,national,consumption,1.965957164764404,1.395277380943298,19.87213516235352
LBN,2006,national,consumption,1.946048855781555,1.395274996757507,20.07539558410645
LBN,2007,national,consumption,1.877445936203003,1.395273923873901,20.80894470214844
LBN,2008,national,consumption,1.781427621841431,1.395275235176086,21.93056106567383
LBN,2009,national,consumption,1.648481130599976,1.395267724990845,23.6990852355957
LBN,2010,national,consumption,1.563838243484497,1.395272135734558,24.98188018798828
LBN,2011,national,consumption,1.60972785949707,1.395273089408875,24.26972198486328
LBN,2012,national,consumption,1.578194618225098,1.416849613189697,25.137451171875
LBN,2013,national,consumption,1.745339632034302,1.407354712486267,22.57780075073242
LBN,2014,national,consumption,2.096433162689209,1.417243003845215,18.92872428894043
LBN,2015,national,consumption,2.115450382232666,1.427096009254456,18.88897514343262
LBN,2016,national,consumption,1.946186661720276,1.437261462211609,20.67803764343262
LBN,2017,national,consumption,1.807290434837341,1.447427034378052,22.42470550537109
LBN,2018,national,consumption,1.800674557685852,1.457454919815063,22.66302871704102
LBN,2019,national,consumption,1.770253300666809,1.468049049377441,23.22005271911621
LBN,2020,national,consumption,2.877379655838013,1.477886557579041,14.38142681121826
LBN,2021,national,consumption,3.840193748474121,1.625199437141418,11.84981441497803
LBN,2022,national,consumption,4.091744422912598,1.564127326011658,10.70339679718018
LBN,2023,national,consumption,4.213570594787598,1.506350994110107,10.00999641418457
LBN,2024,national,consumption,4.450235366821289,1.50632643699646,9.477507591247559
LBN,2025,national,consumption,4.330019950866699,1.506343603134155,9.740745544433594
LBR,1981,national,consumption,5.786348342895508,1.621650815010071,7.847129344940186
LBR,1982,national,consumption,6.005433082580566,1.621667265892029,7.560934066772461
LBR,1983,national,consumption,6.213438034057617,1.621638178825378,7.307688236236572
LBR,1984,national,consumption,6.442923069000244,1.621625423431396,7.047346591949463
LBR,1985,national,consumption,6.61995267868042,1.621655464172363,6.859014511108398
LBR,1986,national,consumption,6.838902950286865,1.621646285057068,6.639382839202881
LBR,1987,national,consumption,7.028725147247314,1.621592283248901,6.459860324859619
LBR,1988,national,consumption,7.274915218353271,1.621611356735229,6.241325855255127
LBR,1989,national,consumption,9.106795310974121,1.621638178825378,4.98593282699585
LBR,1990,national,consumption,13.23408031463623,1.621638774871826,3.430981636047363
LBR,1991,national,consumption,13.47117328643799,1.621651172637939,3.370621919631958
LBR,1992,national,consumption,18.23867225646973,1.600870728492737,2.457655906677246
LBR,1993,national,consumption,23.79541015625,1.569755554199219,1.847127437591553
LBR,1994,national,consumption,27.70792961120605,1.552597641944885,1.568963646888733
LBR,1995,national,consumption,28.65380096435547,1.5483717918396,1.513042211532593
LBR,1996,national,consumption,27.09401702880859,1.555438280105591,1.607449769973755
LBR,1997,national,consumption,17.12181663513184,1.606273055076599,2.626803398132324
LBR,1998,national,consumption,15.3258581161499,1.615458250045776,2.951406002044678
LBR,1999,national,consumption,13.90546226501465,1.621660470962524,3.265371084213257
LBR,2000,national,consumption,11.90932083129883,1.621621370315552,3.812593460083008
LBR,2001,national,consumption,11.91407775878906,1.621607422828674,3.811038494110107
LBR,2002,national,consumption,11.82301330566406,1.621582627296448,3.840333461761475
LBR,2003,national,consumption,15.01816654205322,1.617257118225098,3.015228271484375
LBR,2004,national,consumption,14.87704181671143,1.617798686027527,3.04485011100769
LBR,2005,national,consumption,14.81070518493652,1.618283271789551,3.059404134750366
LBR,2006,national,consumption,14.59887790679932,1.619354844093323,3.105850696563721
LBR,2007,national,consumption,14.23990887393727,1.619180798530579,3.183802838786
LBR,2008,national,consumption,13.09946060180664,1.595447063446045,3.410256385803223
LBR,2009,national,consumption,12.32035732269287,1.568038463592529,3.563620328903198
LBR,2010,national,consumption,11.36008834838867,1.540718078613281,3.797515153884888
LBR,2011,national,consumption,10.30845832824707,1.5140780210495,4.112563133239746
LBR,2012,national,consumption,9.350467681884766,1.479330897331238,4.42986011505127
LBR,2013,national,consumption,8.740325927734375,1.464866757392883,4.692761898040771
LBR,2014,national,consumption,8.281209806742465,1.42456591129303,4.8166687856
LBR,2015,national,consumption,8.331828117370605,1.445917963981628,4.859161853790283
LBR,2016,national,consumption,8.527339542870958,1.479373574256897,4.857606461904
LBR,2017,national,consumption,8.477272033691406,1.474963665008545,4.871730327606201
LBR,2018,national,consumption,8.525736808776855,1.475062489509583,4.844361305236816
LBR,2019,national,consumption,8.795239448547363,1.475008726119995,4.695749759674072
LBR,2020,national,consumption,9.112838745117188,1.475050210952759,4.532221794128418
LBR,2021,national,consumption,8.938429832458496,1.475110054016113,4.620842933654785
LBR,2022,national,consumption,8.779090881347656,1.475048780441284,4.704514980316162
LBR,2023,national,consumption,8.633541107177734,1.474979281425476,4.7836012840271
LBR,2024,national,consumption,8.478409767150879,1.475017309188843,4.871253490447998
LBR,2025,national,consumption,8.308178901672363,1.475039482116699,4.971138000488281
LBY,1981,national,,5.81682825088501,1.645236730575562,7.919544219970703
LBY,1982,national,,5.756286144256592,1.634244561195374,7.94936990737915
LBY,1983,national,,5.650723934173584,1.628050923347473,8.067183494567871
LBY,1984,national,,5.551847457885742,1.633065581321716,8.236147880554199
LBY,1985,national,,5.500061988830566,1.63685405254364,8.332981109619141
LBY,1986,national,,5.566990852355957,1.621486306190491,8.15550422668457
LBY,1987,national,,5.693954944610596,1.61521577835083,7.942816734313965
LBY,1988,national,,5.650860786437988,1.597044110298157,7.913349151611328
LBY,1989,national,,5.687988758087158,1.570158839225769,7.729348659515381
LBY,1990,national,,5.43628454208374,1.564008593559265,8.055545806884766
LBY,1991,national,,5.478237628936768,1.567791819572449,8.013192176818848
LBY,1992,national,,5.32032299041748,1.559622645378113,8.208042144775391
LBY,1993,national,,5.253228187561035,1.55414617061615,8.283685684204102
LBY,1994,national,,5.206905841827393,1.547677397727966,8.32259464263916
LBY,1995,national,,5.225240230560303,1.551782965660095,8.31539249420166
LBY,1996,national,,5.068888664245605,1.552659749984741,8.576726913452148
LBY,1997,national,,4.973605632781982,1.555575132369995,8.757450103759766
LBY,1998,national,,4.798946857452393,1.573216080665588,9.179107666015625
LBY,1999,national,,4.713692665100098,1.570399165153503,9.32839298248291
LBY,2000,national,,4.570958614349365,1.579457998275757,9.675174713134766
LBY,2001,national,,4.553379535675049,1.584494590759277,9.743498802185059
LBY,2002,national,,4.474910736083984,1.591007947921753,9.955108642578125
LBY,2003,national,,4.467699527740479,1.600038170814514,10.02777099609375
LBY,2004,national,,4.284649848937988,1.629280567169189,10.64727783203125
LBY,2005,national,,4.252038955688477,1.632768511772156,10.75190448760986
LBY,2006,national,,4.203541278839111,1.642993927001953,10.94406509399414
LBY,2007,national,,4.161471843719482,1.650192737579346,11.1031379699707
LBY,2008,national,,4.123828411102295,1.642619132995605,11.15306758880615
LBY,2009,national,,4.021605491638184,1.624281525611877,11.30888748168945
LBY,2010,national,,3.919695377349854,1.582595229148865,11.30513000488281
LBY,2011,national,,3.900565624237061,1.552331328392029,11.14332675933838
LBY,2012,national,,3.886504650115967,1.52255642414093,10.96913146972656
LBY,2013,national,,3.967608213424683,1.515564918518066,10.69556617736816
LBY,2014,national,,4.053417205810547,1.536895751953125,10.61649417877197
LBY,2015,national,,4.193131446838379,1.605152726173401,10.71854686737061
LBY,2016,national,,4.362290382385254,1.662334322929382,10.66993618011475
LBY,2017,national,,4.375353813171387,1.682896018028259,10.76966381072998
LBY,2018,national,,4.388710975646973,1.6849764585495,10.75015926361084
LBY,2019,national,,4.408998012542725,1.677010178565979,10.65010356903076
LBY,2020,national,,4.68902063369751,1.676819801330566,10.01295566558838
LBY,2021,national,,4.649415969848633,1.692883729934692,10.19498920440674
LBY,2022,national,,4.58395528793335,1.697910904884338,10.37128448486328
LBY,2023,national,,4.611709594726563,1.731975913047791,10.51569366455078
LBY,2024,national,,4.663384914398193,1.755292177200317,10.53916454315186
LBY,2025,national,,4.719077587127686,1.777471423149109,10.54638290405273
LCA,1981,national,income,19.63289451599121,1.79511296749115,2.560150384902954
LCA,1982,national,income,19.53705024719238,1.795067310333252,2.572644472122192
LCA,1983,national,income,18.90816307067871,1.795010566711426,2.658126831054688
LCA,1984,national,income,17.91291236877441,1.795141816139221,2.806018829345703
LCA,1985,national,income,16.81450653076172,1.795113444328308,2.989274501800537
LCA,1986,national,income,14.93462181091309,1.795158982276917,3.365632772445679
LCA,1987,national,income,14.5896053314209,1.795271039009094,3.445438623428345
LCA,1988,national,income,12.97747421264648,1.794978141784668,3.872817277908325
LCA,1989,national,income,12.0413293838501,1.795045137405396,4.174062728881836
LCA,1990,national,income,11.06678009033203,1.795166373252869,4.541940689086914
LCA,1991,national,income,11.15786075592041,1.795053720474243,4.504582405090332
LCA,1992,national,income,10.49120712280273,1.795068264007568,4.790860652923584
LCA,1993,national,income,10.5860595703125,1.795118570327759,4.748066902160645
LCA,1994,national,income,10.57611083984375,1.795140385627747,4.752591133117676
LCA,1995,national,income,10.5709598381582,1.802486538887024,4.774365095481
LCA,1996,national,income,10.4139518737793,1.795105695724487,4.826501846313477
LCA,1997,national,income,10.63581371307373,1.795160174369812,4.725965023040771
LCA,1998,national,income,10.14482402801514,1.795194506645203,4.954787254333496
LCA,1999,national,income,10.01040172576904,1.795143604278564,5.02117919921875
LCA,2000,national,income,10.12737464904785,1.795175194740295,4.963271141052246
LCA,2001,national,income,10.59199905395508,1.795112133026123,4.745387554168701
LCA,2002,national,income,10.64046955108643,1.795117974281311,4.723786354064941
LCA,2003,national,income,10.29017162322998,1.79521656036377,4.884861469268799
LCA,2004,national,income,9.666850090026855,1.795157551765442,5.199667930603027
LCA,2005,national,income,9.777952194213867,1.795091271400452,5.140397071838379
LCA,2006,national,consumption,1.540504336357117,1.810813665390015,32.91310501098633
LCA,2007,national,consumption,1.529650926589966,1.810813546180725,33.14663314819336
LCA,2008,national,consumption,1.484992742538452,1.810802936553955,34.14325332641602
LCA,2009,national,consumption,1.521584033966064,1.810822606086731,33.32253265380859
LCA,2010,national,consumption,1.524563550949097,1.810809969902039,33.25717544555664
LCA,2011,national,consumption,1.485230445861816,1.810797452926636,34.1376838684082
LCA,2012,national,consumption,1.491108655929565,1.810826182365417,34.00364685058594
LCA,2013,national,consumption,1.517100214958191,1.810804009437561,33.42067337036133
LCA,2014,national,consumption,1.505791902542114,1.810816645622253,33.67189407348633
LCA,2015,national,consumption,1.509363532066345,1.810815691947937,33.59219741821289
LCA,2016,national,consumption,1.478402137756348,1.81081211566925,34.29563522338867
LCA,2017,national,consumption,1.448257446289063,1.810815334320068,35.00954055786133
LCA,2018,national,consumption,1.423412322998047,1.810804128646851,35.62039947509766
LCA,2019,national,consumption,1.434059619903564,1.810814142227173,35.35612869262695
LCA,2020,national,consumption,1.732535004615784,1.810805439949036,29.26495170593262
LCA,2021,national,consumption,1.604196429252625,1.810789585113525,31.60592269897461
LCA,2022,national,consumption,1.405357241630554,1.810782313346863,36.07759094238281
LCA,2023,national,consumption,1.386690974235535,1.81081759929657,36.56394577026367
LCA,2024,national,consumption,1.356180906295776,1.810808420181274,37.38633728027344
LCA,2025,national,consumption,1.3320232629776,1.810806035995483,38.06432723999023
LIE,1981,national,,1.496624946594238,2.132287263870239,39.8924560546875
LIE,1982,national,,1.493242144584656,2.167636394500732,40.64566421508789
LIE,1983,national,,1.463216304779053,2.16046404838562,41.34248352050781
LIE,1984,national,,1.427136659622192,2.160440683364868,42.38720703125
LIE,1985,national,,1.393227577209473,2.151299715042114,43.23514175415039
LIE,1986,national,,1.367812395095825,2.170376777648926,44.42900848388672
LIE,1987,national,,1.327402472496033,2.19279670715332,46.25447845458984
LIE,1988,national,,1.248824954032898,2.121755838394165,47.57205200195313
LIE,1989,national,,1.210408210754395,2.113552093505859,48.89214706420898
LIE,1990,national,,1.197982668876648,2.109210252761841,49.29777908325195
LIE,1991,national,,1.199968338012695,2.127433776855469,49.64142990112305
LIE,1992,national,,1.204667806625366,2.152277946472168,50.02523040771484
LIE,1993,national,,1.258595585823059,2.234933614730835,49.72061157226563
LIE,1994,national,,1.22137176990509,2.207353830337524,50.60367965698242
LIE,1995,national,,1.192130208015442,2.189465522766113,51.42478179931641
LIE,1996,national,,1.189279556274414,2.214619636535645,52.14026641845703
LIE,1997,national,,1.198803067207336,2.280360221862793,53.26152801513672
LIE,1998,national,,1.210111260414124,2.360380887985229,54.61536026000977
LIE,1999,national,,1.155880689620972,2.313583135604858,56.04413223266602
LIE,2000,national,,1.132245898246765,2.305874347686768,57.02337265014648
LIE,2001,national,,1.140905141830444,2.34704327583313,57.60094451904297
LIE,2002,national,,1.129328727722168,2.353925704956055,58.36203002929688
LIE,2003,national,,1.139819979667664,2.411402225494385,59.23677825927734
LIE,2004,national,,1.143701553344727,2.438053131103516,59.68819808959961
LIE,2005,national,,1.135640740394592,2.461805820465088,60.69750595092773
LIE,2006,national,,1.120078682899475,2.466006517410278,61.64583206176758
LIE,2007,national,,1.080879807472229,2.445630550384521,63.3536262512207
LIE,2008,national,,1.110014200210571,2.492559671401978,62.87457656860352
LIE,2009,national,,1.073621869087219,2.406819343566895,62.76971817016602
LIE,2010,national,,1.108794093132019,2.475446701049805,62.51161193847656
LIE,2011,national,,1.120316624641418,2.479135513305664,61.96087265014648
LIE,2012,national,,1.158023834228516,2.556088447570801,61.80397415161133
LIE,2013,national,,1.142036318778992,2.538648843765259,62.24160003662109
LIE,2014,national,,1.162987470626831,2.615633726119995,62.97380447387695
LIE,2015,national,,1.122166514396667,2.596498489379883,64.78713989257813
LIE,2016,national,,1.115796446800232,2.630395412445068,66.00762176513672
LIE,2017,national,,1.122286438941956,2.677948713302612,66.81232452392578
LIE,2018,national,,1.092122197151184,2.666604995727539,68.36683654785156
LIE,2019,national,,1.038674831390381,2.617498636245728,70.56102752685547
LIE,2020,national,,.8649140000343323,2.236176729202271,72.39210510253906
LIE,2021,national,,.8297843337059021,2.172513484954834,73.30866241455078
LIE,2022,national,,1.06429922580719,2.745012044906616,72.21685028076172
LIE,2023,national,,1.006985545158386,2.637865304946899,73.34785461425781
LIE,2024,national,,.9825437068939209,2.606427907943726,74.27657318115234
LIE,2025,national,,.9767363667488098,2.607769250869751,74.75665283203125
LKA,1981,national,consumption,8.540647506713867,1.358660459518433,4.454286575317383
LKA,1982,national,consumption,8.373408317565918,1.358715415000916,4.543434619903564
LKA,1983,national,consumption,8.137900352478027,1.358673453330994,4.67477560043335
LKA,1984,national,consumption,7.876655101776123,1.358668684959412,4.829806804656982
LKA,1985,national,consumption,7.648646835061312,1.362007260322571,4.986006659908
LKA,1986,national,consumption,7.557101249694824,1.361761093139648,5.045494079589844
LKA,1987,national,consumption,7.535109043121338,1.362977743148804,5.064741134643555
LKA,1988,national,consumption,7.490235328674316,1.368889570236206,5.117183208465576
LKA,1989,national,consumption,7.452409744262695,1.365800857543945,5.131551265716553
LKA,1990,national,consumption,7.303483009338379,1.362421035766602,5.223232269287109
LKA,1991,national,consumption,7.232385635375977,1.369296073913574,5.301195621490479
LKA,1992,national,consumption,7.224398136138916,1.38617730140686,5.37248420715332
LKA,1993,national,consumption,7.141900062561035,1.401833295822144,5.495923042297363
LKA,1994,national,consumption,7.088948249816895,1.413758039474487,5.584075927734375
LKA,1995,national,consumption,7.04481840133667,1.426194190979004,5.668483734130859
LKA,1996,national,consumption,7.030869960784912,1.444496750831604,5.752617835998535
LKA,1997,national,consumption,6.783613681793213,1.463534235954285,6.040874481201172
LKA,1998,national,consumption,6.671452045440674,1.486888647079468,6.240452766418457
LKA,1999,national,consumption,6.588460922241211,1.509797215461731,6.416418552398682
LKA,2000,national,consumption,6.512527942657471,1.533270239830017,6.592150688171387
LKA,2001,national,consumption,6.704822540283203,1.558647394180298,6.5090651512146
LKA,2002,national,consumption,6.594942671506097,1.571292638778687,6.671201752101
LKA,2003,national,consumption,6.359274387359619,1.578634738922119,6.950757026672363
LKA,2004,national,consumption,6.157512187957764,1.574875712394714,7.161418437957764
LKA,2005,national,consumption,5.930992126464844,1.571178793907166,7.417478561401367
LKA,2006,national,consumption,5.663521766662598,1.569806456565857,7.760997772216797
LKA,2007,national,consumption,5.480361461639404,1.550333142280579,7.92088794708252
LKA,2008,national,consumption,5.346818447113037,1.518305897712708,7.95100212097168
LKA,2009,national,consumption,5.218961238861084,1.484447002410889,7.964136123657227
LKA,2010,national,consumption,5.086191654205322,1.474354386329651,8.116470336914063
LKA,2011,national,consumption,4.941482067108154,1.49666440486908,8.480573654174805
LKA,2012,national,consumption,4.801884174346924,1.513830065727234,8.827210426330566
LKA,2013,national,consumption,4.606359958648682,1.527671098709106,9.286028861999512
LKA,2014,national,consumption,4.405909061431885,1.536067247390747,9.761863708496094
LKA,2015,national,consumption,4.295342922210693,1.542193412780762,10.05307769775391
LKA,2016,national,consumption,4.172647429322624,1.545829057693481,10.373082119755
LKA,2017,national,consumption,4.073137760162354,1.535730719566345,10.55708503723145
LKA,2018,national,consumption,3.933602809906006,1.519540071487427,10.81632423400879
LKA,2019,national,consumption,3.970270079300306,1.499703645706177,10.576535134828
LKA,2020,national,consumption,4.112517356872559,1.49633252620697,10.18775272369385
LKA,2021,national,consumption,4.025325775146484,1.496297836303711,10.4081859588623
LKA,2022,national,consumption,4.246778964996338,1.496289014816284,9.865381240844727
LKA,2023,national,consumption,4.296818256378174,1.496353149414063,9.750909805297852
LKA,2024,national,consumption,4.168651103973389,1.496309876441956,10.05041599273682
LKA,2025,national,consumption,4.083525657653809,1.496296405792236,10.2598352432251
LSO,1981,national,consumption,21.43933296203613,2.86878228187561,3.746660470962524
LSO,1982,national,consumption,21.23147010803223,2.870278596878052,3.785314798355103
LSO,1983,national,consumption,21.36463737487793,2.869745969772339,3.761022806167603
LSO,1984,national,consumption,21.00319671630859,2.871605634689331,3.828224897384644
LSO,1985,national,consumption,21.03838157653809,2.871222496032715,3.821312427520752
LSO,1986,national,consumption,20.74765777587891,2.872414350509644,3.876466512680054
LSO,1987,national,consumption,21.48548126220703,2.943872690200806,3.836471319198608
LSO,1988,national,consumption,21.73989105224609,3.11359429359436,4.01016902923584
LSO,1989,national,consumption,22.38020324707031,3.289826631546021,4.115921020507813
LSO,1990,national,consumption,22.98563385009766,3.474527597427368,4.232503414154053
LSO,1991,national,consumption,23.44865417480469,3.669333696365356,4.381545543670654
LSO,1992,national,consumption,23.91688919067383,3.875119924545288,4.536683559417725
LSO,1993,national,consumption,24.8099536895752,4.07280445098877,4.596482753753662
LSO,1994,national,consumption,25.35962104797363,4.301403045654297,4.74925422668457
LSO,1995,national,consumption,25.91885375976563,4.299389839172363,4.644608020782471
LSO,1996,national,consumption,25.80685043334961,4.117728710174561,4.467666625976563
LSO,1997,national,consumption,25.99292182922363,3.924090385437012,4.227094173431396
LSO,1998,national,consumption,26.48712730407715,3.717884302139282,3.930239677429199
LSO,1999,national,consumption,27.1199779510498,3.490910053253174,3.604187250137329
LSO,2000,national,consumption,27.18875694274902,3.266676902770996,3.36414623260498
LSO,2001,national,consumption,27.28329277038574,3.029719829559326,3.109307765960693
LSO,2002,national,consumption,27.79923057556152,2.72796368598938,2.747665405273438
LSO,2003,national,consumption,26.71127510070801,2.488506555557251,2.60856819152832
LSO,2004,national,consumption,24.69107437133789,2.454713582992554,2.783677101135254
LSO,2005,national,consumption,21.82657051086426,2.41228175163269,3.094571828842163
LSO,2006,national,consumption,19.33946418762207,2.379602432250977,3.445228099822998
LSO,2007,national,consumption,17.59105491638184,2.349055767059326,3.739034414291382
LSO,2008,national,consumption,15.72832584381104,2.317552328109741,4.125770568847656
LSO,2009,national,consumption,16.13039016723633,2.280441761016846,3.958513736724854
LSO,2010,national,consumption,14.56962394714355,2.242095470428467,4.308874130249023
LSO,2011,national,consumption,13.39248466491699,2.209583520889282,4.619631290435791
LSO,2012,national,consumption,12.03281021118164,2.17736554145813,5.066666603088379
LSO,2013,national,consumption,11.70323371887207,2.145381450653076,5.132827758789063
LSO,2014,national,consumption,13.31203079223633,2.239044904708862,4.709518432617188
LSO,2015,national,consumption,12.37752819061279,2.171000242233276,4.911159038543701
LSO,2016,national,consumption,11.42886638641357,2.09422755241394,5.130724906921387
LSO,2017,national,consumption,11.02698516845703,2.012783050537109,5.110909938812256
LSO,2018,national,consumption,11.11985397338867,2.000221490859985,5.036595344543457
LSO,2019,national,consumption,11.32296943664551,2.000107526779175,4.94596529006958
LSO,2020,national,consumption,12.09686374664307,1.998682856559753,4.626250267028809
LSO,2021,national,consumption,12.00676345825195,1.999056458473206,4.661837577819824
LSO,2022,national,consumption,11.90166664123535,1.999391674995422,4.703792095184326
LSO,2023,national,consumption,11.84279632568359,1.999374985694885,4.727135181427002
LSO,2024,national,consumption,11.71514701843262,1.999515295028687,4.778977870941162
LSO,2025,national,consumption,11.68419361114502,1.999633550643921,4.791921615600586
LTU,1981,national,income,3.891271829605103,1.392759203910828,10.02172565460205
LTU,1982,national,income,3.758880853652954,1.392786622047424,10.37490367889404
LTU,1983,national,income,3.741376638412476,1.392775774002075,10.42336177825928
LTU,1984,national,income,3.720184087753296,1.392763257026672,10.48264598846436
LTU,1985,national,income,3.862741470336914,1.392771124839783,10.09583282470703
LTU,1986,national,income,3.755335330963135,1.392758369445801,10.38448810577393
LTU,1987,national,income,3.710835456848145,1.392765998840332,10.50907516479492
LTU,1988,national,income,3.455999135971069,1.392807126045227,11.28431987762451
LTU,1989,national,income,3.493131399154663,1.392788767814636,11.16421985626221
LTU,1990,national,income,3.716738700866699,1.392793655395508,10.49259185791016
LTU,1991,national,income,3.94707202911377,1.39278769493103,9.8802490234375
LTU,1992,national,income,5.007338047027588,1.392755031585693,7.787998676300049
LTU,1993,national,income,5.951251580328221,1.381551861763,6.500053049804
LTU,1994,national,income,6.445221900939941,1.418911695480347,6.164183139801025
LTU,1995,national,income,6.131217956542969,1.452552914619446,6.63350772857666
LTU,1996,national,consumption,3.030804396858907,1.390935063362122,12.850113950554
LTU,1997,national,consumption,2.936575889587402,1.401566982269287,13.36382102966309
LTU,1998,national,consumption,2.866713049300435,1.400523781776428,13.679313195367
LTU,1999,national,consumption,2.901656755932029,1.399776816368103,13.507369681448
LTU,2000,national,consumption,3.05346441527212,1.388073205947876,12.728509651709
LTU,2001,national,consumption,3.116534043733362,1.409897446632385,12.666997334892
LTU,2002,national,consumption,3.09265008329243,1.397619843482971,12.653664289382
LTU,2003,national,consumption,2.385982622968144,1.484442353248596,17.420238504734
LTU,2004,national,consumption,2.311009439943466,1.490324258804321,18.056645638787
LTU,2005,national,income,2.866646169201043,1.865425229072571,18.220562513016
LTU,2006,national,income,2.279256470006199,1.847154259681702,22.69175128358
LTU,2007,national,income,2.243700899935754,2.157681941986084,26.926536762179
LTU,2008,national,consumption,1.868018970681838,1.555386900901794,23.313913332675
LTU,2009,national,income,2.707818025208223,2.310121774673462,23.887650855816
LTU,2010,national,income,2.755141785133147,2.114818334579468,21.492510758558
LTU,2011,national,income,2.118998936847522,1.778473138809204,23.500364044164
LTU,2012,national,income,2.257976717379047,2.040600538253784,25.304430631011
LTU,2013,national,income,2.025664246998887,1.912161231040955,26.431090424554
LTU,2014,national,income,2.157399616717868,2.22506308555603,28.878175090149
LTU,2015,national,income,1.89178782494008,2.148025035858154,31.79252096183
LTU,2016,national,income,1.953319087165371,2.372787714004517,34.012904661561
LTU,2017,national,income,1.99790958616582,2.584446907043457,36.220113421035
LTU,2018,national,income,1.477710303867418,2.052608013153076,38.893296398516
LTU,2019,national,income,1.297272875127182,1.983467936515808,42.81065678165
LTU,2020,national,income,1.004348850905463,1.74709153175354,48.706745698222
LTU,2021,national,income,1.01466684495366,1.820173859596252,50.228179745098
LTU,2022,national,income,1.215428856158262,2.03253698348999,46.823828513145
LTU,2023,national,income,1.222422003746033,1.97196888923645,45.16863250732422
LTU,2024,national,income,1.198153138160706,1.979841709136963,46.26751327514648
LTU,2025,national,income,1.162682414054871,1.97988224029541,47.68000411987305
LUX,1981,national,income,.7474734783172607,1.258328199386597,47.13637542724609
LUX,1982,national,income,.7451518774032593,1.25832724571228,47.28319549560547
LUX,1983,national,income,.7416972517967224,1.258328199386597,47.50346374511719
LUX,1984,national,income,.7318804860115051,1.258327603340149,48.14060974121094
LUX,1985,national,income,.7157204068551549,1.263247847557068,49.420050453836
LUX,1986,national,income,.6611927072490974,1.290111064910889,54.633256098561
LUX,1987,national,income,.6141588029415955,1.321962714195251,60.269354386582
LUX,1988,national,income,.5751482674620203,1.288070201873779,62.707247951464
LUX,1989,national,income,.5438898155184694,1.319101929664612,67.908706874622
LUX,1990,national,income,.5172212146930885,1.268898963928223,68.692411239636
LUX,1991,national,income,.5147560731930901,1.267151117324829,68.926301539934
LUX,1992,national,income,.4929223862672139,1.262756705284119,71.729727936023
LUX,1993,national,income,.4889687744602663,1.25470244884491,71.84849146867199
LUX,1994,national,income,.5300510439725215,1.296093463897705,68.46626625021101
LUX,1995,national,income,.5197480344527604,1.301297664642334,70.103845171556
LUX,1996,national,income,.5292469574075293,1.329120635986328,70.31760285882
LUX,1997,national,income,.512589815356293,1.332870960235596,72.80750993659299
LUX,1998,national,income,.509538448178757,1.351714611053467,74.27900718422001
LUX,1999,national,income,.4873860502813677,1.337842583656311,76.85815775801299
LUX,2000,national,income,.487086880832,1.334407806396484,76.707914504112
LUX,2001,national,income,.4806222766233367,1.353732585906982,78.865494890935
LUX,2002,national,income,.453769309381746,1.356257915496826,83.68838679017701
LUX,2003,national,income,.4968026124263262,1.451354503631592,81.798935501797
LUX,2004,national,income,.4577840225800649,1.373526096343994,84.01064749029
LUX,2005,national,income,.453967433282061,1.407994508743286,86.842892037776
LUX,2006,national,income,.4471810292167983,1.370867490768433,85.83613421345299
LUX,2007,national,income,.4431397044676843,1.376238346099854,86.95829527690501
LUX,2008,national,income,.4580885048426623,1.41838550567627,86.69677201751
LUX,2009,national,income,.4751195409910156,1.465789437294006,86.38268942731899
LUX,2010,national,income,.4571755370245753,1.383878588676453,84.756505779161
LUX,2011,national,income,.5004093744459785,1.497072577476501,83.767481980905
LUX,2012,national,income,.5134638644783018,1.557207584381104,84.91700307260101
LUX,2013,national,income,.5221148925805438,1.573067784309387,84.36054725937301
LUX,2014,national,income,.5601182095506702,1.70333456993103,85.148754794553
LUX,2015,national,income,.7123012246241652,2.02307653427124,79.525544427277
LUX,2016,national,income,.5218365805452239,1.605867147445679,86.165442318228
LUX,2017,national,income,.669288290637402,2.063662528991699,86.334319457891
LUX,2018,national,income,.5957462569415047,1.929113507270813,90.668094487153
LUX,2019,national,income,.5429756072668609,1.769676446914673,91.258136629737
LUX,2020,national,income,.4078461695736211,1.46893298625946,100.847150127289
LUX,2021,national,income,.4462670920457399,1.603310942649841,100.596050943989
LUX,2022,national,income,.429996625559686,1.585880041122437,103.26741735187
LUX,2023,national,income,.4035457074642181,1.50303852558136,104.2882614135742
LUX,2024,national,income,.4064793884754181,1.503055691719055,103.5367584228516
LUX,2025,national,income,.4055099785327911,1.503046274185181,103.7836227416992
LVA,1981,national,income,2.368205547332764,1.243165493011475,14.69831657409668
LVA,1982,national,income,2.331479549407959,1.243167638778687,14.9298734664917
LVA,1983,national,income,2.301329374313354,1.24316394329071,15.12542724609375
LVA,1984,national,income,2.253372192382813,1.243145823478699,15.44710826873779
LVA,1985,national,income,2.317922115325928,1.243150949478149,15.01699638366699
LVA,1986,national,income,2.275501489639282,1.243155241012573,15.29699993133545
LVA,1987,national,income,2.303884506225586,1.24314284324646,15.10839557647705
LVA,1988,national,income,2.224138975143433,1.243167996406555,15.65041828155518
LVA,1989,national,income,2.112492084503174,1.24313223361969,16.47708129882813
LVA,1990,national,income,2.093138933181763,1.243151307106018,16.62968254089355
LVA,1991,national,income,2.383429527282715,1.243170022964478,14.60448551177979
LVA,1992,national,income,3.463127613067627,1.243167400360107,10.05122852325439
LVA,1993,national,income,3.574417658816697,1.244523406028748,9.748904205941001
LVA,1994,national,income,3.222989559173584,1.306503653526306,11.35036277770996
LVA,1995,national,income,3.321030527752602,1.369493007659912,11.546357066552
LVA,1996,national,income,3.532502652341019,1.412812471389771,11.198505588003
LVA,1997,national,consumption,3.805096942592457,1.500820875167847,11.043867343124
LVA,1998,national,consumption,3.642716591045877,1.465197682380676,11.262345731125
LVA,1999,national,consumption,3.484151363372803,1.46941864490509,11.80882167816162
LVA,2000,national,consumption,3.224764585494995,1.481637001037598,12.86476421356201
LVA,2001,national,consumption,3.010222673416138,1.515837669372559,14.09977245330811
LVA,2002,national,consumption,2.806968809381683,1.523274779319763,15.19492976695
LVA,2003,national,consumption,2.510665820767559,1.554216146469116,17.333271873758
LVA,2004,national,consumption,2.432008805049004,1.503979921340942,17.315495959318
LVA,2005,national,income,3.360314215848624,2.112024068832397,17.598555005332
LVA,2006,national,income,2.621498697298367,1.95623767375946,20.894404752314
LVA,2007,national,consumption,1.761053100978232,1.531797885894775,24.354939741943
LVA,2008,national,consumption,1.751992446103316,1.5246502161026,24.366661114315
LVA,2009,national,consumption,2.127134623298221,1.506611466407776,19.831900499471
LVA,2010,national,income,2.662219077625407,1.958352446556091,20.597053488767
LVA,2011,national,income,2.374920898822392,1.784804701805115,21.04260841134
LVA,2012,national,income,2.305478575337629,1.779831171035767,21.616020368337
LVA,2013,national,income,2.270412454682846,1.940202474594116,23.927665220963
LVA,2014,national,income,1.926903183503701,1.804772973060608,26.225314912012
LVA,2015,national,income,1.768500176568213,1.780002951622009,28.182118267426
LVA,2016,national,income,1.629755620636117,1.722896933555603,29.600214114359
LVA,2017,national,income,1.577356569668956,1.807973265647888,32.093727602765
LVA,2018,national,income,1.365360463394421,1.704033374786377,34.945301881789
LVA,2019,national,income,1.321272842251295,1.712808132171631,36.297293576754
LVA,2020,national,income,1.28476116822324,1.795552611351013,39.132155447173
LVA,2021,national,income,1.246117232048306,1.820317029953003,40.9021517988
LVA,2022,national,income,1.219244025757898,1.654083013534546,37.986098364156
LVA,2023,national,income,1.179849982261658,1.580410480499268,37.50603485107422
LVA,2024,national,income,1.163936853408813,1.580378174781799,38.01803207397461
LVA,2025,national,income,1.137285828590393,1.580377578735352,38.90892791748047
MAC,1981,national,,1.496624946594238,2.132287263870239,39.8924560546875
MAC,1982,national,,1.493242144584656,2.167636394500732,40.64566421508789
MAC,1983,national,,1.463216304779053,2.16046404838562,41.34248352050781
MAC,1984,national,,1.427136659622192,2.160440683364868,42.38720703125
MAC,1985,national,,1.393227577209473,2.151299715042114,43.23514175415039
MAC,1986,national,,1.367812395095825,2.170376777648926,44.42900848388672
MAC,1987,national,,1.327402472496033,2.19279670715332,46.25447845458984
MAC,1988,national,,1.248824954032898,2.121755838394165,47.57205200195313
MAC,1989,national,,1.210408210754395,2.113552093505859,48.89214706420898
MAC,1990,national,,1.197982668876648,2.109210252761841,49.29777908325195
MAC,1991,national,,1.199968338012695,2.127433776855469,49.64142990112305
MAC,1992,national,,1.204667806625366,2.152277946472168,50.02523040771484
MAC,1993,national,,1.258595585823059,2.234933614730835,49.72061157226563
MAC,1994,national,,1.22137176990509,2.207353830337524,50.60367965698242
MAC,1995,national,,1.192130208015442,2.189465522766113,51.42478179931641
MAC,1996,national,,1.189279556274414,2.214619636535645,52.14026641845703
MAC,1997,national,,1.198803067207336,2.280360221862793,53.26152801513672
MAC,1998,national,,1.210111260414124,2.360380887985229,54.61536026000977
MAC,1999,national,,1.155880689620972,2.313583135604858,56.04413223266602
MAC,2000,national,,1.132245898246765,2.305874347686768,57.02337265014648
MAC,2001,national,,1.140905141830444,2.34704327583313,57.60094451904297
MAC,2002,national,,1.129328727722168,2.353925704956055,58.36203002929688
MAC,2003,national,,1.139819979667664,2.411402225494385,59.23677825927734
MAC,2004,national,,1.143701553344727,2.438053131103516,59.68819808959961
MAC,2005,national,,1.135640740394592,2.461805820465088,60.69750595092773
MAC,2006,national,,1.120078682899475,2.466006517410278,61.64583206176758
MAC,2007,national,,1.080879807472229,2.445630550384521,63.3536262512207
MAC,2008,national,,1.110014200210571,2.492559671401978,62.87457656860352
MAC,2009,national,,1.073621869087219,2.406819343566895,62.76971817016602
MAC,2010,national,,1.108794093132019,2.475446701049805,62.51161193847656
MAC,2011,national,,1.120316624641418,2.479135513305664,61.96087265014648
MAC,2012,national,,1.158023834228516,2.556088447570801,61.80397415161133
MAC,2013,national,,1.142036318778992,2.538648843765259,62.24160003662109
MAC,2014,national,,1.162987470626831,2.615633726119995,62.97380447387695
MAC,2015,national,,1.122166514396667,2.596498489379883,64.78713989257813
MAC,2016,national,,1.115796446800232,2.630395412445068,66.00762176513672
MAC,2017,national,,1.122286438941956,2.677948713302612,66.81232452392578
MAC,2018,national,,1.092122197151184,2.666604995727539,68.36683654785156
MAC,2019,national,,1.038674831390381,2.617498636245728,70.56102752685547
MAC,2020,national,,.8649140000343323,2.236176729202271,72.39210510253906
MAC,2021,national,,.8297843337059021,2.172513484954834,73.30866241455078
MAC,2022,national,,1.06429922580719,2.745012044906616,72.21685028076172
MAC,2023,national,,1.006985545158386,2.637865304946899,73.34785461425781
MAC,2024,national,,.9825437068939209,2.606427907943726,74.27657318115234
MAC,2025,national,,.9767363667488098,2.607769250869751,74.75665283203125
MAF,1981,national,,1.496624946594238,2.132287263870239,39.8924560546875
MAF,1982,national,,1.493242144584656,2.167636394500732,40.64566421508789
MAF,1983,national,,1.463216304779053,2.16046404838562,41.34248352050781
MAF,1984,national,,1.427136659622192,2.160440683364868,42.38720703125
MAF,1985,national,,1.393227577209473,2.151299715042114,43.23514175415039
MAF,1986,national,,1.367812395095825,2.170376777648926,44.42900848388672
MAF,1987,national,,1.327402472496033,2.19279670715332,46.25447845458984
MAF,1988,national,,1.248824954032898,2.121755838394165,47.57205200195313
MAF,1989,national,,1.210408210754395,2.113552093505859,48.89214706420898
MAF,1990,national,,1.197982668876648,2.109210252761841,49.29777908325195
MAF,1991,national,,1.199968338012695,2.127433776855469,49.64142990112305
MAF,1992,national,,1.204667806625366,2.152277946472168,50.02523040771484
MAF,1993,national,,1.258595585823059,2.234933614730835,49.72061157226563
MAF,1994,national,,1.22137176990509,2.207353830337524,50.60367965698242
MAF,1995,national,,1.192130208015442,2.189465522766113,51.42478179931641
MAF,1996,national,,1.189279556274414,2.214619636535645,52.14026641845703
MAF,1997,national,,1.198803067207336,2.280360221862793,53.26152801513672
MAF,1998,national,,1.210111260414124,2.360380887985229,54.61536026000977
MAF,1999,national,,1.155880689620972,2.313583135604858,56.04413223266602
MAF,2000,national,,1.132245898246765,2.305874347686768,57.02337265014648
MAF,2001,national,,1.140905141830444,2.34704327583313,57.60094451904297
MAF,2002,national,,1.129328727722168,2.353925704956055,58.36203002929688
MAF,2003,national,,1.139819979667664,2.411402225494385,59.23677825927734
MAF,2004,national,,1.143701553344727,2.438053131103516,59.68819808959961
MAF,2005,national,,1.135640740394592,2.461805820465088,60.69750595092773
MAF,2006,national,,1.120078682899475,2.466006517410278,61.64583206176758
MAF,2007,national,,1.080879807472229,2.445630550384521,63.3536262512207
MAF,2008,national,,1.110014200210571,2.492559671401978,62.87457656860352
MAF,2009,national,,1.073621869087219,2.406819343566895,62.76971817016602
MAF,2010,national,,1.108794093132019,2.475446701049805,62.51161193847656
MAF,2011,national,,1.120316624641418,2.479135513305664,61.96087265014648
MAF,2012,national,,1.158023834228516,2.556088447570801,61.80397415161133
MAF,2013,national,,1.142036318778992,2.538648843765259,62.24160003662109
MAF,2014,national,,1.162987470626831,2.615633726119995,62.97380447387695
MAF,2015,national,,1.122166514396667,2.596498489379883,64.78713989257813
MAF,2016,national,,1.115796446800232,2.630395412445068,66.00762176513672
MAF,2017,national,,1.122286438941956,2.677948713302612,66.81232452392578
MAF,2018,national,,1.092122197151184,2.666604995727539,68.36683654785156
MAF,2019,national,,1.038674831390381,2.617498636245728,70.56102752685547
MAF,2020,national,,.8649140000343323,2.236176729202271,72.39210510253906
MAF,2021,national,,.8297843337059021,2.172513484954834,73.30866241455078
MAF,2022,national,,1.06429922580719,2.745012044906616,72.21685028076172
MAF,2023,national,,1.006985545158386,2.637865304946899,73.34785461425781
MAF,2024,national,,.9825437068939209,2.606427907943726,74.27657318115234
MAF,2025,national,,.9767363667488098,2.607769250869751,74.75665283203125
MAR,1981,national,consumption,7.497120380401611,1.506208419799805,5.625338077545166
MAR,1982,national,consumption,7.190021991729736,1.506157279014587,5.86540699005127
MAR,1983,national,consumption,7.252151012420654,1.506192207336426,5.815292835235596
MAR,1984,national,consumption,7.065414905548096,1.506231665611267,5.96914529800415
MAR,1985,national,consumption,6.80571985244751,1.511556386947632,6.218824863433838
MAR,1986,national,consumption,6.152080059051514,1.522546887397766,6.929576873779297
MAR,1987,national,consumption,6.427778244018555,1.533951878547668,6.682036876678467
MAR,1988,national,consumption,5.608377456665039,1.550097942352295,7.738912582397461
MAR,1989,national,consumption,5.571945190429688,1.568702459335327,7.883004665374756
MAR,1990,national,consumption,5.488300800323486,1.580211162567139,8.061860084533691
MAR,1991,national,consumption,5.205408096313477,1.591825604438782,8.562463760375977
MAR,1992,national,consumption,5.532290935516357,1.605043292045593,8.123435974121094
MAR,1993,national,consumption,5.815502166748047,1.615727663040161,7.779272079467773
MAR,1994,national,consumption,5.656185626983643,1.61475396156311,7.993568897247314
MAR,1995,national,consumption,6.128463268280029,1.612710237503052,7.368223190307617
MAR,1996,national,consumption,5.884014129638672,1.615084171295166,7.685630321502686
MAR,1997,national,consumption,6.192103862762451,1.607675433158875,7.269728183746338
MAR,1998,national,consumption,6.132418632507324,1.60240638256073,7.31642484664917
MAR,1999,national,consumption,6.185416698455811,1.610062479972839,7.288393497467041
MAR,2000,national,consumption,6.19853401184082,1.617238402366638,7.305384635925293
MAR,2001,national,consumption,6.038354873657227,1.63500964641571,7.58158016204834
MAR,2002,national,consumption,5.907247066497803,1.630682229995728,7.729336738586426
MAR,2003,national,consumption,5.656076908111572,1.626507997512817,8.051910400390625
MAR,2004,national,consumption,5.49263858795166,1.622151732444763,8.269294738769531
MAR,2005,national,consumption,5.402842998504639,1.621435046195984,8.403017044067383
MAR,2006,national,consumption,5.110026836395264,1.620239734649658,8.877979278564453
MAR,2007,national,consumption,5.01022481918335,1.619177937507629,9.048892021179199
MAR,2008,national,consumption,4.702699184417725,1.614563703536987,9.613156318664551
MAR,2009,national,consumption,4.537519931793213,1.610240578651428,9.936427116394043
MAR,2010,national,consumption,4.395615100860596,1.606193065643311,10.23142528533936
MAR,2011,national,consumption,4.150792598724365,1.601656794548035,10.80429553985596
MAR,2012,national,consumption,4.047245502471924,1.597121953964233,11.04934597015381
MAR,2013,national,consumption,3.891699314117432,1.592599868774414,11.4584379196167
MAR,2014,national,consumption,3.830349206924438,1.590020060539246,11.62310791015625
MAR,2015,national,consumption,3.748820781707764,1.589985132217407,11.87562370300293
MAR,2016,national,consumption,3.767141580581665,1.589996218681335,11.81795120239258
MAR,2017,national,consumption,3.669877290725708,1.589989900588989,12.13111877441406
MAR,2018,national,consumption,3.621402978897095,1.589997410774231,12.29355812072754
MAR,2019,national,consumption,3.57592511177063,1.589983940124512,12.44979953765869
MAR,2020,national,consumption,3.791962623596191,1.589966177940369,11.74037265777588
MAR,2021,national,consumption,3.613380670547485,1.589995741844177,12.32083892822266
MAR,2022,national,consumption,3.600836277008057,1.589978694915771,12.36362934112549
MAR,2023,national,consumption,3.542812585830688,1.589983105659485,12.56615352630615
MAR,2024,national,consumption,3.497961282730103,1.590003967285156,12.72744560241699
MAR,2025,national,consumption,3.439803123474121,1.58997905254364,12.94243049621582
MCO,1981,national,,1.496624946594238,2.132287263870239,39.8924560546875
MCO,1982,national,,1.493242144584656,2.167636394500732,40.64566421508789
MCO,1983,national,,1.463216304779053,2.16046404838562,41.34248352050781
MCO,1984,national,,1.427136659622192,2.160440683364868,42.38720703125
MCO,1985,national,,1.393227577209473,2.151299715042114,43.23514175415039
MCO,1986,national,,1.367812395095825,2.170376777648926,44.42900848388672
MCO,1987,national,,1.327402472496033,2.19279670715332,46.25447845458984
MCO,1988,national,,1.248824954032898,2.121755838394165,47.57205200195313
MCO,1989,national,,1.210408210754395,2.113552093505859,48.89214706420898
MCO,1990,national,,1.197982668876648,2.109210252761841,49.29777908325195
MCO,1991,national,,1.199968338012695,2.127433776855469,49.64142990112305
MCO,1992,national,,1.204667806625366,2.152277946472168,50.02523040771484
MCO,1993,national,,1.258595585823059,2.234933614730835,49.72061157226563
MCO,1994,national,,1.22137176990509,2.207353830337524,50.60367965698242
MCO,1995,national,,1.192130208015442,2.189465522766113,51.42478179931641
MCO,1996,national,,1.189279556274414,2.214619636535645,52.14026641845703
MCO,1997,national,,1.198803067207336,2.280360221862793,53.26152801513672
MCO,1998,national,,1.210111260414124,2.360380887985229,54.61536026000977
MCO,1999,national,,1.155880689620972,2.313583135604858,56.04413223266602
MCO,2000,national,,1.132245898246765,2.305874347686768,57.02337265014648
MCO,2001,national,,1.140905141830444,2.34704327583313,57.60094451904297
MCO,2002,national,,1.129328727722168,2.353925704956055,58.36203002929688
MCO,2003,national,,1.139819979667664,2.411402225494385,59.23677825927734
MCO,2004,national,,1.143701553344727,2.438053131103516,59.68819808959961
MCO,2005,national,,1.135640740394592,2.461805820465088,60.69750595092773
MCO,2006,national,,1.120078682899475,2.466006517410278,61.64583206176758
MCO,2007,national,,1.080879807472229,2.445630550384521,63.3536262512207
MCO,2008,national,,1.110014200210571,2.492559671401978,62.87457656860352
MCO,2009,national,,1.073621869087219,2.406819343566895,62.76971817016602
MCO,2010,national,,1.108794093132019,2.475446701049805,62.51161193847656
MCO,2011,national,,1.120316624641418,2.479135513305664,61.96087265014648
MCO,2012,national,,1.158023834228516,2.556088447570801,61.80397415161133
MCO,2013,national,,1.142036318778992,2.538648843765259,62.24160003662109
MCO,2014,national,,1.162987470626831,2.615633726119995,62.97380447387695
MCO,2015,national,,1.122166514396667,2.596498489379883,64.78713989257813
MCO,2016,national,,1.115796446800232,2.630395412445068,66.00762176513672
MCO,2017,national,,1.122286438941956,2.677948713302612,66.81232452392578
MCO,2018,national,,1.092122197151184,2.666604995727539,68.36683654785156
MCO,2019,national,,1.038674831390381,2.617498636245728,70.56102752685547
MCO,2020,national,,.8649140000343323,2.236176729202271,72.39210510253906
MCO,2021,national,,.8297843337059021,2.172513484954834,73.30866241455078
MCO,2022,national,,1.06429922580719,2.745012044906616,72.21685028076172
MCO,2023,national,,1.006985545158386,2.637865304946899,73.34785461425781
MCO,2024,national,,.9825437068939209,2.606427907943726,74.27657318115234
MCO,2025,national,,.9767363667488098,2.607769250869751,74.75665283203125
MDA,1981,national,consumption,3.758455991744995,1.61528468132019,12.03365707397461
MDA,1982,national,consumption,3.628542184829712,1.615295171737671,12.4645824432373
MDA,1983,national,consumption,3.541505336761475,1.615302205085754,12.77097129821777
MDA,1984,national,consumption,3.510717868804932,1.61529529094696,12.88291168212891
MDA,1985,national,consumption,3.791012763977051,1.615291714668274,11.93036556243896
MDA,1986,national,consumption,3.644696235656738,1.615290403366089,12.40930080413818
MDA,1987,national,consumption,3.666635036468506,1.615287661552429,12.3350305557251
MDA,1988,national,consumption,3.6984703540802,1.61529266834259,12.22889232635498
MDA,1989,national,consumption,3.55596137046814,1.615295171737671,12.71899795532227
MDA,1990,national,consumption,3.669074773788452,1.61530077457428,12.32692813873291
MDA,1991,national,consumption,4.135163307189941,1.615286469459534,10.93742084503174
MDA,1992,national,consumption,5.19239616394043,1.615302085876465,8.710517883300781
MDA,1993,national,consumption,5.230123996734619,1.615265965461731,8.647490501403809
MDA,1994,national,consumption,6.661020755767822,1.61529541015625,6.789990901947021
MDA,1995,national,consumption,6.70550012588501,1.615304827690125,6.744990825653076
MDA,1996,national,consumption,6.983611583709717,1.615306377410889,6.476387977600098
MDA,1997,national,consumption,6.927640275048152,1.622069120407104,6.556047007372
MDA,1998,national,consumption,8.856404352455158,1.703827857971191,5.386743681414
MDA,1999,national,consumption,10.29246376332672,1.733901381492615,4.716969558489
MDA,2000,national,consumption,9.875234941275153,1.540476679801941,4.36782987989
MDA,2001,national,consumption,8.532943278374239,1.583918333053589,5.197469645022
MDA,2002,national,consumption,6.586687879830482,1.506710290908813,6.405023001391
MDA,2003,national,consumption,5.300861487122222,1.447452902793884,7.645678377865
MDA,2004,national,consumption,5.477811496910028,1.469530820846558,7.511551176728
MDA,2005,national,consumption,6.278197060824164,1.523053646087646,6.792635322371
MDA,2006,national,consumption,3.702661166525549,1.527449250221252,11.550767452774
MDA,2007,national,consumption,3.158841629124948,1.473308444023132,13.059419515822
MDA,2008,national,consumption,3.23025558382733,1.469249844551086,12.735523659425
MDA,2009,national,consumption,3.135469301430597,1.423680901527405,12.7135877355
MDA,2010,national,consumption,2.980988766822665,1.382547616958618,12.986071192827
MDA,2011,national,consumption,2.823999335772986,1.343532562255859,13.321147122456
MDA,2012,national,consumption,2.806923079942349,1.304345607757568,13.011285211111
MDA,2013,national,consumption,2.590986886004846,1.288044929504395,13.919506510157
MDA,2014,national,consumption,2.570709798121916,1.245828032493591,13.569476452693
MDA,2015,national,consumption,2.503217832484711,1.252717971801758,14.012405049119
MDA,2016,national,consumption,2.554397902272004,1.240953922271729,13.602700932228
MDA,2017,national,consumption,2.521779003099983,1.229827642440796,13.655111625402
MDA,2018,national,consumption,2.422077804135516,1.223594427108765,14.145145541752
MDA,2019,national,consumption,2.395840018734412,1.231295943260193,14.390062249382
MDA,2020,national,consumption,2.604569911956787,1.228199601173401,13.20355701446533
MDA,2021,national,consumption,2.387122789131202,1.226180076599121,14.382604756756
MDA,2022,national,consumption,2.562909770389901,1.222152829170227,13.352120403961
MDA,2023,national,consumption,2.513245344161987,1.219198703765869,13.5830602645874
MDA,2024,national,consumption,2.437264680862427,1.219203233718872,14.00655841827393
MDA,2025,national,consumption,2.386133193969727,1.219202756881714,14.30669403076172
MDG,1981,national,consumption,17.36788749694824,1.93183970451355,3.114455461502075
MDG,1982,national,consumption,18.36964416503906,1.931795120239258,2.944545984268188
MDG,1983,national,consumption,18.79223823547363,1.944322228431702,2.896995067596436
MDG,1984,national,consumption,19.01679801940918,1.944241285324097,2.862666845321655
MDG,1985,national,consumption,19.38636016845703,1.93515157699585,2.794967412948608
MDG,1986,national,consumption,19.57021331787109,1.926323533058167,2.756079196929932
MDG,1987,national,consumption,19.93674087524414,1.918282270431519,2.694116592407227
MDG,1988,national,consumption,19.76112365722656,1.912351489067078,2.70965576171875
MDG,1989,national,consumption,19.4361457824707,1.905128240585327,2.744555950164795
MDG,1990,national,consumption,19.35171508789063,1.899123311042786,2.747841835021973
MDG,1991,national,consumption,21.81225967407227,1.889556407928467,2.425589084625244
MDG,1992,national,consumption,22.30175018310547,1.880693078041077,2.361222982406616
MDG,1993,national,consumption,22.53769683837891,1.871245741844177,2.324766397476196
MDG,1994,national,consumption,22.83849143981934,1.845239520072937,2.262264490127563
MDG,1995,national,consumption,22.52126312255859,1.800871849060059,2.238969087600708
MDG,1996,national,consumption,22.0113468170166,1.724479198455811,2.193660259246826
MDG,1997,national,consumption,21.41963727255116,1.657037615776062,2.166098862087
MDG,1998,national,consumption,20.99738311767578,1.643390297889709,2.191460132598877
MDG,1999,national,consumption,20.4849156146736,1.6167072057724,2.209811558336
MDG,2000,national,consumption,22.6190128326416,1.795536756515503,2.222688913345337
MDG,2001,national,consumption,24.6506181122909,1.97645092010498,2.244999460214
MDG,2002,national,consumption,26.26617622375488,1.870480418205261,1.993950366973877
MDG,2003,national,consumption,24.08098793029785,1.782819509506226,2.07296085357666
MDG,2004,national,consumption,22.65441131591797,1.698911786079407,2.099791049957275
MDG,2005,national,consumption,21.36928481252778,1.598628878593445,2.094670414081
MDG,2006,national,consumption,21.87778282165527,1.628972887992859,2.084820032119751
MDG,2007,national,consumption,22.34393501281738,1.652173042297363,2.070398330688477
MDG,2008,national,consumption,22.63781356811523,1.671714067459106,2.06769061088562
MDG,2009,national,consumption,24.64705848693848,1.687751650810242,1.917350292205811
MDG,2010,national,consumption,25.97008285520639,1.690731763839722,1.822885560883
MDG,2011,national,consumption,27.67891311645508,1.721630930900574,1.741602540016174
MDG,2012,national,consumption,27.71827125549316,1.738949179649353,1.756623864173889
MDG,2013,national,consumption,28.36433219909668,1.733050346374512,1.710789799690247
MDG,2014,national,consumption,28.2433910369873,1.732949137687683,1.718015193939209
MDG,2015,national,consumption,28.1546516418457,1.732914328575134,1.723395586013794
MDG,2016,national,consumption,27.89887619018555,1.732941031455994,1.739222288131714
MDG,2017,national,consumption,27.65793800354004,1.733129739761353,1.75456440448761
MDG,2018,national,consumption,27.54869079589844,1.732941746711731,1.76133120059967
MDG,2019,national,consumption,27.21946144104004,1.732909798622131,1.782602310180664
MDG,2020,national,consumption,29.09855842590332,1.72964084148407,1.664341688156128
MDG,2021,national,consumption,28.52485847473145,1.73226273059845,1.70038902759552
MDG,2022,national,consumption,28.2475757598877,1.732868552207947,1.717680811882019
MDG,2023,national,consumption,28.00365829467773,1.733173370361328,1.732946991920471
MDG,2024,national,consumption,27.67633056640625,1.732996940612793,1.75326406955719
MDG,2025,national,consumption,27.44684982299805,1.733027338981628,1.767953872680664
MDV,1981,national,consumption,15.98985576629639,1.605467081069946,2.811349868774414
MDV,1982,national,consumption,16.65249633789063,1.605481863021851,2.699504613876343
MDV,1983,national,consumption,15.24929618835449,1.605474233627319,2.9478919506073
MDV,1984,national,consumption,13.09844207763672,1.605491518974304,3.431993007659912
MDV,1985,national,consumption,12.09963798522949,1.605490326881409,3.715295314788818
MDV,1986,national,consumption,11.64277172088623,1.605465173721313,3.861024379730225
MDV,1987,national,consumption,11.24235534667969,1.605482578277588,3.998584747314453
MDV,1988,national,consumption,10.85097789764404,1.605472445487976,4.142781257629395
MDV,1989,national,consumption,10.42173767089844,1.605485796928406,4.313446044921875
MDV,1990,national,consumption,9.534210205078125,1.60547947883606,4.71496057510376
MDV,1991,national,consumption,9.644869804382324,1.605486035346985,4.660882949829102
MDV,1992,national,consumption,9.404183387756348,1.605489730834961,4.780182361602783
MDV,1993,national,consumption,9.221842765808105,1.605477333068848,4.874661922454834
MDV,1994,national,consumption,8.898000717163086,1.605474472045898,5.052065849304199
MDV,1995,national,consumption,8.293142318725586,1.605486273765564,5.420577049255371
MDV,1996,national,consumption,7.984743118286133,1.605472922325134,5.629891872406006
MDV,1997,national,consumption,7.651299476623535,1.605490207672119,5.875306129455566
MDV,1998,national,consumption,7.3667311668396,1.605481743812561,6.102230072021484
MDV,1999,national,consumption,7.147512912750244,1.605475306510925,6.289363861083984
MDV,2000,national,consumption,7.04155158996582,1.605473041534424,6.383996963500977
MDV,2001,national,consumption,7.325341701507568,1.605477809906006,6.136693954467773
MDV,2002,national,consumption,7.054539203643799,1.605482935905457,6.372283458709717
MDV,2003,national,consumption,6.199224472045898,1.611272811889648,7.277626514434814
MDV,2004,national,consumption,5.822778224945068,1.625834703445435,7.818153381347656
MDV,2005,national,consumption,6.645177841186523,1.643754482269287,6.926094055175781
MDV,2006,national,consumption,5.700839996337891,1.658247470855713,8.144577026367188
MDV,2007,national,consumption,5.458355903625488,1.672066926956177,8.577284812927246
MDV,2008,national,consumption,5.168017864227295,1.68101179599762,9.107617378234863
MDV,2009,national,consumption,5.522307395935059,1.598279476165771,8.103827476501465
MDV,2010,national,consumption,4.881363868713379,1.572684645652771,9.021079063415527
MDV,2011,national,consumption,3.76397967338562,1.536728858947754,11.43162631988525
MDV,2012,national,consumption,3.870065212249756,1.501288890838623,10.86185550689697
MDV,2013,national,consumption,3.252285480499268,1.465410232543945,12.61620044708252
MDV,2014,national,consumption,2.692775249481201,1.427814483642578,14.84669208526611
MDV,2015,national,consumption,2.839077711105347,1.393461108207703,13.74281215667725
MDV,2016,national,consumption,2.068007333789437,1.362229347229004,18.444046210998
MDV,2017,national,consumption,1.967609763145447,1.341590881347656,19.09146118164063
MDV,2018,national,consumption,1.903554081916809,1.32498300075531,19.48960876464844
MDV,2019,national,consumption,1.879521369934082,1.307977557182312,19.48547744750977
MDV,2020,national,consumption,2.173576593399048,1.299797892570496,16.74398803710938
MDV,2021,national,consumption,2.081128597259521,1.299802184104919,17.48784828186035
MDV,2022,national,consumption,1.903121471405029,1.299810647964478,19.12368583679199
MDV,2023,national,consumption,1.771047234535217,1.299798011779785,20.54961776733398
MDV,2024,national,consumption,1.734481334686279,1.299801826477051,20.98290252685547
MDV,2025,national,consumption,1.672290205955505,1.299805641174316,21.76330184936523
MEX,1981,national,income,5.130598068237305,2.094226837158203,11.42914581298828
MEX,1982,national,income,5.247943878173828,2.09422779083252,11.17359066009521
MEX,1983,national,income,5.622550964355469,2.094223737716675,10.42912101745605
MEX,1984,national,income,5.576216877983598,2.112179040908813,10.605938295297
MEX,1985,national,income,5.551600456237793,2.123123645782471,10.70816707611084
MEX,1986,national,income,5.924611568450928,2.159888029098511,10.20773506164551
MEX,1987,national,income,5.931957244873047,2.200785160064697,10.3881368637085
MEX,1988,national,income,5.993059158325195,2.235845327377319,10.44602870941162
MEX,1989,national,income,5.955621895188402,2.330198287963867,10.955288099891
MEX,1990,national,income,5.526991844177246,2.296425342559814,11.63379859924316
MEX,1991,national,income,5.272079944610596,2.314441204071045,12.29198932647705
MEX,1992,national,income,5.1683280258353,2.375974416732788,12.872109851433
MEX,1993,national,income,5.290328502655029,2.413495779037476,12.77385330200195
MEX,1994,national,income,5.255935284961584,2.505348205566406,13.346767686983
MEX,1995,national,income,6.420463562011719,2.586443901062012,11.27962589263916
MEX,1996,national,income,7.113117526609839,2.47063136100769,9.725366833936
MEX,1997,national,income,7.010749816894531,2.527645587921143,10.09507942199707
MEX,1998,national,income,7.030779432733981,2.655678272247314,10.576209243011
MEX,1999,national,income,6.661195755004883,2.657138109207153,11.16914558410645
MEX,2000,national,income,5.949968604289245,2.67548942565918,12.590605400752
MEX,2001,national,income,5.518988609313965,2.514960289001465,12.75938320159912
MEX,2002,national,income,5.194429463701288,2.341080904006958,12.619338839149
MEX,2003,national,income,5.095958709716797,2.367158651351929,13.00647163391113
MEX,2004,national,income,5.041438212481889,2.399276494979858,13.325511366951
MEX,2005,national,income,5.140019042295979,2.516330003738403,13.707583630431
MEX,2006,national,income,4.457140080690723,2.277142286300659,14.305132787562
MEX,2007,national,income,4.496853351593018,2.324928045272827,14.47634124755859
MEX,2008,national,income,4.644136762820116,2.430402278900146,14.653156034833
MEX,2009,national,income,4.760750293731689,2.263393402099609,13.31198120117188
MEX,2010,national,income,4.410483115933527,2.160364389419556,13.71509637731
MEX,2011,national,income,4.118866920471191,2.159860610961914,14.68270301818848
MEX,2012,national,income,4.141555275402789,2.209555149078369,14.938239498909
MEX,2013,national,income,4.133497714996338,2.140439510345459,14.49917507171631
MEX,2014,national,income,4.226386350871038,2.121427059173584,14.054549268198
MEX,2015,national,income,3.755123376846313,2.027283430099487,15.1163969039917
MEX,2016,national,income,3.520658089973252,1.995071053504944,15.866916709514
MEX,2017,national,income,3.403510093688965,1.953263640403748,16.06911087036133
MEX,2018,national,income,3.362928917610499,1.944638848304749,16.191209456274
MEX,2019,national,income,3.299274444580078,1.925087213516235,16.33766555786133
MEX,2020,national,income,3.473672439791911,1.912667274475098,15.417309709731
MEX,2021,national,income,3.060278415679932,1.857794165611267,16.99787712097168
MEX,2022,national,income,2.886176187041468,1.83669912815094,17.818584766728
MEX,2023,national,income,2.738710165023804,1.820314764976501,18.61051750183105
MEX,2024,national,income,2.723009824752808,1.820310831069946,18.71778106689453
MEX,2025,national,income,2.744948148727417,1.820244550704956,18.56750869750977
MHL,1981,national,consumption,5.32756519317627,1.489514708518982,7.828418731689453
MHL,1982,national,consumption,5.214795112609863,1.489506959915161,7.99766731262207
MHL,1983,national,consumption,4.944207191467285,1.489509701728821,8.435380935668945
MHL,1984,national,consumption,5.039811611175537,1.48951256275177,8.275379180908203
MHL,1985,national,consumption,5.152427196502686,1.489510416984558,8.094493865966797
MHL,1986,national,consumption,4.645778656005859,1.489513993263245,8.977266311645508
MHL,1987,national,consumption,4.491410732269287,1.48950719833374,9.285768508911133
MHL,1988,national,consumption,4.435826778411865,1.489512920379639,9.402161598205566
MHL,1989,national,consumption,4.543333053588867,1.489506959915161,9.179647445678711
MHL,1990,national,consumption,4.552504062652588,1.489511132240295,9.16118049621582
MHL,1991,national,consumption,4.558764457702637,1.489510536193848,9.148595809936523
MHL,1992,national,consumption,4.40363597869873,1.489507675170898,9.470858573913574
MHL,1993,national,consumption,4.270870685577393,1.489509224891663,9.76528263092041
MHL,1994,national,consumption,4.122518062591553,1.489513397216797,10.11672306060791
MHL,1995,national,consumption,4.060420989990234,1.489512801170349,10.27143669128418
MHL,1996,national,consumption,4.377699375152588,1.489507079124451,9.52696704864502
MHL,1997,national,consumption,4.56969690322876,1.489508509635925,9.126696586608887
MHL,1998,national,consumption,4.626755237579346,1.489507675170898,9.014139175415039
MHL,1999,national,consumption,4.671632766723633,1.489502429962158,8.92751407623291
MHL,2000,national,consumption,4.588026523590088,1.489509463310242,9.090240478515625
MHL,2001,national,consumption,4.424907207489014,1.489506244659424,9.425321578979492
MHL,2002,national,consumption,4.371367931365967,1.4895099401474,9.540783882141113
MHL,2003,national,consumption,4.422667026519775,1.489508152008057,9.430108070373535
MHL,2004,national,consumption,4.426939487457275,1.489515423774719,9.421052932739258
MHL,2005,national,consumption,4.390892505645752,1.48950982093811,9.498359680175781
MHL,2006,national,consumption,4.363152027130127,1.489510655403137,9.558753967285156
MHL,2007,national,consumption,4.340728282928467,1.489511609077454,9.608139991760254
MHL,2008,national,consumption,4.495208740234375,1.489516735076904,9.277982711791992
MHL,2009,national,consumption,4.368297100067139,1.489513039588928,9.547511100769043
MHL,2010,national,consumption,4.249344348907471,1.489507794380188,9.814742088317871
MHL,2011,national,consumption,4.257358074188232,1.489510536193848,9.796285629272461
MHL,2012,national,consumption,4.140294075012207,1.489511013031006,10.07327175140381
MHL,2013,national,consumption,3.980184078216553,1.489508152008057,10.47846698760986
MHL,2014,national,consumption,4.027464389801025,1.489502906799316,10.35541915893555
MHL,2015,national,consumption,3.959702014923096,1.489509582519531,10.53267860412598
MHL,2016,national,consumption,3.75858473777771,1.489514231681824,11.09630393981934
MHL,2017,national,consumption,3.515849351882935,1.489507675170898,11.86234378814697
MHL,2018,national,consumption,3.423933267593384,1.489508032798767,12.18079376220703
MHL,2019,national,consumption,3.26616358757019,1.489508032798767,12.76917839050293
MHL,2020,national,consumption,3.272217750549316,1.489511966705322,12.74558639526367
MHL,2021,national,consumption,3.239882469177246,1.489507079124451,12.8727502822876
MHL,2022,national,consumption,3.149296283721924,1.489510655403137,13.2430534362793
MHL,2023,national,consumption,3.183579683303833,1.489503026008606,13.10037422180176
MHL,2024,national,consumption,3.09335994720459,1.489503383636475,13.48245811462402
MHL,2025,national,consumption,2.930800437927246,1.489504337310791,14.23028373718262
MKD,1981,national,consumption,3.135622262954712,1.309707641601563,11.69522666931152
MKD,1982,national,consumption,3.126872301101685,1.309732913970947,11.72817993164063
MKD,1983,national,consumption,3.18245005607605,1.309716582298279,11.52321720123291
MKD,1984,national,consumption,3.119845867156982,1.309717535972595,11.75445556640625
MKD,1985,national,consumption,3.144696474075317,1.30974543094635,11.66181564331055
MKD,1986,national,consumption,3.005033731460571,1.309730291366577,12.20367240905762
MKD,1987,national,consumption,3.038465976715088,1.309717893600464,12.06928157806396
MKD,1988,national,consumption,3.112128257751465,1.309728622436523,11.78370475769043
MKD,1989,national,consumption,3.07518744468689,1.309722781181335,11.92520427703857
MKD,1990,national,consumption,3.309669733047485,1.309731841087341,11.08040809631348
MKD,1991,national,consumption,3.491919994354248,1.309711694717407,10.50193786621094
MKD,1992,national,consumption,3.631372928619385,1.309682130813599,10.09841156005859
MKD,1993,national,consumption,3.798458099365234,1.309727787971497,9.654542922973633
MKD,1994,national,consumption,3.826806783676147,1.309723258018494,9.582989692687988
MKD,1995,national,consumption,3.864743947982788,1.309725284576416,9.488936424255371
MKD,1996,national,consumption,3.851875305175781,1.30967652797699,9.520282745361328
MKD,1997,national,consumption,3.792609214782715,1.309758424758911,9.669658660888672
MKD,1998,national,consumption,3.72197055154818,1.312095642089844,9.870759908905001
MKD,1999,national,consumption,4.304447650909424,1.438898921012878,9.359892845153809
MKD,2000,national,consumption,4.873046595955157,1.520849585533142,8.738637714640999
MKD,2001,national,consumption,4.092366695404053,1.672323703765869,11.44204998016357
MKD,2002,national,consumption,3.175296941432475,1.649313926696777,14.543770575123
MKD,2003,national,consumption,3.248056268103866,1.649140477180481,14.216482394708
MKD,2004,national,consumption,2.597739388720669,1.647778153419495,17.760746120788
MKD,2005,national,consumption,3.126836480944818,1.709475636482239,15.307905210096
MKD,2006,national,consumption,3.287669336185443,1.852872490882874,15.780306566973
MKD,2007,national,consumption,2.821828365325928,1.932769298553467,19.17818260192871
MKD,2008,national,consumption,2.605498648575063,1.967527270317078,21.144038463313
MKD,2009,national,income,5.695199813251023,2.449908971786499,12.044783392948
MKD,2010,national,income,7.670538213327712,3.299916505813599,12.045786290557
MKD,2011,national,income,5.427529492209162,2.412311792373657,12.444838710308
MKD,2012,national,income,4.732776987879213,2.115469455718994,12.515515737074
MKD,2013,national,income,4.135914419805352,1.849189043045044,12.518947330204
MKD,2014,national,income,4.049234802332329,1.9278404712677,13.330798712469
MKD,2015,national,income,4.027720996012216,2.000986814498901,13.910504222786
MKD,2016,national,income,3.606743017231851,1.899357795715332,14.745164386785
MKD,2017,national,income,3.603723355304565,1.975963950157166,15.352729889679
MKD,2018,national,income,3.102840073209484,1.746598720550537,15.761290369504
MKD,2019,national,income,2.939626423149673,1.807526707649231,17.216727510025
MKD,2020,national,income,2.976450443267822,1.784024953842163,16.78264045715332
MKD,2021,national,income,2.712998628616333,1.784022927284241,18.4123363494873
MKD,2022,national,income,2.56395697593689,1.784054636955261,19.48298263549805
MKD,2023,national,income,2.528346061706543,1.784075140953064,19.75762176513672
MKD,2024,national,income,2.473852634429932,1.783989787101746,20.19187164306641
MKD,2025,national,income,2.404779195785522,1.784081220626831,20.77291488647461
MLI,1981,national,consumption,39.35317230224609,2.02035117149353,1.437491059303284
MLI,1982,national,consumption,41.63965225219727,1.999582290649414,1.344591021537781
MLI,1983,national,consumption,41.73469543457031,1.998826384544373,1.34102189540863
MLI,1984,national,consumption,42.32170104980469,1.993368864059448,1.318811058998108
MLI,1985,national,consumption,38.34454727172852,2.029128313064575,1.481712460517883
MLI,1986,national,consumption,38.16281890869141,2.030818939208984,1.49000871181488
MLI,1987,national,consumption,38.59095764160156,2.027065753936768,1.470754981040955
MLI,1988,national,consumption,37.35959625244141,2.037599802017212,1.527125477790833
MLI,1989,national,consumption,36.86215209960938,2.041868925094604,1.550976395606995
MLI,1990,national,consumption,37.86204147338867,2.033304214477539,1.50368320941925
MLI,1991,national,consumption,35.72357177734375,2.045810461044312,1.603498458862305
MLI,1992,national,consumption,36.96775436401367,2.041034460067749,1.545913815498352
MLI,1993,national,consumption,36.74045181274414,2.043103218078613,1.55705463886261
MLI,1994,national,consumption,36.40628884956316,2.032490730285645,1.563184263201
MLI,1995,national,consumption,34.17339324951172,2.057754039764404,1.686022520065308
MLI,1996,national,consumption,30.67551803588867,1.935370802879333,1.766567826271057
MLI,1997,national,consumption,27.64216232299805,1.877453207969666,1.901757478713989
MLI,1998,national,consumption,23.43900108337402,1.820506453514099,2.174759149551392
MLI,1999,national,consumption,21.13278579711914,1.762493491172791,2.335225343704224
MLI,2000,national,consumption,22.10931777954102,1.69793176651001,2.15031909942627
MLI,2001,national,consumption,16.33855438232422,1.648531198501587,2.825150489807129
MLI,2002,national,consumption,15.94557285308838,1.633287668228149,2.868009567260742
MLI,2003,national,consumption,14.79575061798096,1.624799966812134,3.074828624725342
MLI,2004,national,consumption,15.0825080871582,1.617780804634094,3.003337621688843
MLI,2005,national,consumption,14.37622356414795,1.611036539077759,3.137751817703247
MLI,2006,national,consumption,14.06338882446289,1.60374641418457,3.19303560256958
MLI,2007,national,consumption,13.89933490753174,1.56016206741333,3.142922878265381
MLI,2008,national,consumption,13.58684062957764,1.503574252128601,3.098592281341553
MLI,2009,national,consumption,13.2825288772583,1.449127674102783,3.054807901382446
MLI,2010,national,consumption,12.76129531860352,1.402484893798828,3.077240705490112
MLI,2011,national,consumption,12.90024185180664,1.409525632858276,3.059378147125244
MLI,2012,national,consumption,12.09231758117676,1.480970144271851,3.429215669631958
MLI,2013,national,consumption,11.5673246383667,1.503909945487976,3.640381813049316
MLI,2014,national,consumption,10.7018518447876,1.519068956375122,3.974445819854736
MLI,2015,national,consumption,11.17498970031738,1.439631223678589,3.607132911682129
MLI,2016,national,consumption,9.535175323486328,1.447168350219727,4.249603271484375
MLI,2017,national,consumption,8.556239128112793,1.454638481140137,4.760254859924316
MLI,2018,national,consumption,7.942727565765381,1.462053775787354,5.154086589813232
MLI,2019,national,consumption,7.666800498962402,1.46524178981781,5.351224422454834
MLI,2020,national,consumption,8.134794235229492,1.461140513420105,5.029252529144287
MLI,2021,national,consumption,8.372335433959961,1.454330682754517,4.863787174224854
MLI,2022,national,consumption,8.484179496765137,1.448363304138184,4.779975891113281
MLI,2023,national,consumption,8.390644073486328,1.448361277580261,4.833254337310791
MLI,2024,national,consumption,8.36070728302002,1.448361873626709,4.850562572479248
MLI,2025,national,consumption,8.256556510925293,1.448383688926697,4.91182279586792
MLT,1981,national,income,2.530251979827881,1.399393677711487,15.48581886291504
MLT,1982,national,income,2.527377843856812,1.399393916130066,15.50343132019043
MLT,1983,national,income,2.57905125617981,1.39940619468689,15.1929407119751
MLT,1984,national,income,2.555499076843262,1.399395227432251,15.33284282684326
MLT,1985,national,income,2.535241603851318,1.399396777153015,15.45537567138672
MLT,1986,national,income,2.481558322906494,1.399400115013123,15.78975772857666
MLT,1987,national,income,2.400038480758667,1.39939546585083,16.32601928710938
MLT,1988,national,income,2.232020854949951,1.399392247200012,17.55493545532227
MLT,1989,national,income,2.083522796630859,1.399447083473206,18.80685806274414
MLT,1990,national,income,1.979394435882568,1.399399042129517,19.79553604125977
MLT,1991,national,income,1.913806557655334,1.399446249008179,20.47463798522949
MLT,1992,national,income,1.847010731697083,1.399450659751892,21.21515464782715
MLT,1993,national,income,1.785541892051697,1.399456143379211,21.94559097290039
MLT,1994,national,income,1.705918431282043,1.39944314956665,22.96968460083008
MLT,1995,national,income,1.615334630012512,1.399385452270508,24.25676536560059
MLT,1996,national,income,1.566795825958252,1.399413824081421,25.00873756408691
MLT,1997,national,income,1.499898314476013,1.399451732635498,26.12487030029297
MLT,1998,national,income,1.436029076576233,1.399381041526794,27.28542900085449
MLT,1999,national,income,1.379501581192017,1.399447202682495,28.40484046936035
MLT,2000,national,income,1.160109043121338,1.399453639984131,33.77674102783203
MLT,2001,national,income,1.149552822113037,1.399437546730042,34.08651733398438
MLT,2002,national,income,1.176429271697998,1.39944326877594,33.30791854858398
MLT,2003,national,income,1.1190505027771,1.399446845054626,35.0158576965332
MLT,2004,national,income,1.103899240493774,1.399440050125122,35.49628448486328
MLT,2005,national,income,1.074014186859131,1.399423718452454,36.48356246948242
MLT,2006,national,income,1.099001555056661,1.468334555625916,37.409744780786
MLT,2007,national,income,1.076229392023061,1.567263960838318,40.775128856728
MLT,2008,national,income,.9342248136038492,1.395784378051758,41.833574982366
MLT,2009,national,income,1.076279357812557,1.57717502117157,41.031075529707
MLT,2010,national,income,.990388661056107,1.469578862190247,41.547534558328
MLT,2011,national,income,.9978039544042389,1.510645866394043,42.391176784359
MLT,2012,national,income,.8872393664488707,1.391398668289185,43.910541779064
MLT,2013,national,income,.8039489128783104,1.328539609909058,46.270488774107
MLT,2014,national,income,.7589243923664968,1.328061103820801,48.997911268851
MLT,2015,national,income,.8096089281536193,1.423609256744385,49.234956610764
MLT,2016,national,income,.7702108983332729,1.440069198608398,52.351812731212
MLT,2017,national,income,.7782859865388433,1.465214014053345,52.71326226341
MLT,2018,national,income,.7211876655716927,1.391712427139282,54.033019069903
MLT,2019,national,income,.7757305508831893,1.630720019340515,58.860849997048
MLT,2020,national,income,.7156798391206741,1.571769833564758,61.493354979592
MLT,2021,national,income,.6250100245088065,1.44044303894043,64.530813390349
MLT,2022,national,income,.6844132531534776,1.599751114845276,65.447347325382
MLT,2023,national,income,.6158710122108459,1.521875619888306,69.19065093994141
MLT,2024,national,income,.5980798006057739,1.5218505859375,71.24771118164063
MLT,2025,national,income,.5874605178833008,1.521855473518372,72.53585815429688
MMR,1981,national,consumption,24.57582473754883,1.535103678703308,1.748991250991821
MMR,1982,national,consumption,24.0158863067627,1.535371661186218,1.790082097053528
MMR,1983,national,consumption,23.6080150604248,1.535475969314575,1.821132659912109
MMR,1984,national,consumption,23.2395191192627,1.535633325576782,1.850198984146118
MMR,1985,national,consumption,23.26020622253418,1.535686016082764,1.8486168384552
MMR,1986,national,consumption,23.8511791229248,1.535379409790039,1.802452802658081
MMR,1987,national,consumption,25.13938903808594,1.534793853759766,1.70943808555603
MMR,1988,national,consumption,26.8895378112793,1.533188819885254,1.596505165100098
MMR,1989,national,consumption,26.55224418640137,1.533704042434692,1.617329001426697
MMR,1990,national,consumption,26.47595977783203,1.533789038658142,1.622078776359558
MMR,1991,national,consumption,26.39205932617188,1.533822417259216,1.627270817756653
MMR,1992,national,consumption,25.13864135742188,1.534799575805664,1.709495306015015
MMR,1993,national,consumption,24.29448318481445,1.535214304924011,1.769372940063477
MMR,1994,national,consumption,23.33012771606445,1.535532593727112,1.842892289161682
MMR,1995,national,consumption,22.47854804992676,1.535837292671204,1.913088202476501
MMR,1996,national,consumption,21.73860931396484,1.53604781627655,1.978477001190186
MMR,1997,national,consumption,21.09347915649414,1.536091923713684,2.039046049118042
MMR,1998,national,consumption,20.2606143951416,1.536031007766724,2.122781991958618
MMR,1999,national,consumption,18.88636779785156,1.536007285118103,2.277208805084229
MMR,2000,national,consumption,17.43986701965332,1.536067008972168,2.466181516647339
MMR,2001,national,consumption,16.25824737548828,1.535980939865112,2.645270824432373
MMR,2002,national,consumption,15.05635738372803,1.536060214042664,2.856579780578613
MMR,2003,national,consumption,13.82420635223389,1.536053061485291,3.111172199249268
MMR,2004,national,consumption,12.70156383514404,1.536025404930115,3.386095762252808
MMR,2005,national,consumption,11.67514991760254,1.536070823669434,3.683891296386719
MMR,2006,national,consumption,10.77270698547363,1.536079049110413,3.992516756057739
MMR,2007,national,consumption,10.01657390594482,1.536065459251404,4.293866634368896
MMR,2008,national,consumption,9.378021240234375,1.536044955253601,4.58617639541626
MMR,2009,national,consumption,8.785224914550781,1.536043763160706,4.895631790161133
MMR,2010,national,consumption,8.334054946899414,1.536055564880371,5.160699844360352
MMR,2011,national,consumption,8.042288780212402,1.536057472229004,5.347931385040283
MMR,2012,national,consumption,7.681247234344482,1.536058306694031,5.599303245544434
MMR,2013,national,consumption,7.300585269927979,1.536050915718079,5.891229629516602
MMR,2014,national,consumption,6.960691452026367,1.536056637763977,6.178924560546875
MMR,2015,national,consumption,6.70162852011999,1.526503324508667,6.377866788052
MMR,2016,national,consumption,6.171916961669922,1.45774257183075,6.613308906555176
MMR,2017,national,consumption,5.675987424276826,1.326144576072693,6.541953928465
MMR,2018,national,consumption,5.45336389541626,1.341428995132446,6.887494087219238
MMR,2019,national,consumption,5.386124610900879,1.341435551643372,6.973510265350342
MMR,2020,national,consumption,5.807669639587402,1.341427445411682,6.467304706573486
MMR,2021,national,consumption,6.199753284454346,1.341455221176147,6.058425903320313
MMR,2022,national,consumption,6.091548442840576,1.341446042060852,6.166000366210938
MMR,2023,national,consumption,6.010010719299316,1.341446757316589,6.24965763092041
MMR,2024,national,consumption,5.990815162658691,1.34144401550293,6.269669532775879
MMR,2025,national,consumption,6.034067153930664,1.341432690620422,6.224676609039307
MNE,1981,national,consumption,2.017760515213013,1.34082305431366,18.60629463195801
MNE,1982,national,consumption,1.989485502243042,1.340822577476501,18.87072372436523
MNE,1983,national,consumption,2.022196531295776,1.340820908546448,18.56544876098633
MNE,1984,national,consumption,1.982439517974854,1.340825915336609,18.93784141540527
MNE,1985,national,consumption,1.986706852912903,1.340821266174316,18.89709854125977
MNE,1986,national,consumption,1.94877302646637,1.340820908546448,19.26493453979492
MNE,1987,national,consumption,2.024574279785156,1.340824246406555,18.5436897277832
MNE,1988,national,consumption,2.080785036087036,1.340824007987976,18.04274368286133
MNE,1989,national,consumption,2.084985733032227,1.340825796127319,18.00641632080078
MNE,1990,national,consumption,2.229281663894653,1.340822696685791,16.84086608886719
MNE,1991,national,consumption,2.363755226135254,1.340823173522949,15.88279914855957
MNE,1992,national,consumption,2.843632698059082,1.340824246406555,13.20250606536865
MNE,1993,national,consumption,3.775247097015381,1.340824007987976,9.944533348083496
MNE,1994,national,consumption,3.695337772369385,1.340824127197266,10.15957927703857
MNE,1995,national,consumption,3.319519281387329,1.340822219848633,11.30977630615234
MNE,1996,national,consumption,2.734210252761841,1.340823650360107,13.73086166381836
MNE,1997,national,consumption,2.558114051818848,1.340822458267212,14.67605686187744
MNE,1998,national,consumption,2.467927932739258,1.340821981430054,15.21236228942871
MNE,1999,national,consumption,2.636849641799927,1.340824842453003,14.23785972595215
MNE,2000,national,consumption,2.577685117721558,1.340823531150818,14.56464099884033
MNE,2001,national,consumption,2.56522274017334,1.340824246406555,14.63540649414063
MNE,2002,national,consumption,2.538629531860352,1.340822815895081,14.78870296478271
MNE,2003,national,consumption,2.502289056777954,1.340822100639343,15.0034704208374
MNE,2004,national,consumption,2.430150032043457,1.340823531150818,15.44886493682861
MNE,2005,national,consumption,2.371074808599507,1.347012519836426,15.906858195778
MNE,2006,national,consumption,2.284854693484009,1.343505620956421,16.464135660877
MNE,2007,national,consumption,1.921557837037088,1.389894366264343,20.252860472966
MNE,2008,national,consumption,1.783142017928791,1.356223344802856,21.296259343029
MNE,2009,national,consumption,1.838260831329426,1.371747136116028,20.894162160363
MNE,2010,national,consumption,1.949474147308551,1.315100312232971,18.888585584772
MNE,2011,national,consumption,2.071984908146846,1.376258611679077,18.59822547076
MNE,2012,national,consumption,2.417022898234624,1.506011247634888,17.446385750483
MNE,2013,national,consumption,2.3085557224483,1.462379574775696,17.736902347678
MNE,2014,national,consumption,2.054775728079081,1.367344260215759,18.632514104283
MNE,2015,national,income,2.838573570318074,1.794459104537964,17.70074090731
MNE,2016,national,income,3.637886279753441,2.512769937515259,19.340230359176
MNE,2017,national,income,3.835972852711647,2.612197399139404,19.067269414527
MNE,2018,national,income,3.02758685418564,2.004630327224731,18.539401096042
MNE,2019,national,income,2.555706440382426,1.7687007188797,19.377663790154
MNE,2020,national,income,2.75206283076013,1.875360369682312,19.08026551863
MNE,2021,national,income,2.776795067713388,2.046593904495239,20.636968467613
MNE,2022,national,income,2.469458818435669,2.002294063568115,22.70304489135742
MNE,2023,national,income,2.31590723991394,2.002336025238037,24.20883178710938
MNE,2024,national,income,2.233971834182739,2.002772092819214,25.10220336914063
MNE,2025,national,income,2.168873310089111,2.00273609161377,25.85518074035645
MNG,1981,national,consumption,7.089263439178467,1.421257257461548,5.613446712493896
MNG,1982,national,consumption,6.814155578613281,1.421226143836975,5.839950561523438
MNG,1983,national,consumption,6.660569667816162,1.421286344528198,5.97486686706543
MNG,1984,national,consumption,6.506672859191895,1.421284794807434,6.116178512573242
MNG,1985,national,consumption,6.367646217346191,1.421249747276306,6.249560832977295
MNG,1986,national,consumption,6.08514404296875,1.421240568161011,6.539653778076172
MNG,1987,national,consumption,6.050959587097168,1.421220779418945,6.576507568359375
MNG,1988,national,consumption,5.951065063476563,1.421255350112915,6.687063694000244
MNG,1989,national,consumption,5.875930309295654,1.421296715736389,6.772767066955566
MNG,1990,national,consumption,5.959366798400879,1.421233177185059,6.677643775939941
MNG,1991,national,consumption,6.481340408325195,1.42121958732605,6.1398024559021
MNG,1992,national,consumption,6.935966491699219,1.421260595321655,5.737527370452881
MNG,1993,national,consumption,7.087039470672607,1.4212406873703,5.615142822265625
MNG,1994,national,consumption,7.037766456604004,1.421227693557739,5.654404163360596
MNG,1995,national,consumption,6.818525742302613,1.423593640327454,5.845929662034
MNG,1996,national,consumption,7.893283367156982,1.458908081054688,5.17521333694458
MNG,1997,national,consumption,8.861454963684082,1.443110346794128,4.559870719909668
MNG,1998,national,consumption,9.838256219727047,1.375484824180603,3.914674779211
MNG,1999,national,consumption,8.834155082702637,1.388975739479065,4.402381420135498
MNG,2000,national,consumption,9.040155410766602,1.40388011932373,4.348226547241211
MNG,2001,national,consumption,8.173851013183594,1.416049242019653,4.85075855255127
MNG,2002,national,consumption,6.823452472686768,1.430230498313904,5.868943214416504
MNG,2003,national,consumption,6.151544570922852,1.437525153160095,6.543186664581299
MNG,2004,national,consumption,5.476236820220947,1.445417404174805,7.390419483184814
MNG,2005,national,consumption,5.103818893432617,1.455161929130554,7.983146667480469
MNG,2006,national,consumption,4.706190586090088,1.463319182395935,8.706178665161133
MNG,2007,national,consumption,4.276707649230957,1.470446109771729,9.62714672088623
MNG,2008,national,consumption,4.018319129943848,1.460514187812805,10.1769905090332
MNG,2009,national,consumption,4.103569030761719,1.432902574539185,9.777165412902832
MNG,2010,national,consumption,3.983243236581282,1.406616926193237,9.887740300601999
MNG,2011,national,consumption,3.652763252072122,1.419859290122986,10.883831389456
MNG,2012,national,consumption,3.193374465053469,1.427772998809814,12.518933896976
MNG,2013,national,consumption,3.04680871963501,1.409839510917664,12.9563455581665
MNG,2014,national,consumption,2.964717867713994,1.382280707359314,13.054820366841
MNG,2015,national,consumption,3.261784315109253,1.399940371513367,12.0174503326416
MNG,2016,national,consumption,3.590168349258684,1.385328769683838,10.804286272422
MNG,2017,national,consumption,3.515614032745361,1.392512559890747,11.09062385559082
MNG,2018,national,consumption,3.408072304848087,1.39818811416626,11.48721743854
MNG,2019,national,consumption,3.139567375183105,1.405218958854675,12.53234195709229
MNG,2020,national,consumption,3.099229335784912,1.397668838500977,12.62724494934082
MNG,2021,national,consumption,2.916412115097046,1.384756207466125,13.29481983184814
MNG,2022,national,consumption,2.673304575265357,1.368240714073181,14.330854780769
MNG,2023,national,consumption,2.5604567527771,1.363675594329834,14.91254138946533
MNG,2024,national,consumption,2.488835334777832,1.36367392539978,15.34166240692139
MNG,2025,national,consumption,2.403767824172974,1.363662719726563,15.88446140289307
MNP,1981,national,,24.40870094299316,1.667641997337341,1.913005352020264
MNP,1982,national,,22.85719108581543,1.634384393692017,2.002116680145264
MNP,1983,national,,21.14700317382813,1.594770431518555,2.111579179763794
MNP,1984,national,,18.94826507568359,1.538020610809326,2.272745132446289
MNP,1985,national,,18.00973510742188,1.523019433021545,2.367860794067383
MNP,1986,national,,17.47477531433105,1.527145743370056,2.446960210800171
MNP,1987,national,,16.74593162536621,1.534370541572571,2.56554102897644
MNP,1988,national,,15.50753784179688,1.518698692321777,2.742122173309326
MNP,1989,national,,17.12288665771484,1.59705114364624,2.611559152603149
MNP,1990,national,,16.70993232727051,1.608567118644714,2.695395708084106
MNP,1991,national,,16.36263465881348,1.621693968772888,2.775068521499634
MNP,1992,national,,15.88161373138428,1.635483503341675,2.883430957794189
MNP,1993,national,,15.4198751449585,1.642504692077637,2.982522964477539
MNP,1994,national,,14.14209079742432,1.628344416618347,3.223967790603638
MNP,1995,national,,13.20421600341797,1.635139107704163,3.467369556427002
MNP,1996,national,,12.44002056121826,1.662443399429321,3.741827964782715
MNP,1997,national,,12.43155765533447,1.70077908039093,3.830719947814941
MNP,1998,national,,12.71297740936279,1.726580023765564,3.802747249603271
MNP,1999,national,,12.09512901306152,1.719696521759033,3.981065511703491
MNP,2000,national,,11.62391090393066,1.73140287399292,4.170651435852051
MNP,2001,national,,11.11767673492432,1.756735801696777,4.424359798431396
MNP,2002,national,,10.37381839752197,1.772962808609009,4.785408496856689
MNP,2003,national,,9.586318016052246,1.754455208778381,5.124464511871338
MNP,2004,national,,8.903857231140137,1.747275829315186,5.49466609954834
MNP,2005,national,,8.169175148010254,1.73156476020813,5.934970378875732
MNP,2006,national,,7.963298320770264,1.782298803329468,6.266796112060547
MNP,2007,national,,7.510009288787842,1.809226632118225,6.745443820953369
MNP,2008,national,,7.246042251586914,1.840979933738708,7.113874912261963
MNP,2009,national,,6.851041793823242,1.863452315330505,7.615872859954834
MNP,2010,national,,6.356264114379883,1.876651763916016,8.266844749450684
MNP,2011,national,,5.842445373535156,1.853362202644348,8.882264137268066
MNP,2012,national,,5.437477588653564,1.853066563606262,9.542266845703125
MNP,2013,national,,4.714409351348877,1.754438638687134,10.42002868652344
MNP,2014,national,,4.435393810272217,1.753258347511292,11.06806659698486
MNP,2015,national,,4.145198822021484,1.74174952507019,11.76517391204834
MNP,2016,national,,3.897650241851807,1.733247756958008,12.45133209228516
MNP,2017,national,,3.719255685806274,1.738698363304138,13.08959579467773
MNP,2018,national,,3.505136728286743,1.72750186920166,13.79976177215576
MNP,2019,national,,3.317496061325073,1.719678401947021,14.51425838470459
MNP,2020,national,,3.346598148345947,1.681135535240173,14.06556510925293
MNP,2021,national,,3.091820240020752,1.706607937812805,15.45530414581299
MNP,2022,national,,3.057236909866333,1.708668351173401,15.64900398254395
MNP,2023,national,,2.960227489471436,1.713810563087463,16.21047592163086
MNP,2024,national,,2.870854616165161,1.718198418617249,16.75792121887207
MNP,2025,national,,2.797039985656738,1.725280523300171,17.27106285095215
MOZ,1981,national,consumption,33.48316955566406,2.239462375640869,1.872730374336243
MOZ,1982,national,consumption,35.70601272583008,2.239136934280396,1.755890130996704
MOZ,1983,national,consumption,39.83213806152344,2.195788860321045,1.543529629707336
MOZ,1984,national,consumption,41.79546737670898,2.171573400497437,1.454800248146057
MOZ,1985,national,consumption,42.00314331054688,2.169182777404785,1.446013569831848
MOZ,1986,national,consumption,42.95114517211914,2.157242059707642,1.406313538551331
MOZ,1987,national,consumption,39.8205451965332,2.195966958999634,1.544104218482971
MOZ,1988,national,consumption,37.98361968994141,2.216148614883423,1.633655786514282
MOZ,1989,national,consumption,36.76749801635742,2.228782176971436,1.697311639785767
MOZ,1990,national,consumption,36.87007522583008,2.227989912033081,1.691987752914429
MOZ,1991,national,consumption,36.23877716064453,2.234027147293091,1.726127862930298
MOZ,1992,national,consumption,38.3717041015625,2.212054967880249,1.61414623260498
MOZ,1993,national,consumption,36.75524520874023,2.228728055953979,1.69783616065979
MOZ,1994,national,consumption,36.87385559082031,2.227924823760986,1.691764950752258
MOZ,1995,national,consumption,37.72666549682617,2.219241857528687,1.647078275680542
MOZ,1996,national,consumption,36.19741058349609,2.234482049942017,1.728452205657959
MOZ,1997,national,consumption,34.47325897216797,2.195019483566284,1.782846927642822
MOZ,1998,national,consumption,32.90053939819336,2.135709524154663,1.817595362663269
MOZ,1999,national,consumption,31.25762748718262,2.073866605758667,1.857730984687805
MOZ,2000,national,consumption,30.47790145874023,2.016266822814941,1.852341055870056
MOZ,2001,national,consumption,28.8283519744873,1.955808162689209,1.899610042572021
MOZ,2002,national,consumption,27.44791984558105,1.896009206771851,1.934144973754883
MOZ,2003,national,consumption,26.4721851348877,1.866647481918335,1.974379062652588
MOZ,2004,national,consumption,25.59558296203613,1.87014102935791,2.045819759368896
MOZ,2005,national,consumption,25.03203010559082,1.869978070259094,2.091695547103882
MOZ,2006,national,consumption,24.02871513366699,1.877105236053467,2.187339067459106
MOZ,2007,national,consumption,23.36456680297852,1.878440856933594,2.251115798950195
MOZ,2008,national,consumption,22.84214019775391,1.880844831466675,2.305548191070557
MOZ,2009,national,consumption,22.52621459960938,1.90690016746521,2.370269775390625
MOZ,2010,national,consumption,22.15619087219238,1.97953188419342,2.501643657684326
MOZ,2011,national,consumption,21.72912216186523,2.057862043380737,2.651747226715088
MOZ,2012,national,consumption,21.15457725524902,2.124655246734619,2.81217360496521
MOZ,2013,national,consumption,20.95803070068359,2.209274530410767,2.951598405838013
MOZ,2014,national,consumption,20.52031135559082,2.277547359466553,3.107717275619507
MOZ,2015,national,consumption,20.5502815246582,2.309571266174316,3.146817922592163
MOZ,2016,national,consumption,21.24063873291016,2.306267976760864,3.040186643600464
MOZ,2017,national,consumption,22.22580528259277,2.268729686737061,2.858138561248779
MOZ,2018,national,consumption,23.08401489257813,2.241326093673706,2.718640327453613
MOZ,2019,national,consumption,24.11430740356445,2.19123101234436,2.544318199157715
MOZ,2020,national,consumption,25.7082405090332,2.123863697052002,2.313195466995239
MOZ,2021,national,consumption,25.80135917663574,2.122503280639648,2.303370714187622
MOZ,2022,national,consumption,25.58068466186523,2.123952627182007,2.324827194213867
MOZ,2023,national,consumption,25.16472053527832,2.124055624008179,2.363370418548584
MOZ,2024,national,consumption,24.90906143188477,2.124125480651855,2.38770580291748
MOZ,2025,national,consumption,24.89677810668945,2.124512672424316,2.38931941986084
MRT,1981,national,consumption,14.08413982391357,2.110952377319336,4.196682929992676
MRT,1982,national,consumption,14.60561370849609,2.110755681991577,4.046468734741211
MRT,1983,national,consumption,14.52713584899902,2.111147880554199,4.069084167480469
MRT,1984,national,consumption,15.15861225128174,2.110681772232056,3.898713827133179
MRT,1985,national,consumption,15.15307235717773,2.110844850540161,3.900440216064453
MRT,1986,national,consumption,14.87286472320557,2.111241340637207,3.974671840667725
MRT,1987,national,consumption,15.01116380660597,2.121500015258789,3.957188157607
MRT,1988,national,consumption,14.55870151519775,2.128171920776367,4.093003273010254
MRT,1989,national,consumption,13.8089771270752,2.118056058883667,4.294711112976074
MRT,1990,national,consumption,13.67966175079346,2.097270727157593,4.292765617370605
MRT,1991,national,consumption,13.23876857757568,2.069205760955811,4.376370906829834
MRT,1992,national,consumption,12.86071681976318,2.041983604431152,4.445750713348389
MRT,1993,national,consumption,12.19947244457206,1.98319685459137,4.551796082572
MRT,1994,national,consumption,11.36647796630859,1.880181908607483,4.631609916687012
MRT,1995,national,consumption,10.31796741485596,1.720718741416931,4.669536590576172
MRT,1996,national,consumption,8.489157676696777,1.625956058502197,5.362931251525879
MRT,1997,national,consumption,8.616774559020996,1.631320238113403,5.300935745239258
MRT,1998,national,consumption,8.353723526000977,1.630552530288696,5.465283870697021
MRT,1999,national,consumption,8.05223274230957,1.630841970443726,5.670920848846436
MRT,2000,national,consumption,8.174829483032227,1.627235889434814,5.57352352142334
MRT,2001,national,consumption,8.248119354248047,1.629852652549744,5.532882213592529
MRT,2002,national,consumption,8.325136184692383,1.626466870307922,5.470309734344482
MRT,2003,national,consumption,8.037376403808594,1.624062776565552,5.65778636932373
MRT,2004,national,consumption,7.952888965606689,1.620509743690491,5.705382347106934
MRT,2005,national,consumption,7.479770183563232,1.609003186225891,6.023191452026367
MRT,2006,national,consumption,6.627411365509033,1.592580318450928,6.728456497192383
MRT,2007,national,consumption,6.620193481445313,1.571146726608276,6.645139217376709
MRT,2008,national,consumption,6.541799545288086,1.550305604934692,6.635568141937256
MRT,2009,national,consumption,6.497786521911621,1.531445026397705,6.599241256713867
MRT,2010,national,consumption,6.358774185180664,1.512893319129944,6.661820411682129
MRT,2011,national,consumption,6.150752067565918,1.493186950683594,6.797418117523193
MRT,2012,national,consumption,5.937973976135254,1.473033308982849,6.945960521697998
MRT,2013,national,consumption,5.737169742584229,1.451749086380005,7.085196495056152
MRT,2014,national,consumption,5.546663835567152,1.43442702293396,7.241101811553
MRT,2015,national,consumption,5.459213256835938,1.427433013916016,7.321224212646484
MRT,2016,national,consumption,5.540196895599365,1.424339890480042,7.198574066162109
MRT,2017,national,consumption,5.434928894042969,1.421401023864746,7.322860717773438
MRT,2018,national,consumption,5.387935161590576,1.41695249080658,7.363613128662109
MRT,2019,national,consumption,5.398629188537598,1.411503076553345,7.320763111114502
MRT,2020,national,consumption,5.532191276550293,1.408796668052673,7.130322456359863
MRT,2021,national,consumption,5.615671634674072,1.408791422843933,7.024299621582031
MRT,2022,national,consumption,5.473588943481445,1.408837556838989,7.206871509552002
MRT,2023,national,consumption,5.346469402313232,1.408827662467957,7.378172874450684
MRT,2024,national,consumption,5.268611431121826,1.408821702003479,7.487173557281494
MRT,2025,national,consumption,5.195315837860107,1.408818006515503,7.592782497406006
MUS,1981,national,consumption,6.440037250518799,1.474247217178345,6.409733295440674
MUS,1982,national,consumption,6.255534648895264,1.474266529083252,6.598870277404785
MUS,1983,national,consumption,6.278953075408936,1.474241852760315,6.574148654937744
MUS,1984,national,consumption,6.124353408813477,1.47426962852478,6.740229606628418
MUS,1985,national,consumption,5.874196529388428,1.474267959594727,7.027259349822998
MUS,1986,national,consumption,5.529410839080811,1.474261403083801,7.465410232543945
MUS,1987,national,consumption,5.233453750610352,1.474253177642822,7.887542724609375
MUS,1988,national,consumption,5.020553588867188,1.474264621734619,8.22208309173584
MUS,1989,national,consumption,4.894805908203125,1.474261045455933,8.43328857421875
MUS,1990,national,consumption,4.684069633483887,1.474246144294739,8.812612533569336
MUS,1991,national,consumption,4.577939033508301,1.4742591381073,9.016995429992676
MUS,1992,national,consumption,4.470222949981689,1.474252343177795,9.234230041503906
MUS,1993,national,consumption,4.345412254333496,1.474246025085449,9.499418258666992
MUS,1994,national,consumption,4.216342449188232,1.474262356758118,9.790321350097656
MUS,1995,national,consumption,4.104591846466064,1.474232912063599,10.05666923522949
MUS,1996,national,consumption,3.996667861938477,1.474244713783264,10.3283166885376
MUS,1997,national,consumption,3.893412113189697,1.474256992340088,10.60231876373291
MUS,1998,national,consumption,3.760501146316528,1.474263906478882,10.9770975112915
MUS,1999,national,consumption,3.689482450485229,1.474240183830261,11.1882152557373
MUS,2000,national,consumption,3.616564273834229,1.474247574806213,11.41385269165039
MUS,2001,national,consumption,3.562831401824951,1.474246382713318,11.58598136901855
MUS,2002,national,consumption,3.499370336532593,1.474259853363037,11.7962007522583
MUS,2003,national,consumption,3.405354976654053,1.474241018295288,12.12171649932861
MUS,2004,national,consumption,3.232195377349854,1.474255084991455,12.771240234375
MUS,2005,national,consumption,3.089673042297363,1.4742431640625,13.36025142669678
MUS,2006,national,consumption,2.976349830627441,1.474241375923157,13.86892032623291
MUS,2007,national,consumption,2.907890558242798,1.480370998382568,14.2544527053833
MUS,2008,national,consumption,2.80762505531311,1.493438601493835,14.89382648468018
MUS,2009,national,consumption,2.799838304519653,1.510161161422729,15.10248374938965
MUS,2010,national,consumption,2.781440258026123,1.52479875087738,15.34973239898682
MUS,2011,national,consumption,2.76271915435791,1.580127000808716,16.01449584960938
MUS,2012,national,consumption,2.749307540115733,1.557109832763672,15.858202337087
MUS,2013,national,consumption,2.677426099777222,1.584865570068359,16.57421493530273
MUS,2014,national,consumption,2.614106178283691,1.555901527404785,16.66544532775879
MUS,2015,national,consumption,2.545109272003174,1.545913815498352,17.00735855102539
MUS,2016,national,consumption,2.47759485244751,1.526819229125977,17.2550163269043
MUS,2017,national,consumption,2.412203258224459,1.509503126144409,17.521776914766
MUS,2018,national,consumption,2.354855537414551,1.518139839172363,18.05117797851563
MUS,2019,national,consumption,2.30452561378479,1.518151879310608,18.44555473327637
MUS,2020,national,consumption,2.581385374069214,1.518153786659241,16.46724510192871
MUS,2021,national,consumption,2.528212308883667,1.518135070800781,16.81337547302246
MUS,2022,national,consumption,2.46588659286499,1.518139839172363,17.23838996887207
MUS,2023,national,consumption,2.419047594070435,1.51814329624176,17.57221031188965
MUS,2024,national,consumption,2.319842100143433,1.518142342567444,18.32365417480469
MUS,2025,national,consumption,2.268319845199585,1.518135666847229,18.73977279663086
MWI,1981,national,consumption,14.32417583465576,1.956222414970398,3.823900699615479
MWI,1982,national,consumption,14.47317886352539,1.956287503242493,3.784659147262573
MWI,1983,national,consumption,14.50210952758789,1.956172823905945,3.776887655258179
MWI,1984,national,consumption,14.36933898925781,1.956202626228333,3.811843633651733
MWI,1985,national,consumption,14.30655384063721,1.956159830093384,3.828488349914551
MWI,1986,national,consumption,14.7008581161499,1.956247448921204,3.7259681224823
MWI,1987,national,consumption,15.02829742431641,1.956233859062195,3.644760608673096
MWI,1988,national,consumption,15.267897605896,1.956139326095581,3.587389945983887
MWI,1989,national,consumption,15.63132190704346,1.956148147583008,3.503999710083008
MWI,1990,national,consumption,15.45884990692139,1.956186532974243,3.543162822723389
MWI,1991,national,consumption,14.89216613769531,1.956189155578613,3.677994012832642
MWI,1992,national,consumption,16.0106143951416,1.955993890762329,3.420720100402832
MWI,1993,national,consumption,15.15350723266602,1.956278085708618,3.614726543426514
MWI,1994,national,consumption,16.19434547424316,1.956211566925049,3.38228702545166
MWI,1995,national,consumption,14.48165321350098,1.956246972084045,3.782366275787354
MWI,1996,national,consumption,13.97068977355957,1.956204056739807,3.920616149902344
MWI,1997,national,consumption,13.80432510375977,1.956310153007507,3.96808123588562
MWI,1998,national,consumption,13.69818496704102,1.951583743095398,3.989166736602783
MWI,1999,national,consumption,13.96367645263672,1.928538680076599,3.867110729217529
MWI,2000,national,consumption,14.37363433837891,1.90151834487915,3.704179048538208
MWI,2001,national,consumption,15.49073600769043,1.872836947441101,3.385212659835815
MWI,2002,national,consumption,15.91664218902588,1.696173429489136,2.983849048614502
MWI,2003,national,consumption,15.91979598999023,1.642121553421021,2.888190507888794
MWI,2004,national,consumption,15.9571533203125,1.583734035491943,2.778976440429688
MWI,2005,national,consumption,16.34031867980957,1.599653363227844,2.741090536117554
MWI,2006,national,consumption,16.72107315063477,1.643054723739624,2.751350402832031
MWI,2007,national,consumption,16.96989059448242,1.683647990226746,2.777987480163574
MWI,2008,national,consumption,17.26098442077637,1.722780585289001,2.794617891311646
MWI,2009,national,consumption,17.53892517089844,1.769752383232117,2.825319528579712
MWI,2010,national,consumption,17.8410472869873,1.811132669448853,2.84241795539856
MWI,2011,national,consumption,17.34940338134766,1.785943388938904,2.882313251495361
MWI,2012,national,consumption,17.46064758300781,1.742325305938721,2.794003486633301
MWI,2013,national,consumption,16.58647155761719,1.694210886955261,2.86003589630127
MWI,2014,national,consumption,15.71605587005615,1.652405381202698,2.943954229354858
MWI,2015,national,consumption,15.55402565002441,1.607650518417358,2.894055604934692
MWI,2016,national,consumption,15.45129108428955,1.563472390174866,2.833240747451782
MWI,2017,national,consumption,15.66242504119873,1.555444359779358,2.780695915222168
MWI,2018,national,consumption,16.13446998596191,1.557602047920227,2.703085899353027
MWI,2019,national,consumption,16.434814453125,1.559630751609802,2.657143592834473
MWI,2020,national,consumption,16.84589385986328,1.558087587356567,2.589738130569458
MWI,2021,national,consumption,16.62661361694336,1.558010578155518,2.623763084411621
MWI,2022,national,consumption,16.81992721557617,1.558093190193176,2.593745470046997
MWI,2023,national,consumption,16.90045547485352,1.557961106300354,2.581167697906494
MWI,2024,national,consumption,17.02706527709961,1.557973861694336,2.5619957447052
MWI,2025,national,consumption,17.09819030761719,1.558127284049988,2.551589488983154
MYS,1981,national,income,4.127982139587402,2.020205736160278,13.70300579071045
MYS,1982,national,income,4.022593975067139,2.017557859420776,14.04358005523682
MYS,1983,national,income,3.909912586212158,2.017585277557373,14.4485034942627
MYS,1984,national,income,3.751137693144769,2.022249937057495,15.094887049722
MYS,1985,national,income,3.833822727203369,1.988204956054688,14.52068710327148
MYS,1986,national,income,3.860894441604614,1.957305788993835,14.19478416442871
MYS,1987,national,income,3.728212744277183,1.932526707649231,14.513857576497
MYS,1988,national,income,3.690036058425903,1.910822749137878,14.49932670593262
MYS,1989,national,income,3.673168191226389,1.872949600219727,14.277208469537
MYS,1990,national,income,3.590906381607056,1.915369510650635,14.93504428863525
MYS,1991,national,income,3.493205547332764,1.949697375297546,15.62791728973389
MYS,1992,national,income,3.513642058766053,1.988496780395508,15.846209736551
MYS,1993,national,income,3.519163608551025,2.003269195556641,15.93888282775879
MYS,1994,national,income,3.504662752151489,2.02378511428833,16.16874122619629
MYS,1995,national,income,3.473920232887081,2.045489549636841,16.486765289697
MYS,1996,national,income,2.991683006286621,2.063191413879395,19.30998611450195
MYS,1997,national,income,2.843437754114257,2.086812734603882,20.549335220054
MYS,1998,national,income,3.288877248764038,2.07406759262085,17.65766525268555
MYS,1999,national,income,3.32500958442688,2.06290078163147,17.37174606323242
MYS,2000,national,income,3.056917905807495,2.050439834594727,18.7811107635498
MYS,2001,national,income,3.085757255554199,2.036297559738159,18.47725677490234
MYS,2002,national,income,3.089560985565186,2.019077301025391,18.29844665527344
MYS,2003,national,income,2.983811937364735,2.020778894424438,18.962928140114
MYS,2004,national,income,2.81878399848938,1.973750233650208,19.6059741973877
MYS,2005,national,income,2.680108547210693,1.936272621154785,20.22889518737793
MYS,2006,national,income,2.591060449614162,1.914212942123413,20.685724163289
MYS,2007,national,income,2.547106027603149,1.927117228507996,21.18454551696777
MYS,2008,national,income,2.498168230056763,1.956799268722534,21.93222236633301
MYS,2009,national,income,2.454040765762329,1.935432314872742,22.08280563354492
MYS,2010,national,income,2.237214088439941,1.891758441925049,23.67642784118652
MYS,2011,national,income,1.962559544693049,1.855678677558899,26.475121343829
MYS,2012,national,income,1.75153124332428,1.772505521774292,28.33529472351074
MYS,2013,national,income,1.590419270362982,1.714473366737366,30.184024574184
MYS,2014,national,income,1.520243525505066,1.704103350639343,31.38634872436523
MYS,2015,national,income,1.46855902671814,1.70241367816925,32.45874404907227
MYS,2016,national,income,1.421319723129272,1.703220248222351,33.55344009399414
MYS,2017,national,income,1.369841694831848,1.70699405670166,34.89150238037109
MYS,2018,national,income,1.308638572692871,1.711164593696594,36.6125602722168
MYS,2019,national,income,1.232280135154724,1.706203460693359,38.76853561401367
MYS,2020,national,income,1.280022978782654,1.698084115982056,37.14492416381836
MYS,2021,national,income,1.25222635269165,1.686751127243042,37.71604919433594
MYS,2022,national,income,1.13017749786377,1.675972938537598,41.52201080322266
MYS,2023,national,income,1.093359351158142,1.673792123794556,42.86438751220703
MYS,2024,national,income,1.055949687957764,1.673272967338562,44.36920166015625
MYS,2025,national,income,1.028195023536682,1.673078656196594,45.56159210205078
NAM,1981,national,income,16.32734298706055,4.864319801330566,8.341893196105957
NAM,1982,national,income,16.6862678527832,4.864062309265137,8.162025451660156
NAM,1983,national,income,17.45293235778809,4.863824844360352,7.803106784820557
NAM,1984,national,income,17.97444725036621,4.863637924194336,7.576414585113525
NAM,1985,national,income,18.41162300109863,4.864325046539307,7.397560596466064
NAM,1986,national,income,18.1192512512207,4.863500118255615,7.515652656555176
NAM,1987,national,income,18.06898307800293,4.864013195037842,7.537356376647949
NAM,1988,national,income,18.56344795227051,4.863463878631592,7.33575963973999
NAM,1989,national,income,19.41851234436035,4.863667488098145,7.013034343719482
NAM,1990,national,income,20.21712303161621,4.86400032043457,6.736468315124512
NAM,1991,national,income,19.32124328613281,4.863454341888428,7.048031330108643
NAM,1992,national,income,18.60532379150391,4.863203048706055,7.318855762481689
NAM,1993,national,income,19.51981544494629,4.863958358764648,6.977055549621582
NAM,1994,national,income,19.79400634765625,4.864273548126221,6.880853652954102
NAM,1995,national,income,19.60815811157227,4.862868309020996,6.944064140319824
NAM,1996,national,income,19.52663421630859,4.863816738128662,6.97441577911377
NAM,1997,national,income,19.2265453338623,4.863699436187744,7.083102226257324
NAM,1998,national,income,19.09375190734863,4.863845348358154,7.132577896118164
NAM,1999,national,consumption,12.23891735076904,3.133398056030273,7.168538093566895
NAM,2000,national,consumption,12.14623832702637,3.133395910263062,7.223230838775635
NAM,2001,national,consumption,12.22410678863525,3.133249521255493,7.176883220672607
NAM,2002,national,consumption,11.97667598724365,3.133497714996338,7.325733184814453
NAM,2003,national,consumption,11.75349807739258,3.13420557975769,7.466522216796875
NAM,2004,national,consumption,11.01375484466553,3.121722459793091,7.936278820037842
NAM,2005,national,consumption,10.80990314483643,3.07583475112915,7.967081069946289
NAM,2006,national,consumption,10.45502471923828,3.033089399337769,8.123032569885254
NAM,2007,national,consumption,10.15879535675049,2.988605499267578,8.23729133605957
NAM,2008,national,consumption,9.627328872680664,2.942166328430176,8.55695915222168
NAM,2009,national,consumption,8.874373435974121,2.900849342346191,9.152621269226074
NAM,2010,national,consumption,9.318726539611816,2.884024858474731,8.66563606262207
NAM,2011,national,consumption,8.978743553161621,2.930870771408081,9.139851570129395
NAM,2012,national,consumption,8.399960517883301,2.984138965606689,9.947176933288574
NAM,2013,national,consumption,7.93024730682373,3.041284084320068,10.73812103271484
NAM,2014,national,consumption,7.913291454315186,3.082323789596558,10.90634250640869
NAM,2015,national,consumption,7.176510810852051,3.127751350402832,12.20328903198242
NAM,2016,national,consumption,6.532605648040771,3.138507127761841,13.45224285125732
NAM,2017,national,consumption,6.986146450042725,3.138536214828491,12.57903957366943
NAM,2018,national,consumption,7.132255077362061,3.138658761978149,12.32183170318604
NAM,2019,national,consumption,7.277714729309082,3.138525485992432,12.07504272460938
NAM,2020,national,consumption,7.970849990844727,3.138384819030762,11.02451705932617
NAM,2021,national,consumption,7.389293670654297,3.13850212097168,11.89262008666992
NAM,2022,national,consumption,7.068520069122314,3.138702869415283,12.43310928344727
NAM,2023,national,consumption,6.964591979980469,3.138575077056885,12.61812686920166
NAM,2024,national,consumption,6.91934871673584,3.138743877410889,12.70131492614746
NAM,2025,national,consumption,6.879171848297119,3.13862419128418,12.77500820159912
NCL,1981,national,,1.496624946594238,2.132287263870239,39.8924560546875
NCL,1982,national,,1.493242144584656,2.167636394500732,40.64566421508789
NCL,1983,national,,1.463216304779053,2.16046404838562,41.34248352050781
NCL,1984,national,,1.427136659622192,2.160440683364868,42.38720703125
NCL,1985,national,,1.393227577209473,2.151299715042114,43.23514175415039
NCL,1986,national,,1.367812395095825,2.170376777648926,44.42900848388672
NCL,1987,national,,1.327402472496033,2.19279670715332,46.25447845458984
NCL,1988,national,,1.248824954032898,2.121755838394165,47.57205200195313
NCL,1989,national,,1.210408210754395,2.113552093505859,48.89214706420898
NCL,1990,national,,1.197982668876648,2.109210252761841,49.29777908325195
NCL,1991,national,,1.199968338012695,2.127433776855469,49.64142990112305
NCL,1992,national,,1.204667806625366,2.152277946472168,50.02523040771484
NCL,1993,national,,1.258595585823059,2.234933614730835,49.72061157226563
NCL,1994,national,,1.22137176990509,2.207353830337524,50.60367965698242
NCL,1995,national,,1.192130208015442,2.189465522766113,51.42478179931641
NCL,1996,national,,1.189279556274414,2.214619636535645,52.14026641845703
NCL,1997,national,,1.198803067207336,2.280360221862793,53.26152801513672
NCL,1998,national,,1.210111260414124,2.360380887985229,54.61536026000977
NCL,1999,national,,1.155880689620972,2.313583135604858,56.04413223266602
NCL,2000,national,,1.132245898246765,2.305874347686768,57.02337265014648
NCL,2001,national,,1.140905141830444,2.34704327583313,57.60094451904297
NCL,2002,national,,1.129328727722168,2.353925704956055,58.36203002929688
NCL,2003,national,,1.139819979667664,2.411402225494385,59.23677825927734
NCL,2004,national,,1.143701553344727,2.438053131103516,59.68819808959961
NCL,2005,national,,1.135640740394592,2.461805820465088,60.69750595092773
NCL,2006,national,,1.120078682899475,2.466006517410278,61.64583206176758
NCL,2007,national,,1.080879807472229,2.445630550384521,63.3536262512207
NCL,2008,national,,1.110014200210571,2.492559671401978,62.87457656860352
NCL,2009,national,,1.073621869087219,2.406819343566895,62.76971817016602
NCL,2010,national,,1.108794093132019,2.475446701049805,62.51161193847656
NCL,2011,national,,1.120316624641418,2.479135513305664,61.96087265014648
NCL,2012,national,,1.158023834228516,2.556088447570801,61.80397415161133
NCL,2013,national,,1.142036318778992,2.538648843765259,62.24160003662109
NCL,2014,national,,1.162987470626831,2.615633726119995,62.97380447387695
NCL,2015,national,,1.122166514396667,2.596498489379883,64.78713989257813
NCL,2016,national,,1.115796446800232,2.630395412445068,66.00762176513672
NCL,2017,national,,1.122286438941956,2.677948713302612,66.81232452392578
NCL,2018,national,,1.092122197151184,2.666604995727539,68.36683654785156
NCL,2019,national,,1.038674831390381,2.617498636245728,70.56102752685547
NCL,2020,national,,.8649140000343323,2.236176729202271,72.39210510253906
NCL,2021,national,,.8297843337059021,2.172513484954834,73.30866241455078
NCL,2022,national,,1.06429922580719,2.745012044906616,72.21685028076172
NCL,2023,national,,1.006985545158386,2.637865304946899,73.34785461425781
NCL,2024,national,,.9825437068939209,2.606427907943726,74.27657318115234
NCL,2025,national,,.9767363667488098,2.607769250869751,74.75665283203125
NER,1981,national,consumption,16.82400321960449,1.470329403877258,2.447052717208862
NER,1982,national,consumption,16.92187118530273,1.47035014629364,2.432934522628784
NER,1983,national,consumption,17.75081634521484,1.467533707618713,2.314876317977905
NER,1984,national,consumption,20.51355934143066,1.470322132110596,2.006917476654053
NER,1985,national,consumption,19.87786674499512,1.470320463180542,2.071096181869507
NER,1986,national,consumption,19.44234657287598,1.468907237052917,2.11545467376709
NER,1987,national,consumption,19.84527587890625,1.470354795455933,2.074545860290527
NER,1988,national,consumption,19.34713935852051,1.470359921455383,2.127967119216919
NER,1989,national,consumption,19.63238716125488,1.467630386352539,2.093156099319458
NER,1990,national,consumption,20.24261665344238,1.467655897140503,2.030091524124146
NER,1991,national,consumption,20.74544906616211,1.470378994941711,1.984561204910278
NER,1992,national,consumption,20.90950965881348,1.470258474349976,1.968828439712524
NER,1993,national,consumption,22.14485549926758,1.489875078201294,1.883801102638245
NER,1994,national,consumption,26.63286018371582,1.632063388824463,1.715841770172119
NER,1995,national,consumption,27.87634468078613,1.701962471008301,1.709512114524841
NER,1996,national,consumption,27.93710899353027,1.748109221458435,1.752044558525085
NER,1997,national,consumption,27.7299690246582,1.755820274353027,1.772918224334717
NER,1998,national,consumption,26.06910133361816,1.763825535774231,1.894469380378723
NER,1999,national,consumption,26.1856575012207,1.77601158618927,1.899067282676697
NER,2000,national,consumption,26.46109580993652,1.776118516921997,1.879412651062012
NER,2001,national,consumption,25.30113220214844,1.78000545501709,1.969878315925598
NER,2002,national,consumption,24.54755592346191,1.782494306564331,2.03318977355957
NER,2003,national,consumption,24.24356079101563,1.780868172645569,2.056806325912476
NER,2004,national,consumption,24.22259521484375,1.775610208511353,2.052508592605591
NER,2005,national,consumption,23.14519457761277,1.769944190979004,2.14119764152
NER,2006,national,consumption,20.73356819152832,1.664384722709656,2.2476966381073
NER,2007,national,consumption,19.32925987243652,1.518192172050476,2.199224472045898
NER,2008,national,consumption,15.23602199554443,1.452246904373169,2.668866872787476
NER,2009,national,consumption,16.64958190917969,1.414676904678345,2.379096031188965
NER,2010,national,consumption,14.12072467803955,1.396618723869324,2.769356727600098
NER,2011,national,consumption,12.90308717879212,1.334405422210693,2.895690848835
NER,2012,national,consumption,12.44518661499023,1.36402153968811,3.068865537643433
NER,2013,national,consumption,12.56541728973389,1.395138502120972,3.108840465545654
NER,2014,national,consumption,12.54522408679598,1.428504109382629,3.188314215354
NER,2015,national,consumption,12.5383129119873,1.441698789596558,3.219537258148193
NER,2016,national,consumption,12.32883644104004,1.451147556304932,3.295698881149292
NER,2017,national,consumption,12.22305965423584,1.461661219596863,3.348303556442261
NER,2018,national,consumption,11.79086589813232,1.473095297813416,3.498188257217407
NER,2019,national,consumption,11.55261135101318,1.460550904273987,3.539929151535034
NER,2020,national,consumption,11.5243091583252,1.420319437980652,3.450874328613281
NER,2021,national,consumption,11.65631008148193,1.379933714866638,3.314783573150635
NER,2022,national,consumption,11.00730228424072,1.359330415725708,3.457818269729614
NER,2023,national,consumption,11.07122421264648,1.35934054851532,3.43787956237793
NER,2024,national,consumption,10.63220500946045,1.359364986419678,3.579899072647095
NER,2025,national,consumption,10.36087036132813,1.359326839447021,3.673547744750977
NGA,1981,national,consumption,9.978864669799805,1.617009282112122,4.537215709686279
NGA,1982,national,consumption,10.69420719146729,1.617047429084778,4.233818054199219
NGA,1983,national,consumption,11.78323936462402,1.617026686668396,3.842470407485962
NGA,1984,national,consumption,12.08978939056396,1.617068529129028,3.745136976242065
NGA,1985,national,consumption,11.84484100341797,1.617053151130676,3.822549343109131
NGA,1986,national,consumption,12.67994689941406,1.685699105262756,3.722379446029663
NGA,1987,national,consumption,13.50384426116943,1.7791508436203,3.689040184020996
NGA,1988,national,consumption,13.94584465026855,1.871515035629272,3.757565259933472
NGA,1989,national,consumption,14.86586666107178,1.957927227020264,3.687774419784546
NGA,1990,national,consumption,14.86406993865967,2.050818681716919,3.863203287124634
NGA,1991,national,consumption,15.90697479248047,2.131826400756836,3.752513647079468
NGA,1992,national,consumption,16.5661600489523,2.223737716674805,3.758544838954
NGA,1993,national,consumption,17.01016616821289,2.271402835845947,3.738898277282715
NGA,1994,national,consumption,17.50635719299316,2.298195600509644,3.675777673721313
NGA,1995,national,consumption,17.82378196716309,2.340969085693359,3.677510023117065
NGA,1996,national,consumption,17.64945793151855,2.403034687042236,3.812296628952026
NGA,1997,national,consumption,17.33966827392578,2.343685388565063,3.784570217132568
NGA,1998,national,consumption,16.98265838623047,2.247050523757935,3.704803466796875
NGA,1999,national,consumption,16.84993362426758,2.138916492462158,3.554296493530273
NGA,2000,national,consumption,16.22903251647949,2.053004264831543,3.542054414749146
NGA,2001,national,consumption,15.52437210083008,1.961785078048706,3.53830623626709
NGA,2002,national,consumption,13.97784233093262,1.881952881813049,3.769872188568115
NGA,2003,national,consumption,13.23862648010254,1.806335806846619,3.820441722869873
NGA,2004,national,consumption,12.40303516387939,1.725253820419312,3.894781112670898
NGA,2005,national,consumption,11.86728668212891,1.686219811439514,3.97851300239563
NGA,2006,national,consumption,11.37504482269287,1.650306463241577,4.062276840209961
NGA,2007,national,consumption,10.86402320861816,1.615266561508179,4.163049221038818
NGA,2008,national,consumption,10.36098289489746,1.581734776496887,4.274553298950195
NGA,2009,national,consumption,9.797651290893555,1.544679284095764,4.414427280426025
NGA,2010,national,consumption,9.266975402832031,1.509318709373474,4.560379505157471
NGA,2011,national,consumption,9.05171012878418,1.4909588098526,4.612039566040039
NGA,2012,national,consumption,9.001923561096191,1.489519000053406,4.633069038391113
NGA,2013,national,consumption,8.785445213317871,1.491061329841614,4.752145767211914
NGA,2014,national,consumption,8.602972030639648,1.495174646377563,4.866328716278076
NGA,2015,national,consumption,8.591278076171875,1.499380469322205,4.886659622192383
NGA,2016,national,consumption,8.718783378601074,1.498594999313354,4.812673568725586
NGA,2017,national,consumption,8.705182075500488,1.497124791145325,4.815464496612549
NGA,2018,national,consumption,8.676122665405273,1.492886781692505,4.817915916442871
NGA,2019,national,consumption,8.651192665100098,1.487308621406555,4.813745498657227
NGA,2020,national,consumption,8.891971588134766,1.487299799919128,4.683370113372803
NGA,2021,national,consumption,8.799543380737305,1.487283229827881,4.732510566711426
NGA,2022,national,consumption,8.731826782226563,1.487330198287964,4.769362449645996
NGA,2023,national,consumption,8.687924385070801,1.487357616424561,4.793551445007324
NGA,2024,national,consumption,8.665458679199219,1.487284064292908,4.805741310119629
NGA,2025,national,consumption,8.575483322143555,1.487301707267761,4.856221675872803
NIC,1981,national,consumption,6.273193359375,2.167114734649658,9.672779083251953
NIC,1982,national,consumption,6.431016445159912,2.167192459106445,9.435738563537598
NIC,1983,national,consumption,6.346526145935059,2.167179822921753,9.561299324035645
NIC,1984,national,consumption,6.528477191925049,2.167195320129395,9.294888496398926
NIC,1985,national,consumption,6.832053661346436,2.167248964309692,8.882098197937012
NIC,1986,national,consumption,6.993546485900879,2.167166948318481,8.676667213439941
NIC,1987,national,consumption,7.141311645507813,2.167148351669312,8.49705982208252
NIC,1988,national,consumption,7.944036483764648,2.167119741439819,7.638352870941162
NIC,1989,national,consumption,8.173737525939941,2.167128801345825,7.423728466033936
NIC,1990,national,consumption,8.311175346374512,2.167168617248535,7.30109977722168
NIC,1991,national,consumption,8.456743240356445,2.16710376739502,7.175209522247314
NIC,1992,national,consumption,8.568044662475586,2.167058229446411,7.081852912902832
NIC,1993,national,consumption,8.769787589944967,2.141731977462769,6.838078699512
NIC,1994,national,consumption,8.606758117675781,2.092485427856445,6.807394027709961
NIC,1995,national,consumption,8.316381454467773,2.028783559799194,6.830607414245605
NIC,1996,national,consumption,8.025107383728027,1.953612327575684,6.816250801086426
NIC,1997,national,consumption,7.84907865524292,1.902940273284912,6.788354396820068
NIC,1998,national,consumption,7.723878864104043,1.85382878780365,6.720354713737
NIC,1999,national,consumption,7.690721988677979,1.818832159042358,6.621913909912109
NIC,2000,national,consumption,7.829250812530518,1.794335722923279,6.417140007019043
NIC,2001,national,consumption,8.046881255406905,1.770762205123901,6.161559906233
NIC,2002,national,consumption,8.03208065032959,1.7349773645401,6.04816722869873
NIC,2003,national,consumption,7.940690517425537,1.704509496688843,6.010342121124268
NIC,2004,national,consumption,7.712891578674316,1.680615305900574,6.101113796234131
NIC,2005,national,consumption,7.569727412751369,1.647601127624512,6.094384664056
NIC,2006,national,consumption,7.41323184967041,1.659454703330994,6.267810344696045
NIC,2007,national,consumption,7.232019424438477,1.659454822540283,6.424863338470459
NIC,2008,national,income,5.281478881835938,1.870285272598267,9.915402412414551
NIC,2009,national,income,5.566138422576696,1.871870279312134,9.416289208861
NIC,2010,national,income,5.294108390808105,1.877254128456116,9.928606033325195
NIC,2011,national,income,4.918802738189697,1.900769591331482,10.82002067565918
NIC,2012,national,income,4.566852569580078,1.905910491943359,11.68539905548096
NIC,2013,national,income,4.353497982025146,1.911375045776367,12.2932186126709
NIC,2014,national,income,4.174066079277247,1.925148129463196,12.914061785279
NIC,2015,national,income,4.021886825561523,1.916033744812012,13.33924770355225
NIC,2016,national,income,3.898470163345337,1.916036605834961,13.76155853271484
NIC,2017,national,income,3.775856494903564,1.916029810905457,14.20838832855225
NIC,2018,national,income,3.959146499633789,1.916064381599426,13.5508508682251
NIC,2019,national,income,4.130485057830811,1.916056036949158,12.98868465423584
NIC,2020,national,income,4.257224082946777,1.91603410243988,12.60186290740967
NIC,2021,national,income,3.905867099761963,1.916063070297241,13.73568630218506
NIC,2022,national,income,3.81328296661377,1.91605806350708,14.06914329528809
NIC,2023,national,income,3.697020530700684,1.916004776954651,14.51118087768555
NIC,2024,national,income,3.591824293136597,1.916033387184143,14.93640327453613
NIC,2025,national,income,3.521042346954346,1.916024684906006,15.23659324645996
NLD,1981,national,income,1.304514169692993,1.910164713859558,40.99964141845703
NLD,1982,national,income,1.32798445224762,1.90764856338501,40.22197723388672
NLD,1983,national,income,1.362814636985566,1.976740717887878,40.613548871704
NLD,1984,national,income,1.282211542129517,1.865778803825378,40.74351501464844
NLD,1985,national,income,1.174086928367615,1.739550113677979,41.48534774780273
NLD,1986,national,income,1.106714606285095,1.696188807487488,42.91376113891602
NLD,1987,national,income,1.053515404264744,1.661862850189209,44.168468034352
NLD,1988,national,income,1.131071090698242,1.835793852806091,45.44562149047852
NLD,1989,national,income,1.204155802726746,2.108354091644287,49.025146484375
NLD,1990,national,income,1.290120733623511,2.500854015350342,54.277024538285
NLD,1991,national,income,1.278005361557007,2.433164358139038,53.30854415893555
NLD,1992,national,income,1.36867892742157,2.528240442276001,51.72194290161133
NLD,1993,national,income,1.509211708601623,2.698215246200562,50.059265113292
NLD,1994,national,income,1.35784387588501,2.449195861816406,50.50468826293945
NLD,1995,national,income,1.224593043327332,2.244902849197388,51.32911682128906
NLD,1996,national,income,1.098449230194092,2.081622362136841,53.06155395507813
NLD,1997,national,income,.9597038626670837,1.869439721107483,54.54214859008789
NLD,1998,national,income,.8462368845939636,1.712078213691711,56.64866638183594
NLD,1999,national,income,.7914769207504935,1.669794082641602,59.072136854711
NLD,2000,national,income,.720308244228363,1.528754115104675,59.42610549926758
NLD,2001,national,income,.7239016890525818,1.542741537094116,59.67214202880859
NLD,2002,national,income,.6693257689476013,1.447871208190918,60.56900024414063
NLD,2003,national,income,.6794598698616028,1.440292716026306,59.35331726074219
NLD,2004,national,income,.7078267289047984,1.504686117172241,59.521925804671
NLD,2005,national,income,.6665161639394022,1.431986451148987,60.157010628281
NLD,2006,national,income,.6100229241459401,1.392125248908997,63.898430073748
NLD,2007,national,income,.5719171169395131,1.367547512054443,66.952583843433
NLD,2008,national,income,.6016424439272146,1.436819791793823,66.868542912859
NLD,2009,national,income,.6071816516729744,1.429042816162109,65.899881208259
NLD,2010,national,income,.5714207772515217,1.328414916992188,65.09321756489901
NLD,2011,national,income,.6186273184605634,1.421581745147705,64.342920244344
NLD,2012,national,income,.5947721542837604,1.347804069519043,63.450373877198
NLD,2013,national,income,.6047778137431444,1.342745780944824,62.166434514215
NLD,2014,national,income,.6065557194972973,1.368573188781738,63.176471832942
NLD,2015,national,income,.5698385523405699,1.362483263015747,66.94796192746399
NLD,2016,national,income,.5521721229549446,1.36402440071106,69.168075101173
NLD,2017,national,income,.5812538708716352,1.44726824760437,69.717404814562
NLD,2018,national,income,.5740534394504696,1.43238639831543,69.866001392024
NLD,2019,national,income,.5517767354559587,1.429554581642151,72.542978186356
NLD,2020,national,income,.5000774901065553,1.325772523880005,74.231758376063
NLD,2021,national,income,.5081074204618848,1.370000839233398,75.495894625969
NLD,2022,national,income,.4562030732631683,1.296762466430664,79.59032440185547
NLD,2023,national,income,.4588443636894226,1.296741247177124,79.13087463378906
NLD,2024,national,income,.4588057696819305,1.296739339828491,79.13741302490234
NLD,2025,national,income,.4581807255744934,1.296751737594604,79.24613189697266
NOR,1981,national,income,1.088386654853821,1.332956314086914,34.29183578491211
NOR,1982,national,income,1.067901611328125,1.323036789894104,34.68955230712891
NOR,1983,national,income,1.009200096130371,1.281206607818604,35.5467529296875
NOR,1984,national,income,.962739884853363,1.275123119354248,37.08524703979492
NOR,1985,national,income,.8458704352378845,1.26598584651947,41.90665817260742
NOR,1986,national,income,.7948397706013671,1.268564820289612,44.688020685095
NOR,1987,national,income,.7863102555274963,1.263744473457336,45.00112533569336
NOR,1988,national,income,.8028623461723328,1.277758479118347,44.56210708618164
NOR,1989,national,income,.8856533765792847,1.419069766998291,44.8640022277832
NOR,1990,national,income,.8782143592834473,1.436913371086121,45.81293106079102
NOR,1991,national,income,.982630775184279,1.663806676864624,47.410062552868
NOR,1992,national,income,.9427949190139771,1.599728465080261,47.51022338867188
NOR,1993,national,income,.9454050660133362,1.604616165161133,47.52381134033203
NOR,1994,national,income,.9451968669891357,1.608902335166931,47.66125106811523
NOR,1995,national,income,.9751879957907608,1.675463318824768,48.106595587839
NOR,1996,national,income,.8855496048927307,1.626288533210754,51.4212646484375
NOR,1997,national,income,.8564516305923462,1.616378903388977,52.84432601928711
NOR,1998,national,income,.8367172479629517,1.617173314094543,54.11727142333984
NOR,1999,national,income,.8051875233650208,1.614494204521179,56.14324188232422
NOR,2000,national,income,.8061144721716543,1.687720417976379,58.622160749904
NOR,2001,national,income,.715859591960907,1.50737464427948,58.95917510986328
NOR,2002,national,income,.6820734739303589,1.462830781936646,60.05109786987305
NOR,2003,national,income,.6813667530656714,1.518191337585449,62.388366601023
NOR,2004,national,income,.8062222504301194,1.898198366165161,65.924196970965
NOR,2005,national,income,.7035407463808101,1.697169661521912,67.54512787207
NOR,2006,national,income,.6529146382294965,1.513148665428162,64.89081515252499
NOR,2007,national,income,.5945948127272643,1.523039221763611,71.72127437773401
NOR,2008,national,income,.6065694404965224,1.609439969062805,74.29374926407399
NOR,2009,national,income,.5268945711219049,1.399484753608704,74.370805963762
NOR,2010,national,income,.5701958511288278,1.519079089164734,74.59580013599999
NOR,2011,national,income,.5085693979371714,1.421601057052612,78.268234786446
NOR,2012,national,income,.5333643299866677,1.525267481803894,80.071887207591
NOR,2013,national,income,.494835287917937,1.48504114151001,84.03028621464399
NOR,2014,national,income,.4936329953012352,1.504985332489014,85.366235076067
NOR,2015,national,income,.5022707981852907,1.549692392349243,86.390421427211
NOR,2016,national,income,.6047774898819266,1.856556057929993,85.95487122952299
NOR,2017,national,income,.619995797084243,1.866253733634949,84.282998672738
NOR,2018,national,income,.6311046734009085,1.914635062217712,84.9459447647
NOR,2019,national,income,.5598017931692569,1.744062662124634,87.234007691477
NOR,2020,national,income,.6628585438110512,1.997875928878784,84.392855801064
NOR,2021,national,income,.5724085227757298,1.780287742614746,87.08475715211399
NOR,2022,national,income,.6601324698962058,1.999610781669617,84.814949285509
NOR,2023,national,income,.6488302946090698,1.918583869934082,82.79568481445313
NOR,2024,national,income,.6449387669563293,1.923698306083679,83.51731109619141
NOR,2025,national,income,.6456071734428406,1.922791481018066,83.39151763916016
NPL,1981,national,income,17.41298484802246,1.295535802841187,2.083215713500977
NPL,1982,national,income,17.71460723876953,1.295474052429199,2.047647714614868
NPL,1983,national,income,17.65904426574707,1.29552686214447,2.054174184799194
NPL,1984,national,income,16.73689842224121,1.295572519302368,2.167428493499756
NPL,1985,national,income,16.2398509979248,1.295553684234619,2.233733654022217
NPL,1986,national,income,16.07598686218262,1.29546856880188,2.256354093551636
NPL,1987,national,income,15.71800327301025,1.295541405677795,2.307873249053955
NPL,1988,national,income,15.13893890380859,1.295542478561401,2.396151304244995
NPL,1989,national,income,14.82991313934326,1.295532584190369,2.446063756942749
NPL,1990,national,consumption,15.65625095367432,1.438951730728149,2.5734543800354
NPL,1991,national,consumption,15.38731479644775,1.439014673233032,2.618547201156616
NPL,1992,national,consumption,15.26649570465088,1.439032912254333,2.639303922653198
NPL,1993,national,consumption,14.93752670288086,1.438976049423218,2.697322607040405
NPL,1994,national,consumption,14.59226322174072,1.439042210578918,2.76127028465271
NPL,1995,national,consumption,14.39539909362793,1.439011096954346,2.79897141456604
NPL,1996,national,consumption,13.8990535736084,1.452372670173645,2.925842046737671
NPL,1997,national,consumption,13.54377365112305,1.489644050598145,3.079646348953247
NPL,1998,national,consumption,13.30235004425049,1.532877683639526,3.226540803909302
NPL,1999,national,consumption,12.60970878601074,1.562543392181396,3.469645261764526
NPL,2000,national,consumption,11.89519023895264,1.591468811035156,3.746146678924561
NPL,2001,national,consumption,11.8859395980835,1.628116607666016,3.835394382476807
NPL,2002,national,consumption,12.02569198608398,1.657281041145325,3.858727693557739
NPL,2003,national,consumption,11.57934284210205,1.686306834220886,4.077657222747803
NPL,2004,national,consumption,10.90807819366455,1.663636803627014,4.270397663116455
NPL,2005,national,consumption,10.27018070220947,1.623778581619263,4.426971912384033
NPL,2006,national,consumption,9.654376029968262,1.576135396957397,4.571169853210449
NPL,2007,national,consumption,8.90810489654541,1.535145163536072,4.825275897979736
NPL,2008,national,consumption,8.142678260803223,1.483408451080322,5.100955009460449
NPL,2009,national,consumption,7.506857395172119,1.432304978370667,5.342387199401855
NPL,2010,national,consumption,6.956099510192871,1.392359495162964,5.604587078094482
NPL,2011,national,consumption,6.574966430664063,1.377748966217041,5.867249965667725
NPL,2012,national,consumption,6.227233409881592,1.373345494270325,6.175081729888916
NPL,2013,national,consumption,5.863625526428223,1.368237257003784,6.533609867095947
NPL,2014,national,consumption,5.518379688262939,1.363541126251221,6.918543815612793
NPL,2015,national,consumption,5.37890625,1.358823418617249,7.073381423950195
NPL,2016,national,consumption,5.105878829956055,1.353943347930908,7.424855709075928
NPL,2017,national,consumption,4.634510040283203,1.348441600799561,8.146786689758301
NPL,2018,national,consumption,4.297310352325439,1.34389340877533,8.756410598754883
NPL,2019,national,consumption,4.243093967437744,1.339364886283875,8.838413238525391
NPL,2020,national,consumption,4.272677421569824,1.334493041038513,8.745290756225586
NPL,2021,national,consumption,4.079319477081299,1.329779863357544,9.127462387084961
NPL,2022,national,consumption,3.913113355636597,1.322585344314575,9.463664054870605
NPL,2023,national,consumption,3.898979425430298,1.318872809410095,9.471308708190918
NPL,2024,national,consumption,3.862157821655273,1.318871736526489,9.561599731445313
NPL,2025,national,consumption,3.732826948165894,1.318865776062012,9.89283561706543
NRU,1981,national,consumption,1.768414855003357,1.371294975280762,21.71224594116211
NRU,1982,national,consumption,1.833581209182739,1.371295571327209,20.94059181213379
NRU,1983,national,consumption,1.897250175476074,1.371293902397156,20.23783111572266
NRU,1984,national,consumption,1.962335348129272,1.371294379234314,19.56660652160645
NRU,1985,national,consumption,2.031525373458862,1.371295690536499,18.90022087097168
NRU,1986,national,consumption,2.104980945587158,1.371294140815735,18.24065780639648
NRU,1987,national,consumption,2.18266773223877,1.371294736862183,17.59143257141113
NRU,1988,national,consumption,2.264166116714478,1.371294736862183,16.95823097229004
NRU,1989,national,consumption,2.348884344100952,1.371295094490051,16.34659576416016
NRU,1990,national,consumption,2.580182790756226,1.371297359466553,14.8812427520752
NRU,1991,national,consumption,2.987183094024658,1.371293187141418,12.85365104675293
NRU,1992,national,consumption,3.398324251174927,1.371294140815735,11.29857921600342
NRU,1993,national,consumption,3.683808088302612,1.371294260025024,10.42297458648682
NRU,1994,national,consumption,3.849390745162964,1.371295928955078,9.974639892578125
NRU,1995,national,consumption,4.139576435089111,1.371294021606445,9.27540111541748
NRU,1996,national,consumption,4.472729206085205,1.371293783187866,8.584518432617188
NRU,1997,national,consumption,4.822924613952637,1.371293902397156,7.96119213104248
NRU,1998,national,consumption,5.158741474151611,1.371296763420105,7.442960739135742
NRU,1999,national,consumption,5.407459259033203,1.371293783187866,7.100604057312012
NRU,2000,national,consumption,5.66736888885498,1.371294975280762,6.774971008300781
NRU,2001,national,consumption,6.000236034393311,1.371293663978577,6.399118423461914
NRU,2002,national,consumption,6.207331657409668,1.371294260025024,6.185626983642578
NRU,2003,national,consumption,6.29152774810791,1.371297240257263,6.102861404418945
NRU,2004,national,consumption,6.39586067199707,1.371294975280762,6.003298282623291
NRU,2005,national,consumption,6.21670389175415,1.37129282951355,6.176295280456543
NRU,2006,national,consumption,6.55708122253418,1.37129533290863,5.855695247650146
NRU,2007,national,consumption,6.718099117279053,1.37129533290863,5.715347290039063
NRU,2008,national,consumption,6.439636707305908,1.371296763420105,5.962496280670166
NRU,2009,national,consumption,6.584867000579834,1.371295094490051,5.830985069274902
NRU,2010,national,consumption,6.291714668273926,1.371296763420105,6.102678298950195
NRU,2011,national,consumption,5.560052871704102,1.371294498443604,6.905734062194824
NRU,2012,national,consumption,5.160707950592041,1.371294617652893,7.440112590789795
NRU,2013,national,consumption,4.89930248260498,1.371293544769287,7.837079048156738
NRU,2014,national,consumption,4.67313289642334,1.371293067932129,8.216373443603516
NRU,2015,national,consumption,4.620654106140137,1.371294260025024,8.309698104858398
NRU,2016,national,consumption,4.703811645507813,1.37129271030426,8.162783622741699
NRU,2017,national,consumption,4.877637386322021,1.371295213699341,7.871898174285889
NRU,2018,national,consumption,4.797172546386719,1.371295213699341,8.003936767578125
NRU,2019,national,consumption,4.654879093170166,1.371294498443604,8.248601913452148
NRU,2020,national,consumption,4.526072978973389,1.371295213699341,8.48335075378418
NRU,2021,national,consumption,4.392605304718018,1.371296882629395,8.741125106811523
NRU,2022,national,consumption,4.359657287597656,1.371294379234314,8.807169914245605
NRU,2023,national,consumption,4.400886535644531,1.371293306350708,8.724654197692871
NRU,2024,national,consumption,4.415222644805908,1.371294379234314,8.696331977844238
NRU,2025,national,consumption,4.415322780609131,1.371293425559998,8.696128845214844
NZL,1981,national,,1.496624946594238,2.132287263870239,39.8924560546875
NZL,1982,national,,1.493242144584656,2.167636394500732,40.64566421508789
NZL,1983,national,,1.463216304779053,2.16046404838562,41.34248352050781
NZL,1984,national,,1.427136659622192,2.160440683364868,42.38720703125
NZL,1985,national,,1.393227577209473,2.151299715042114,43.23514175415039
NZL,1986,national,,1.367812395095825,2.170376777648926,44.42900848388672
NZL,1987,national,,1.327402472496033,2.19279670715332,46.25447845458984
NZL,1988,national,,1.248824954032898,2.121755838394165,47.57205200195313
NZL,1989,national,,1.210408210754395,2.113552093505859,48.89214706420898
NZL,1990,national,,1.197982668876648,2.109210252761841,49.29777908325195
NZL,1991,national,,1.199968338012695,2.127433776855469,49.64142990112305
NZL,1992,national,,1.204667806625366,2.152277946472168,50.02523040771484
NZL,1993,national,,1.258595585823059,2.234933614730835,49.72061157226563
NZL,1994,national,,1.22137176990509,2.207353830337524,50.60367965698242
NZL,1995,national,,1.192130208015442,2.189465522766113,51.42478179931641
NZL,1996,national,,1.189279556274414,2.214619636535645,52.14026641845703
NZL,1997,national,,1.198803067207336,2.280360221862793,53.26152801513672
NZL,1998,national,,1.210111260414124,2.360380887985229,54.61536026000977
NZL,1999,national,,1.155880689620972,2.313583135604858,56.04413223266602
NZL,2000,national,,1.132245898246765,2.305874347686768,57.02337265014648
NZL,2001,national,,1.140905141830444,2.34704327583313,57.60094451904297
NZL,2002,national,,1.129328727722168,2.353925704956055,58.36203002929688
NZL,2003,national,,1.139819979667664,2.411402225494385,59.23677825927734
NZL,2004,national,,1.143701553344727,2.438053131103516,59.68819808959961
NZL,2005,national,,1.135640740394592,2.461805820465088,60.69750595092773
NZL,2006,national,,1.120078682899475,2.466006517410278,61.64583206176758
NZL,2007,national,,1.080879807472229,2.445630550384521,63.3536262512207
NZL,2008,national,,1.110014200210571,2.492559671401978,62.87457656860352
NZL,2009,national,,1.073621869087219,2.406819343566895,62.76971817016602
NZL,2010,national,,1.108794093132019,2.475446701049805,62.51161193847656
NZL,2011,national,,1.120316624641418,2.479135513305664,61.96087265014648
NZL,2012,national,,1.158023834228516,2.556088447570801,61.80397415161133
NZL,2013,national,,1.142036318778992,2.538648843765259,62.24160003662109
NZL,2014,national,,1.162987470626831,2.615633726119995,62.97380447387695
NZL,2015,national,,1.122166514396667,2.596498489379883,64.78713989257813
NZL,2016,national,,1.115796446800232,2.630395412445068,66.00762176513672
NZL,2017,national,,1.122286438941956,2.677948713302612,66.81232452392578
NZL,2018,national,,1.092122197151184,2.666604995727539,68.36683654785156
NZL,2019,national,,1.038674831390381,2.617498636245728,70.56102752685547
NZL,2020,national,,.8649140000343323,2.236176729202271,72.39210510253906
NZL,2021,national,,.8297843337059021,2.172513484954834,73.30866241455078
NZL,2022,national,,1.06429922580719,2.745012044906616,72.21685028076172
NZL,2023,national,,1.006985545158386,2.637865304946899,73.34785461425781
NZL,2024,national,,.9825437068939209,2.606427907943726,74.27657318115234
NZL,2025,national,,.9767363667488098,2.607769250869751,74.75665283203125
OMN,1981,national,,5.81682825088501,1.645236730575562,7.919544219970703
OMN,1982,national,,5.756286144256592,1.634244561195374,7.94936990737915
OMN,1983,national,,5.650723934173584,1.628050923347473,8.067183494567871
OMN,1984,national,,5.551847457885742,1.633065581321716,8.236147880554199
OMN,1985,national,,5.500061988830566,1.63685405254364,8.332981109619141
OMN,1986,national,,5.566990852355957,1.621486306190491,8.15550422668457
OMN,1987,national,,5.693954944610596,1.61521577835083,7.942816734313965
OMN,1988,national,,5.650860786437988,1.597044110298157,7.913349151611328
OMN,1989,national,,5.687988758087158,1.570158839225769,7.729348659515381
OMN,1990,national,,5.43628454208374,1.564008593559265,8.055545806884766
OMN,1991,national,,5.478237628936768,1.567791819572449,8.013192176818848
OMN,1992,national,,5.32032299041748,1.559622645378113,8.208042144775391
OMN,1993,national,,5.253228187561035,1.55414617061615,8.283685684204102
OMN,1994,national,,5.206905841827393,1.547677397727966,8.32259464263916
OMN,1995,national,,5.225240230560303,1.551782965660095,8.31539249420166
OMN,1996,national,,5.068888664245605,1.552659749984741,8.576726913452148
OMN,1997,national,,4.973605632781982,1.555575132369995,8.757450103759766
OMN,1998,national,,4.798946857452393,1.573216080665588,9.179107666015625
OMN,1999,national,,4.713692665100098,1.570399165153503,9.32839298248291
OMN,2000,national,,4.570958614349365,1.579457998275757,9.675174713134766
OMN,2001,national,,4.553379535675049,1.584494590759277,9.743498802185059
OMN,2002,national,,4.474910736083984,1.591007947921753,9.955108642578125
OMN,2003,national,,4.467699527740479,1.600038170814514,10.02777099609375
OMN,2004,national,,4.284649848937988,1.629280567169189,10.64727783203125
OMN,2005,national,,4.252038955688477,1.632768511772156,10.75190448760986
OMN,2006,national,,4.203541278839111,1.642993927001953,10.94406509399414
OMN,2007,national,,4.161471843719482,1.650192737579346,11.1031379699707
OMN,2008,national,,4.123828411102295,1.642619132995605,11.15306758880615
OMN,2009,national,,4.021605491638184,1.624281525611877,11.30888748168945
OMN,2010,national,,3.919695377349854,1.582595229148865,11.30513000488281
OMN,2011,national,,3.900565624237061,1.552331328392029,11.14332675933838
OMN,2012,national,,3.886504650115967,1.52255642414093,10.96913146972656
OMN,2013,national,,3.967608213424683,1.515564918518066,10.69556617736816
OMN,2014,national,,4.053417205810547,1.536895751953125,10.61649417877197
OMN,2015,national,,4.193131446838379,1.605152726173401,10.71854686737061
OMN,2016,national,,4.362290382385254,1.662334322929382,10.66993618011475
OMN,2017,national,,4.375353813171387,1.682896018028259,10.76966381072998
OMN,2018,national,,4.388710975646973,1.6849764585495,10.75015926361084
OMN,2019,national,,4.408998012542725,1.677010178565979,10.65010356903076
OMN,2020,national,,4.68902063369751,1.676819801330566,10.01295566558838
OMN,2021,national,,4.649415969848633,1.692883729934692,10.19498920440674
OMN,2022,national,,4.58395528793335,1.697910904884338,10.37128448486328
OMN,2023,national,,4.611709594726563,1.731975913047791,10.51569366455078
OMN,2024,national,,4.663384914398193,1.755292177200317,10.53916454315186
OMN,2025,national,,4.719077587127686,1.777471423149109,10.54638290405273
PAK,1981,national,consumption,18.75678443908691,1.381831526756287,2.062788724899292
PAK,1982,national,consumption,18.38749313354492,1.381887197494507,2.104302167892456
PAK,1983,national,consumption,18.07326126098633,1.381855368614197,2.140839338302612
PAK,1984,national,consumption,17.6983757019043,1.381954908370972,2.186343908309937
PAK,1985,national,consumption,17.32300186157227,1.381905198097229,2.233639717102051
PAK,1986,national,consumption,17.03103828430176,1.381892204284668,2.271909713745117
PAK,1987,national,consumption,16.6584413530604,1.387300968170166,2.331816482316
PAK,1988,national,consumption,16.54616165161133,1.387452125549316,2.347895622253418
PAK,1989,national,consumption,16.52063751220703,1.389764189720154,2.355441570281982
PAK,1990,national,consumption,16.49335289001465,1.39221715927124,2.363502502441406
PAK,1991,national,consumption,14.09256172180176,1.38204562664032,2.745936393737793
PAK,1992,national,consumption,12.01428127288818,1.358715176582336,3.166566848754883
PAK,1993,national,consumption,11.94239234924316,1.335512042045593,3.131226539611816
PAK,1994,national,consumption,10.61183071136475,1.313482761383057,3.46570897102356
PAK,1995,national,consumption,10.85031032562256,1.348571419715881,3.480084657669067
PAK,1996,national,consumption,9.771182060241699,1.29063081741333,3.698392152786255
PAK,1997,national,consumption,9.511157989501953,1.286135077476501,3.786266803741455
PAK,1998,national,consumption,9.898257255554199,1.339614152908325,3.789474725723267
PAK,1999,national,consumption,10.13646221160889,1.352149367332458,3.73504900932312
PAK,2000,national,consumption,10.28063583374023,1.321277618408203,3.598587989807129
PAK,2001,national,consumption,10.46787071228027,1.289141774177551,3.448262691497803
PAK,2002,national,consumption,10.44637870788574,1.278333187103271,3.42638635635376
PAK,2003,national,consumption,9.861847877502441,1.293550729751587,3.672680854797363
PAK,2004,national,consumption,9.207698822021484,1.30754816532135,3.97616720199585
PAK,2005,national,consumption,8.918821334838867,1.31910240650177,4.141227245330811
PAK,2006,national,consumption,8.561480522155762,1.309617042541504,4.283053398132324
PAK,2007,national,consumption,8.338579177856445,1.294085621833801,4.345392227172852
PAK,2008,national,consumption,7.819715023040771,1.282302975654602,4.591533660888672
PAK,2009,national,consumption,8.097466468811035,1.276067614555359,4.412477970123291
PAK,2010,national,consumption,7.705152034759521,1.272525429725647,4.624270915985107
PAK,2011,national,consumption,7.568795680999756,1.279908418655396,4.734892845153809
PAK,2012,national,consumption,7.404529571533203,1.288374185562134,4.871947288513184
PAK,2013,national,consumption,7.168143272399902,1.295523405075073,5.060537338256836
PAK,2014,national,consumption,6.977882385253906,1.30226457118988,5.225569248199463
PAK,2015,national,consumption,6.725099563598633,1.31116771697998,5.45905590057373
PAK,2016,national,consumption,6.572276592254639,1.314271569252014,5.599217414855957
PAK,2017,national,consumption,6.526655197143555,1.307226657867432,5.608132362365723
PAK,2018,national,consumption,6.53025484085083,1.296694993972778,5.559884071350098
PAK,2019,national,consumption,6.642303943634033,1.29059100151062,5.44036340713501
PAK,2020,national,consumption,6.610879898071289,1.290606141090393,5.466287612915039
PAK,2021,national,consumption,6.442598342895508,1.290581583976746,5.60896110534668
PAK,2022,national,consumption,6.413063049316406,1.290597081184387,5.634860992431641
PAK,2023,national,consumption,6.509857654571533,1.290586233139038,5.551030158996582
PAK,2024,national,consumption,6.490575313568115,1.290594339370728,5.567555904388428
PAK,2025,national,consumption,6.432087898254395,1.290610432624817,5.618252277374268
PAN,1981,national,income,6.29890775680542,3.185383319854736,14.15971374511719
PAN,1982,national,income,7.088474750518799,3.664862871170044,14.47647953033447
PAN,1983,national,income,8.641931533813477,4.133152484893799,13.39148235321045
PAN,1984,national,income,9.654632568359375,4.602869510650635,13.3490686416626
PAN,1985,national,income,10.42309284210205,5.052411079406738,13.57250785827637
PAN,1986,national,income,11.29898452758789,5.499541759490967,13.62840747833252
PAN,1987,national,income,12.80921840667725,5.949437618255615,13.00502872467041
PAN,1988,national,income,16.22419548034668,6.341958045959473,10.94506168365479
PAN,1989,national,income,17.71346766074654,6.820315837860107,10.780997026609
PAN,1990,national,income,16.29062652587891,6.512132167816162,11.19292163848877
PAN,1991,national,income,15.15936254480218,6.231285095214844,11.509454215343
PAN,1992,national,income,13.05066776275635,6.300427436828613,13.51746654510498
PAN,1993,national,income,12.40363788604736,6.485565662384033,14.64053058624268
PAN,1994,national,income,12.98056221008301,6.627059936523438,14.29504203796387
PAN,1995,national,income,12.81539498307029,6.7255539894104,14.694476027684
PAN,1996,national,income,12.24031162261963,6.12147045135498,14.00300693511963
PAN,1997,national,income,10.91773598168336,5.935465335845947,15.222297860016
PAN,1998,national,income,11.63906540953436,6.060497760772705,14.579687454707
PAN,1999,national,income,10.51565223432273,5.752223491668701,15.316430804256
PAN,2000,national,income,8.331215546116248,4.839913845062256,16.266244242934
PAN,2001,national,income,9.270345655784443,4.738982677459717,14.313545031823
PAN,2002,national,income,6.45233597002848,3.603243112564087,15.636323021089
PAN,2003,national,income,6.53987806035082,3.715171098709106,15.906228085909
PAN,2004,national,income,5.990957518864973,3.464126348495483,16.190322728287
PAN,2005,national,income,5.873729723171754,3.35217022895813,15.979756227921
PAN,2006,national,income,6.310865394923526,3.648297071456909,16.186736799311
PAN,2007,national,income,5.009529060613189,3.026580333709717,16.916610569844
PAN,2008,national,income,3.801131099649584,2.767238140106201,20.384109028357
PAN,2009,national,income,3.486571916005898,2.545153856277466,20.439650192228
PAN,2010,national,income,3.633109584735486,2.715742588043213,20.929946728602
PAN,2011,national,income,3.238391055644334,2.679429531097412,23.167069331414
PAN,2012,national,income,3.420221871125833,2.864149808883667,23.447658730149
PAN,2013,national,income,3.107370908176105,2.695617914199829,24.289763461918
PAN,2014,national,income,3.203624210289144,2.791962623596191,24.402035259521
PAN,2015,national,income,2.772170400862398,2.639012336730957,26.655052217637
PAN,2016,national,income,2.698649477958502,2.699819564819336,28.012140963603
PAN,2017,national,income,2.880306857428938,2.865602254867554,27.85705325849
PAN,2018,national,income,2.487124075994161,2.608583211898804,29.367385569354
PAN,2019,national,income,2.404772783440302,2.608563423156738,30.372839910515
PAN,2020,national,income,2.315457344055176,2.574302673339844,31.13012504577637
PAN,2021,national,income,2.705189715971982,2.704148530960083,27.989224386235
PAN,2022,national,income,2.545218706130981,2.540626764297485,27.94948387145996
PAN,2023,national,income,2.573060124797609,2.510832548141479,27.32283983112
PAN,2024,national,income,2.495075225830078,2.450189828872681,27.49629211425781
PAN,2025,national,income,2.441499471664429,2.450104951858521,28.09869194030762
PER,1981,national,consumption,3.525639057159424,2.00434684753418,15.91816711425781
PER,1982,national,consumption,3.592823028564453,2.004375457763672,15.62072849273682
PER,1983,national,consumption,3.940550565719604,2.004348278045654,14.24210929870605
PER,1984,national,consumption,3.911166429519653,2.004350900650024,14.3491268157959
PER,1985,national,consumption,3.922106981277466,2.004339694976807,14.30902099609375
PER,1986,national,consumption,3.918375968933105,2.043032169342041,14.59913444519043
PER,1987,national,consumption,4.073558807373047,2.109539747238159,14.50012493133545
PER,1988,national,consumption,4.042667388916016,1.985996961593628,13.75525379180908
PER,1989,national,consumption,5.752739906311035,2.182091236114502,10.620774269104
PER,1990,national,consumption,6.484677314758301,2.186503171920776,9.441038131713867
PER,1991,national,consumption,6.914723873138428,2.153738737106323,8.721199035644531
PER,1992,national,consumption,7.48606014251709,2.0924391746521,7.826319217681885
PER,1993,national,consumption,7.756383419036865,2.020630836486816,7.29433536529541
PER,1994,national,consumption,7.682754752174549,1.941286206245422,7.075068263815
PER,1995,national,consumption,7.372330188751221,1.925522208213806,7.313104629516602
PER,1996,national,income,9.255791664123535,2.961317300796509,8.958378791809082
PER,1997,national,income,8.902322400420747,2.96473503112793,9.32482326571
PER,1998,national,income,8.807277751661266,3.078642845153809,9.787587147984
PER,1999,national,income,8.889777726940775,3.033754348754883,9.555370577306
PER,2000,national,income,8.425768317641271,2.533467769622803,8.419066075448001
PER,2001,national,income,8.644503404393539,2.624891519546509,8.502161710595001
PER,2002,national,income,7.920639727170725,2.776866912841797,9.816413382042001
PER,2003,national,income,6.948622994652817,2.526677131652832,10.181436209478
PER,2004,national,income,7.294245120597942,2.415174961090088,9.270993020632
PER,2005,national,income,7.868878779727596,2.492614269256592,8.869522773435
PER,2006,national,income,7.093837695108242,2.529018402099609,9.982257507838
PER,2007,national,income,6.353811082013419,2.545727252960205,11.218521525247
PER,2008,national,income,5.668238303622504,2.356076955795288,11.638564388733
PER,2009,national,income,5.234108875638302,2.270114660263062,12.144036693387
PER,2010,national,income,4.711908720183894,2.138508558273315,12.707852137094
PER,2011,national,income,4.500140674495678,2.110934019088745,13.134289615935
PER,2012,national,income,4.295416124153042,2.126195669174194,13.859769906783
PER,2013,national,income,4.133466889152193,2.066362857818604,13.997489178129
PER,2014,national,income,4.005901872798149,2.012565135955811,14.067201034951
PER,2015,national,income,3.967206005111136,2.012207984924316,14.201889999285
PER,2016,national,income,3.874522428735535,2.032467365264893,14.688026054204
PER,2017,national,income,3.87715716367368,2.004483222961426,14.475949591653
PER,2018,national,income,3.63497210445552,1.928713440895081,14.85677850471
PER,2019,national,income,3.492729429565493,1.878082275390625,15.055933949515
PER,2020,national,income,4.812486589705108,2.03989577293396,11.868516958584
PER,2021,national,income,3.701116328292248,1.74708878993988,13.217224753108
PER,2022,national,income,3.696129273850849,1.788672924041748,13.550078291172
PER,2023,national,income,3.811769506417668,1.841026306152344,13.52357160568
PER,2024,national,income,3.690485239028931,1.820313930511475,13.81086444854736
PER,2025,national,income,3.622940540313721,1.820390105247498,14.06893730163574
PHL,1981,national,consumption,8.39693546295166,1.61027193069458,5.369532108306885
PHL,1982,national,consumption,8.346907615661621,1.61046290397644,5.402355194091797
PHL,1983,national,consumption,8.407607078552246,1.610468983650208,5.363372802734375
PHL,1984,national,consumption,9.018885612487793,1.610381007194519,4.99958324432373
PHL,1985,national,consumption,9.655340282334437,1.615374445915222,4.684504407626
PHL,1986,national,consumption,9.597375869750977,1.611753940582275,4.702234268188477
PHL,1987,national,consumption,9.498847961425781,1.621416330337524,4.779490947723389
PHL,1988,national,consumption,9.267701895254126,1.626806735992432,4.914982096482
PHL,1989,national,consumption,9.017818450927734,1.657818675041199,5.147467136383057
PHL,1990,national,consumption,8.981327056884766,1.683553218841553,5.248610973358154
PHL,1991,national,consumption,9.167211570371615,1.724456667900085,5.267118284317
PHL,1992,national,consumption,9.200954437255859,1.710806488990784,5.206262111663818
PHL,1993,national,consumption,9.127607345581055,1.703405261039734,5.225394248962402
PHL,1994,national,consumption,8.909839237613667,1.699307322502136,5.340231637915
PHL,1995,national,consumption,8.560437202453613,1.767175197601318,5.780184268951416
PHL,1996,national,consumption,8.030574798583984,1.807872295379639,6.303462028503418
PHL,1997,national,consumption,7.717620966040539,1.845690727233887,6.696278799452
PHL,1998,national,consumption,7.767947196960449,1.797059416770935,6.477601051330566
PHL,1999,national,consumption,7.630930423736572,1.752119064331055,6.42901086807251
PHL,2000,national,consumption,7.447408398796927,1.687184929847717,6.343304521713
PHL,2001,national,consumption,7.372692584991455,1.67838990688324,6.374186515808105
PHL,2002,national,consumption,7.29335880279541,1.665828585624695,6.395297527313232
PHL,2003,national,consumption,7.195273655387372,1.659863471984863,6.459264674991
PHL,2004,national,consumption,7.213772773742676,1.680161476135254,6.521486282348633
PHL,2005,national,consumption,7.260966300964355,1.698379278182983,6.549351215362549
PHL,2006,national,consumption,7.315021256192495,1.717211961746216,6.573041030897
PHL,2007,national,consumption,6.99122428894043,1.699854612350464,6.807953357696533
PHL,2008,national,consumption,6.799024105072021,1.6826251745224,6.929450988769531
PHL,2009,national,consumption,6.75498401448664,1.663950443267822,6.897220169999
PHL,2010,national,consumption,6.75853967666626,1.67486584186554,6.938813209533691
PHL,2011,national,consumption,6.922630310058594,1.681342244148254,6.800533771514893
PHL,2012,national,consumption,6.94751717779665,1.685581207275391,6.793257639597
PHL,2013,national,consumption,6.692290306091309,1.6605064868927,6.947424411773682
PHL,2014,national,consumption,6.458361625671387,1.636927962303162,7.096843719482422
PHL,2015,national,consumption,6.23683673370085,1.615144968032837,7.251121204614
PHL,2016,national,consumption,6.022388458251953,1.584192514419556,7.365415096282959
PHL,2017,national,consumption,5.82421350479126,1.554576516151428,7.47365140914917
PHL,2018,national,consumption,5.646813402199977,1.524890184402466,7.561242444395
PHL,2019,national,consumption,5.559071063995361,1.524085640907288,7.676533699035645
PHL,2020,national,consumption,6.118900775909424,1.522119760513306,6.965197563171387
PHL,2021,national,consumption,6.04633037219138,1.518548130989075,7.032256783062
PHL,2022,national,consumption,5.781986713409424,1.484935760498047,7.190989017486572
PHL,2023,national,consumption,5.576965851628978,1.44507896900177,7.255237090735
PHL,2024,national,consumption,5.392941474914551,1.449103832244873,7.523706436157227
PHL,2025,national,consumption,5.228251934051514,1.449063897132874,7.760488510131836
PLW,1981,national,,24.40870094299316,1.667641997337341,1.913005352020264
PLW,1982,national,,22.85719108581543,1.634384393692017,2.002116680145264
PLW,1983,national,,21.14700317382813,1.594770431518555,2.111579179763794
PLW,1984,national,,18.94826507568359,1.538020610809326,2.272745132446289
PLW,1985,national,,18.00973510742188,1.523019433021545,2.367860794067383
PLW,1986,national,,17.47477531433105,1.527145743370056,2.446960210800171
PLW,1987,national,,16.74593162536621,1.534370541572571,2.56554102897644
PLW,1988,national,,15.50753784179688,1.518698692321777,2.742122173309326
PLW,1989,national,,17.12288665771484,1.59705114364624,2.611559152603149
PLW,1990,national,,16.70993232727051,1.608567118644714,2.695395708084106
PLW,1991,national,,16.36263465881348,1.621693968772888,2.775068521499634
PLW,1992,national,,15.88161373138428,1.635483503341675,2.883430957794189
PLW,1993,national,,15.4198751449585,1.642504692077637,2.982522964477539
PLW,1994,national,,14.14209079742432,1.628344416618347,3.223967790603638
PLW,1995,national,,13.20421600341797,1.635139107704163,3.467369556427002
PLW,1996,national,,12.44002056121826,1.662443399429321,3.741827964782715
PLW,1997,national,,12.43155765533447,1.70077908039093,3.830719947814941
PLW,1998,national,,12.71297740936279,1.726580023765564,3.802747249603271
PLW,1999,national,,12.09512901306152,1.719696521759033,3.981065511703491
PLW,2000,national,,11.62391090393066,1.73140287399292,4.170651435852051
PLW,2001,national,,11.11767673492432,1.756735801696777,4.424359798431396
PLW,2002,national,,10.37381839752197,1.772962808609009,4.785408496856689
PLW,2003,national,,9.586318016052246,1.754455208778381,5.124464511871338
PLW,2004,national,,8.903857231140137,1.747275829315186,5.49466609954834
PLW,2005,national,,8.169175148010254,1.73156476020813,5.934970378875732
PLW,2006,national,,7.963298320770264,1.782298803329468,6.266796112060547
PLW,2007,national,,7.510009288787842,1.809226632118225,6.745443820953369
PLW,2008,national,,7.246042251586914,1.840979933738708,7.113874912261963
PLW,2009,national,,6.851041793823242,1.863452315330505,7.615872859954834
PLW,2010,national,,6.356264114379883,1.876651763916016,8.266844749450684
PLW,2011,national,,5.842445373535156,1.853362202644348,8.882264137268066
PLW,2012,national,,5.437477588653564,1.853066563606262,9.542266845703125
PLW,2013,national,,4.714409351348877,1.754438638687134,10.42002868652344
PLW,2014,national,,4.435393810272217,1.753258347511292,11.06806659698486
PLW,2015,national,,4.145198822021484,1.74174952507019,11.76517391204834
PLW,2016,national,,3.897650241851807,1.733247756958008,12.45133209228516
PLW,2017,national,,3.719255685806274,1.738698363304138,13.08959579467773
PLW,2018,national,,3.505136728286743,1.72750186920166,13.79976177215576
PLW,2019,national,,3.317496061325073,1.719678401947021,14.51425838470459
PLW,2020,national,,3.346598148345947,1.681135535240173,14.06556510925293
PLW,2021,national,,3.091820240020752,1.706607937812805,15.45530414581299
PLW,2022,national,,3.057236909866333,1.708668351173401,15.64900398254395
PLW,2023,national,,2.960227489471436,1.713810563087463,16.21047592163086
PLW,2024,national,,2.870854616165161,1.718198418617249,16.75792121887207
PLW,2025,national,,2.797039985656738,1.725280523300171,17.27106285095215
PNG,1981,national,consumption,19.00454902648926,1.952573418617249,2.876787900924683
PNG,1982,national,consumption,19.22742462158203,1.951797962188721,2.842312097549438
PNG,1983,national,consumption,19.08872413635254,1.952286005020142,2.863680601119995
PNG,1984,national,consumption,19.41119956970215,1.95124876499176,2.814610481262207
PNG,1985,national,consumption,19.17727470397949,1.951966166496277,2.849990606307983
PNG,1986,national,consumption,18.86247825622559,1.952951312065125,2.899016618728638
PNG,1987,national,consumption,18.7898063659668,1.953207731246948,2.910610914230347
PNG,1988,national,consumption,18.70068550109863,1.953575491905212,2.925032615661621
PNG,1989,national,consumption,19.16892242431641,1.951982617378235,2.851256370544434
PNG,1990,national,consumption,19.91094589233398,1.949373483657837,2.741329193115234
PNG,1991,national,consumption,19.1191463470459,1.952155113220215,2.858932256698608
PNG,1992,national,consumption,17.91812896728516,1.956110239028931,3.05674147605896
PNG,1993,national,consumption,16.35853385925293,1.960621118545532,3.355886936187744
PNG,1994,national,consumption,16.11357879638672,1.96064829826355,3.406949758529663
PNG,1995,national,consumption,16.89886856079102,1.959388017654419,3.246540784835815
PNG,1996,national,consumption,16.48532341509933,1.972768425941467,3.350708564843
PNG,1997,national,consumption,16.95679664611816,1.958861470222473,3.234580278396606
PNG,1998,national,consumption,17.46159744262695,1.962956309318542,3.147637367248535
PNG,1999,national,consumption,17.30180549621582,1.964078426361084,3.178523540496826
PNG,2000,national,consumption,17.62723350524902,1.958426952362061,3.110865592956543
PNG,2001,national,consumption,17.66259765625,1.964045882225037,3.113544464111328
PNG,2002,national,consumption,17.70148086547852,1.957337498664856,3.096094131469727
PNG,2003,national,consumption,17.44303703308105,1.948395848274231,3.12761378288269
PNG,2004,national,consumption,17.11244010925293,1.945551037788391,3.183381795883179
PNG,2005,national,consumption,16.38589668273926,1.93593442440033,3.308098793029785
PNG,2006,national,consumption,15.75955200195313,1.922143816947937,3.415073394775391
PNG,2007,national,consumption,14.90609169006348,1.907163023948669,3.582465887069702
PNG,2008,national,consumption,14.87887287139893,1.891006469726563,3.55861496925354
PNG,2009,national,consumption,14.14305877685547,1.884224653244019,3.730330944061279
PNG,2010,national,consumption,13.25230693817139,1.870766520500183,3.952629804611206
PNG,2011,national,consumption,13.42110538482666,1.870748519897461,3.90287971496582
PNG,2012,national,consumption,13.25639629364014,1.870830178260803,3.951545000076294
PNG,2013,national,consumption,13.15936470031738,1.870891690254211,3.980812788009644
PNG,2014,national,consumption,12.24960231781006,1.870781660079956,4.276211261749268
PNG,2015,national,consumption,11.92347812652588,1.870713829994202,4.393012523651123
PNG,2016,national,consumption,11.68512439727783,1.870759129524231,4.482729911804199
PNG,2017,national,consumption,11.59695625305176,1.8707674741745,4.516830921173096
PNG,2018,national,consumption,11.80906391143799,1.8707035779953,4.435550689697266
PNG,2019,national,consumption,11.63453006744385,1.8707594871521,4.502224445343018
PNG,2020,national,consumption,12.07408237457275,1.870710372924805,4.338208675384521
PNG,2021,national,consumption,12.28722476959229,1.870784640312195,4.263124465942383
PNG,2022,national,consumption,11.97371387481689,1.870734810829163,4.374630451202393
PNG,2023,national,consumption,11.87586116790771,1.870852947235107,4.410954475402832
PNG,2024,national,consumption,11.67190361022949,1.870782375335693,4.487863063812256
PNG,2025,national,consumption,11.46982574462891,1.870716333389282,4.566770076751709
POL,1981,national,income,2.118613719940186,1.2212735414505,16.14058303833008
POL,1982,national,income,2.247009992599487,1.22130286693573,15.21866035461426
POL,1983,national,income,2.158105611801147,1.221311569213867,15.84571361541748
POL,1984,national,income,2.184757232666016,1.221280932426453,15.65202140808105
POL,1985,national,income,2.120190298236362,1.222795605659485,16.148680553183
POL,1986,national,income,2.253707708592088,1.32861852645874,16.506718515786
POL,1987,national,income,2.086817067333567,1.229400992393494,16.495566087633
POL,1988,national,income,1.763541340827942,1.243948459625244,19.7503490447998
POL,1989,national,income,1.491232481140611,1.262026906013489,23.696341417127
POL,1990,national,income,1.768489718437195,1.278929471969604,20.24892997741699
POL,1991,national,income,1.98138439655304,1.31262481212616,18.54940223693848
POL,1992,national,income,2.066977629107038,1.343032598495483,18.193188364397
POL,1993,national,consumption,3.300551437013561,1.254981875419617,10.646552423098
POL,1994,national,consumption,4.037005424499512,1.379319548606873,9.566731452941895
POL,1995,national,income,3.170525376874367,1.694276452064514,14.962737998173
POL,1996,national,consumption,5.138617227911168,1.366780400276184,7.447500002726
POL,1997,national,consumption,3.027795314788818,1.373318910598755,12.69997692108154
POL,1998,national,consumption,2.352885088439551,1.379854202270508,16.42065681406
POL,1999,national,consumption,2.410032955192016,1.390345811843872,16.153173790448
POL,2000,national,consumption,2.439437593370432,1.407259345054626,16.152601313987
POL,2001,national,consumption,2.47078644005385,1.407294392585754,15.94805695845
POL,2002,national,consumption,2.497738813758375,1.434942483901978,16.085904591379
POL,2003,national,consumption,2.309858277579816,1.466106176376343,17.772074059611
POL,2004,national,consumption,2.259386592516828,1.495615482330322,18.534779920873
POL,2005,national,consumption,2.447602955616456,1.452404618263245,16.615166062151
POL,2006,national,consumption,2.257666209161739,1.425646543502808,17.681136278927
POL,2007,national,consumption,2.113726811209513,1.417664408683777,18.779439351859
POL,2008,national,consumption,1.976793497719739,1.420669436454773,20.122862745422
POL,2009,national,consumption,1.934279918791851,1.415221691131592,20.486284147864
POL,2010,national,consumption,1.91022494324859,1.409679651260376,20.663026574292
POL,2011,national,consumption,1.927006982288485,1.40162467956543,20.366033933679
POL,2012,national,consumption,1.920478651323575,1.388451814651489,20.243208613783
POL,2013,national,consumption,1.907493091306609,1.394309878349304,20.467008364849
POL,2014,national,consumption,1.86946258143224,1.385390162467957,20.749772740869
POL,2015,national,consumption,1.819659864241733,1.375172972679138,21.160461610159
POL,2016,national,consumption,1.698385409800441,1.342235088348389,22.128418148597
POL,2017,national,consumption,1.649303991621999,1.328329086303711,22.550855165958
POL,2018,national,consumption,1.691646811803951,1.348071455955505,22.313169491605
POL,2019,national,consumption,1.613151977164456,1.323576807975769,22.973750027471
POL,2020,national,income,.9821428018440073,1.427308559417725,40.691270097472
POL,2021,national,income,.9110032914507754,1.399454951286316,43.012731438576
POL,2022,national,income,.991228425046783,1.538984656333923,43.472897727302
POL,2023,national,income,.9323849081993103,1.448049664497375,43.48567962646484
POL,2024,national,income,.9023500084877014,1.448013663291931,44.93199157714844
POL,2025,national,income,.8697941899299622,1.448041319847107,46.61465454101563
PRI,1981,national,,1.496624946594238,2.132287263870239,39.8924560546875
PRI,1982,national,,1.493242144584656,2.167636394500732,40.64566421508789
PRI,1983,national,,1.463216304779053,2.16046404838562,41.34248352050781
PRI,1984,national,,1.427136659622192,2.160440683364868,42.38720703125
PRI,1985,national,,1.393227577209473,2.151299715042114,43.23514175415039
PRI,1986,national,,1.367812395095825,2.170376777648926,44.42900848388672
PRI,1987,national,,1.327402472496033,2.19279670715332,46.25447845458984
PRI,1988,national,,1.248824954032898,2.121755838394165,47.57205200195313
PRI,1989,national,,1.210408210754395,2.113552093505859,48.89214706420898
PRI,1990,national,,1.197982668876648,2.109210252761841,49.29777908325195
PRI,1991,national,,1.199968338012695,2.127433776855469,49.64142990112305
PRI,1992,national,,1.204667806625366,2.152277946472168,50.02523040771484
PRI,1993,national,,1.258595585823059,2.234933614730835,49.72061157226563
PRI,1994,national,,1.22137176990509,2.207353830337524,50.60367965698242
PRI,1995,national,,1.192130208015442,2.189465522766113,51.42478179931641
PRI,1996,national,,1.189279556274414,2.214619636535645,52.14026641845703
PRI,1997,national,,1.198803067207336,2.280360221862793,53.26152801513672
PRI,1998,national,,1.210111260414124,2.360380887985229,54.61536026000977
PRI,1999,national,,1.155880689620972,2.313583135604858,56.04413223266602
PRI,2000,national,,1.132245898246765,2.305874347686768,57.02337265014648
PRI,2001,national,,1.140905141830444,2.34704327583313,57.60094451904297
PRI,2002,national,,1.129328727722168,2.353925704956055,58.36203002929688
PRI,2003,national,,1.139819979667664,2.411402225494385,59.23677825927734
PRI,2004,national,,1.143701553344727,2.438053131103516,59.68819808959961
PRI,2005,national,,1.135640740394592,2.461805820465088,60.69750595092773
PRI,2006,national,,1.120078682899475,2.466006517410278,61.64583206176758
PRI,2007,national,,1.080879807472229,2.445630550384521,63.3536262512207
PRI,2008,national,,1.110014200210571,2.492559671401978,62.87457656860352
PRI,2009,national,,1.073621869087219,2.406819343566895,62.76971817016602
PRI,2010,national,,1.108794093132019,2.475446701049805,62.51161193847656
PRI,2011,national,,1.120316624641418,2.479135513305664,61.96087265014648
PRI,2012,national,,1.158023834228516,2.556088447570801,61.80397415161133
PRI,2013,national,,1.142036318778992,2.538648843765259,62.24160003662109
PRI,2014,national,,1.162987470626831,2.615633726119995,62.97380447387695
PRI,2015,national,,1.122166514396667,2.596498489379883,64.78713989257813
PRI,2016,national,,1.115796446800232,2.630395412445068,66.00762176513672
PRI,2017,national,,1.122286438941956,2.677948713302612,66.81232452392578
PRI,2018,national,,1.092122197151184,2.666604995727539,68.36683654785156
PRI,2019,national,,1.038674831390381,2.617498636245728,70.56102752685547
PRI,2020,national,,.8649140000343323,2.236176729202271,72.39210510253906
PRI,2021,national,,.8297843337059021,2.172513484954834,73.30866241455078
PRI,2022,national,,1.06429922580719,2.745012044906616,72.21685028076172
PRI,2023,national,,1.006985545158386,2.637865304946899,73.34785461425781
PRI,2024,national,,.9825437068939209,2.606427907943726,74.27657318115234
PRI,2025,national,,.9767363667488098,2.607769250869751,74.75665283203125
PRK,1981,national,,24.40870094299316,1.667641997337341,1.913005352020264
PRK,1982,national,,22.85719108581543,1.634384393692017,2.002116680145264
PRK,1983,national,,21.14700317382813,1.594770431518555,2.111579179763794
PRK,1984,national,,18.94826507568359,1.538020610809326,2.272745132446289
PRK,1985,national,,18.00973510742188,1.523019433021545,2.367860794067383
PRK,1986,national,,17.47477531433105,1.527145743370056,2.446960210800171
PRK,1987,national,,16.74593162536621,1.534370541572571,2.56554102897644
PRK,1988,national,,15.50753784179688,1.518698692321777,2.742122173309326
PRK,1989,national,,17.12288665771484,1.59705114364624,2.611559152603149
PRK,1990,national,,16.70993232727051,1.608567118644714,2.695395708084106
PRK,1991,national,,16.36263465881348,1.621693968772888,2.775068521499634
PRK,1992,national,,15.88161373138428,1.635483503341675,2.883430957794189
PRK,1993,national,,15.4198751449585,1.642504692077637,2.982522964477539
PRK,1994,national,,14.14209079742432,1.628344416618347,3.223967790603638
PRK,1995,national,,13.20421600341797,1.635139107704163,3.467369556427002
PRK,1996,national,,12.44002056121826,1.662443399429321,3.741827964782715
PRK,1997,national,,12.43155765533447,1.70077908039093,3.830719947814941
PRK,1998,national,,12.71297740936279,1.726580023765564,3.802747249603271
PRK,1999,national,,12.09512901306152,1.719696521759033,3.981065511703491
PRK,2000,national,,11.62391090393066,1.73140287399292,4.170651435852051
PRK,2001,national,,11.11767673492432,1.756735801696777,4.424359798431396
PRK,2002,national,,10.37381839752197,1.772962808609009,4.785408496856689
PRK,2003,national,,9.586318016052246,1.754455208778381,5.124464511871338
PRK,2004,national,,8.903857231140137,1.747275829315186,5.49466609954834
PRK,2005,national,,8.169175148010254,1.73156476020813,5.934970378875732
PRK,2006,national,,7.963298320770264,1.782298803329468,6.266796112060547
PRK,2007,national,,7.510009288787842,1.809226632118225,6.745443820953369
PRK,2008,national,,7.246042251586914,1.840979933738708,7.113874912261963
PRK,2009,national,,6.851041793823242,1.863452315330505,7.615872859954834
PRK,2010,national,,6.356264114379883,1.876651763916016,8.266844749450684
PRK,2011,national,,5.842445373535156,1.853362202644348,8.882264137268066
PRK,2012,national,,5.437477588653564,1.853066563606262,9.542266845703125
PRK,2013,national,,4.714409351348877,1.754438638687134,10.42002868652344
PRK,2014,national,,4.435393810272217,1.753258347511292,11.06806659698486
PRK,2015,national,,4.145198822021484,1.74174952507019,11.76517391204834
PRK,2016,national,,3.897650241851807,1.733247756958008,12.45133209228516
PRK,2017,national,,3.719255685806274,1.738698363304138,13.08959579467773
PRK,2018,national,,3.505136728286743,1.72750186920166,13.79976177215576
PRK,2019,national,,3.317496061325073,1.719678401947021,14.51425838470459
PRK,2020,national,,3.346598148345947,1.681135535240173,14.06556510925293
PRK,2021,national,,3.091820240020752,1.706607937812805,15.45530414581299
PRK,2022,national,,3.057236909866333,1.708668351173401,15.64900398254395
PRK,2023,national,,2.960227489471436,1.713810563087463,16.21047592163086
PRK,2024,national,,2.870854616165161,1.718198418617249,16.75792121887207
PRK,2025,national,,2.797039985656738,1.725280523300171,17.27106285095215
PRT,1981,national,income,2.736953496932983,1.900416254997253,19.44192886352539
PRT,1982,national,income,2.693539142608643,1.901578783988953,19.76737785339355
PRT,1983,national,income,2.738217115402222,1.900412082672119,19.43291473388672
PRT,1984,national,income,2.830254077911377,1.898067355155945,18.77777862548828
PRT,1985,national,income,2.820083856582642,1.898132562637329,18.84614562988281
PRT,1986,national,income,2.677283048629761,1.901891469955444,19.89067268371582
PRT,1987,national,income,2.547421932220459,1.905799746513367,20.94760704040527
PRT,1988,national,income,2.388649940490723,1.911010026931763,22.40105628967285
PRT,1989,national,income,2.31748366355896,1.911403775215149,23.09371376037598
PRT,1990,national,income,2.172547101974487,1.911395072937012,24.63424682617188
PRT,1991,national,income,2.079597949981689,1.911389470100403,25.7352180480957
PRT,1992,national,income,1.983994245529175,1.911372900009155,26.97509956359863
PRT,1993,national,income,1.964791178703308,1.911359071731567,27.23854637145996
PRT,1994,national,income,1.949913144111633,1.91124165058136,27.44469261169434
PRT,1995,national,income,1.945247173309326,1.911401271820068,27.51281929016113
PRT,1996,national,income,1.886234641075134,1.911438465118408,28.37413597106934
PRT,1997,national,income,1.832344651222229,1.911403894424438,29.20810127258301
PRT,1998,national,income,1.75753390789032,1.911371469497681,30.45084953308105
PRT,1999,national,income,1.679087400436401,1.911447167396545,31.8747673034668
PRT,2000,national,income,1.630804419517517,1.911438822746277,32.81833648681641
PRT,2001,national,income,1.627857089042664,1.911435484886169,32.8776969909668
PRT,2002,national,income,1.61606502532959,1.911382436752319,33.11668014526367
PRT,2003,national,income,1.691681337511751,1.995442390441895,33.027726290398
PRT,2004,national,income,1.48641177310557,1.811303853988647,34.120092635128
PRT,2005,national,income,1.465769963471474,1.780900001525879,34.01980036086
PRT,2006,national,income,1.302372623603465,1.6104736328125,34.623931953421
PRT,2007,national,income,1.295003172873662,1.613126754760742,34.878331701241
PRT,2008,national,income,1.301374105994464,1.606707692146301,34.56947258348
PRT,2009,national,income,1.228709325926287,1.550741910934448,35.338522685169
PRT,2010,national,income,1.261564291939809,1.564823508262634,34.730737598163
PRT,2011,national,income,1.411656420812109,1.676703095436096,33.257161631277
PRT,2012,national,income,1.609642072882908,1.800115704536438,31.313322291593
PRT,2013,national,income,1.633760210272514,1.822788715362549,31.239642597674
PRT,2014,national,income,1.517410312853598,1.723201036453247,31.797351047062
PRT,2015,national,income,1.435204101718496,1.71569287776947,33.472173436775
PRT,2016,national,income,1.363672037565526,1.671687006950378,34.32440870981
PRT,2017,national,income,1.314416724145511,1.622658252716064,34.566229569552
PRT,2018,national,income,1.232975435992406,1.606435179710388,36.48100649017
PRT,2019,national,income,1.067104917356801,1.486073136329651,38.993400381926
PRT,2020,national,income,1.187760173663388,1.716047406196594,40.453728281654
PRT,2021,national,income,1.111408627132029,1.604289531707764,40.417273150296
PRT,2022,national,income,1.117570133503657,1.630634427070618,40.854495141246
PRT,2023,national,income,1.084733009338379,1.592228651046753,41.09988403320313
PRT,2024,national,income,1.065304398536682,1.592212438583374,41.84902191162109
PRT,2025,national,income,1.050753712654114,1.59225857257843,42.42977142333984
PRY,1981,national,income,3.120142221450806,1.753305196762085,15.7340726852417
PRY,1982,national,income,3.253710508346558,1.753300905227661,15.08813571929932
PRY,1983,national,income,3.451380968093872,1.753305912017822,14.22403526306152
PRY,1984,national,income,3.452813625335693,1.753306865692139,14.21814155578613
PRY,1985,national,income,3.397988080978394,1.753304958343506,14.44753074645996
PRY,1986,national,income,3.330216884613037,1.753300070762634,14.74150276184082
PRY,1987,national,income,3.184151172637939,1.75330662727356,15.41779327392578
PRY,1988,national,income,3.091819047927856,1.753300070762634,15.87816143035889
PRY,1989,national,income,2.972477912902832,1.753306865692139,16.51571273803711
PRY,1990,national,income,3.009729437254288,1.788451194763184,16.638250624096
PRY,1991,national,income,3.819953441619873,2.222163200378418,16.28830528259277
PRY,1992,national,income,4.747305393218994,2.64902138710022,15.62414741516113
PRY,1993,national,income,5.525839328765869,3.07455039024353,15.57906532287598
PRY,1994,national,income,6.246665477752686,3.454681634902954,15.4852352142334
PRY,1995,national,income,6.897931533956803,3.859408140182495,15.666062339977
PRY,1996,national,income,6.494717121124268,3.703314781188965,15.96571636199951
PRY,1997,national,income,6.027661432364706,3.620930671691895,16.82013146677
PRY,1998,national,income,5.884322643280029,3.364506006240845,16.00968742370605
PRY,1999,national,income,5.957554940038889,3.253826141357422,15.292704947972
PRY,2000,national,income,5.718459129333496,3.100869655609131,15.18317222595215
PRY,2001,national,income,5.470344935314018,3.047143220901489,15.596824281583
PRY,2002,national,income,6.823440251199782,3.081710338592529,12.645804142887
PRY,2003,national,income,5.361396720574946,2.742694854736328,14.323778122501
PRY,2004,national,income,4.893821781126956,2.449357748031616,14.013999349082
PRY,2005,national,income,4.695803567988658,2.469082593917847,14.722573883319
PRY,2006,national,income,5.256204161604003,2.579602003097534,13.74163864735
PRY,2007,national,income,4.955781460204413,2.6053147315979,14.719941697225
PRY,2008,national,income,4.282757569403104,2.341326713562012,15.307228740473
PRY,2009,national,income,4.36950385595734,2.322232484817505,14.88098273007
PRY,2010,national,income,4.273280590522825,2.472543954849243,16.200955511025
PRY,2011,national,income,4.176579200951453,2.661945104598999,17.845815091539
PRY,2012,national,income,3.49723310294819,2.213546752929688,17.722384548381
PRY,2013,national,income,3.1353087300182,2.217332124710083,19.801973911628
PRY,2014,national,income,3.099263072081179,2.338539123535156,21.12731070333
PRY,2015,national,income,3.009859144469897,2.146812200546265,19.971281132164
PRY,2016,national,income,3.046681314318096,2.107286930084229,19.366656703185
PRY,2017,national,income,2.814164295251277,2.049820184707642,20.395029162337
PRY,2018,national,income,2.785795343605192,2.010537624359131,20.207893864091
PRY,2019,national,income,2.707770964180786,1.977189183235168,20.445340183517
PRY,2020,national,income,2.863729480344414,1.848659992218018,18.075198784819
PRY,2021,national,income,2.785249597597102,1.8099684715271,18.195538461435
PRY,2022,national,income,2.926732549125149,2.013869047164917,19.266650718069
PRY,2023,national,income,2.7023033907989,1.95716392993927,20.279214674766
PRY,2024,national,income,2.593746900558472,1.921561241149902,20.74362564086914
PRY,2025,national,income,2.523405790328979,1.921580076217651,21.32207298278809
PSE,1981,national,consumption,3.895167827606201,1.456340670585632,10.46875
PSE,1982,national,consumption,3.744264125823975,1.456337809562683,10.89064693450928
PSE,1983,national,consumption,3.936557769775391,1.456344604492188,10.35870742797852
PSE,1984,national,consumption,3.893952131271362,1.456357359886169,10.47213840484619
PSE,1985,national,consumption,4.003532409667969,1.456346988677979,10.18543434143066
PSE,1986,national,consumption,3.614123344421387,1.456345438957214,11.28286647796631
PSE,1987,national,consumption,3.775789737701416,1.456340909004211,10.79973983764648
PSE,1988,national,consumption,3.917733430862427,1.456349015235901,10.4085111618042
PSE,1989,national,consumption,3.954490900039673,1.456350922584534,10.31177616119385
PSE,1990,national,consumption,3.597837209701538,1.456340909004211,11.33390522003174
PSE,1991,national,consumption,3.911818504333496,1.456354379653931,10.42428779602051
PSE,1992,national,consumption,3.554989576339722,1.456340432167053,11.47050666809082
PSE,1993,national,consumption,3.501822471618652,1.45633864402771,11.64464569091797
PSE,1994,national,consumption,3.346954584121704,1.456351757049561,12.18356800079346
PSE,1995,national,consumption,3.291030406951904,1.45633590221405,12.39046764373779
PSE,1996,national,consumption,3.366884708404541,1.456354141235352,12.11146831512451
PSE,1997,national,consumption,3.153888940811157,1.456348299980164,12.92935562133789
PSE,1998,national,consumption,2.919894695281982,1.456339120864868,13.96539974212646
PSE,1999,national,consumption,2.810714483261108,1.456330060958862,14.50778484344482
PSE,2000,national,consumption,3.042026042938232,1.456359148025513,13.40490055084229
PSE,2001,national,consumption,3.310855150222778,1.456355929374695,12.31644535064697
PSE,2002,national,consumption,3.690470457077026,1.456337690353394,11.049391746521
PSE,2003,national,consumption,3.423543453216553,1.456342458724976,11.91093063354492
PSE,2004,national,consumption,3.035722625898754,1.462035059928894,13.485086434822
PSE,2005,national,consumption,2.92819995521845,1.469982504844666,14.056249963147
PSE,2006,national,consumption,2.829931826205227,1.423895597457886,14.088351821624
PSE,2007,national,consumption,3.277576922554075,1.517623066902161,12.964896648078
PSE,2008,national,consumption,2.993647575378418,1.482528448104858,13.86629390716553
PSE,2009,national,consumption,2.709083722974364,1.4381183385849,14.863813361858
PSE,2010,national,consumption,2.731396887143513,1.463103055953979,14.998510344749
PSE,2011,national,consumption,2.694496914564986,1.440492987632751,14.968955021147
PSE,2012,national,consumption,2.681783199310303,1.440231680870056,15.03719139099121
PSE,2013,national,consumption,2.699456691741943,1.44622528553009,15.00091075897217
PSE,2014,national,consumption,2.805375814437866,1.453125357627869,14.50340747833252
PSE,2015,national,consumption,2.837346792221069,1.457412242889404,14.38228988647461
PSE,2016,national,consumption,2.770667552947998,1.461001873016357,14.76469135284424
PSE,2017,national,consumption,2.823188543319702,1.466515779495239,14.54470348358154
PSE,2018,national,consumption,2.848239421844482,1.483995914459229,14.58862113952637
PSE,2019,national,consumption,2.868075370788574,1.501157999038696,14.65527153015137
PSE,2020,national,consumption,3.165533304214478,1.515408635139465,13.40419960021973
PSE,2021,national,consumption,3.068783521652222,1.53304648399353,13.98772525787354
PSE,2022,national,consumption,2.777912378311157,1.547425031661987,15.59728908538818
PSE,2023,national,consumption,2.907885202930038,1.559659838676453,15.017950475577
PSE,2024,national,consumption,3.615647554397583,1.561236143112183,12.0903959274292
PSE,2025,national,consumption,3.716673612594604,1.56125009059906,11.76186180114746
PYF,1981,national,,1.496624946594238,2.132287263870239,39.8924560546875
PYF,1982,national,,1.493242144584656,2.167636394500732,40.64566421508789
PYF,1983,national,,1.463216304779053,2.16046404838562,41.34248352050781
PYF,1984,national,,1.427136659622192,2.160440683364868,42.38720703125
PYF,1985,national,,1.393227577209473,2.151299715042114,43.23514175415039
PYF,1986,national,,1.367812395095825,2.170376777648926,44.42900848388672
PYF,1987,national,,1.327402472496033,2.19279670715332,46.25447845458984
PYF,1988,national,,1.248824954032898,2.121755838394165,47.57205200195313
PYF,1989,national,,1.210408210754395,2.113552093505859,48.89214706420898
PYF,1990,national,,1.197982668876648,2.109210252761841,49.29777908325195
PYF,1991,national,,1.199968338012695,2.127433776855469,49.64142990112305
PYF,1992,national,,1.204667806625366,2.152277946472168,50.02523040771484
PYF,1993,national,,1.258595585823059,2.234933614730835,49.72061157226563
PYF,1994,national,,1.22137176990509,2.207353830337524,50.60367965698242
PYF,1995,national,,1.192130208015442,2.189465522766113,51.42478179931641
PYF,1996,national,,1.189279556274414,2.214619636535645,52.14026641845703
PYF,1997,national,,1.198803067207336,2.280360221862793,53.26152801513672
PYF,1998,national,,1.210111260414124,2.360380887985229,54.61536026000977
PYF,1999,national,,1.155880689620972,2.313583135604858,56.04413223266602
PYF,2000,national,,1.132245898246765,2.305874347686768,57.02337265014648
PYF,2001,national,,1.140905141830444,2.34704327583313,57.60094451904297
PYF,2002,national,,1.129328727722168,2.353925704956055,58.36203002929688
PYF,2003,national,,1.139819979667664,2.411402225494385,59.23677825927734
PYF,2004,national,,1.143701553344727,2.438053131103516,59.68819808959961
PYF,2005,national,,1.135640740394592,2.461805820465088,60.69750595092773
PYF,2006,national,,1.120078682899475,2.466006517410278,61.64583206176758
PYF,2007,national,,1.080879807472229,2.445630550384521,63.3536262512207
PYF,2008,national,,1.110014200210571,2.492559671401978,62.87457656860352
PYF,2009,national,,1.073621869087219,2.406819343566895,62.76971817016602
PYF,2010,national,,1.108794093132019,2.475446701049805,62.51161193847656
PYF,2011,national,,1.120316624641418,2.479135513305664,61.96087265014648
PYF,2012,national,,1.158023834228516,2.556088447570801,61.80397415161133
PYF,2013,national,,1.142036318778992,2.538648843765259,62.24160003662109
PYF,2014,national,,1.162987470626831,2.615633726119995,62.97380447387695
PYF,2015,national,,1.122166514396667,2.596498489379883,64.78713989257813
PYF,2016,national,,1.115796446800232,2.630395412445068,66.00762176513672
PYF,2017,national,,1.122286438941956,2.677948713302612,66.81232452392578
PYF,2018,national,,1.092122197151184,2.666604995727539,68.36683654785156
PYF,2019,national,,1.038674831390381,2.617498636245728,70.56102752685547
PYF,2020,national,,.8649140000343323,2.236176729202271,72.39210510253906
PYF,2021,national,,.8297843337059021,2.172513484954834,73.30866241455078
PYF,2022,national,,1.06429922580719,2.745012044906616,72.21685028076172
PYF,2023,national,,1.006985545158386,2.637865304946899,73.34785461425781
PYF,2024,national,,.9825437068939209,2.606427907943726,74.27657318115234
PYF,2025,national,,.9767363667488098,2.607769250869751,74.75665283203125
QAT,1981,national,income,.5946223735809326,1.522730827331543,71.70343017578125
QAT,1982,national,income,.67763352394104,1.522788405418396,62.92202758789063
QAT,1983,national,income,.7304896116256714,1.522796511650085,58.36948394775391
QAT,1984,national,income,.7364378571510315,1.52275025844574,57.89627075195313
QAT,1985,national,income,.7914537787437439,1.522814869880676,53.87404632568359
QAT,1986,national,income,.7852041721343994,1.522769689559937,54.30122756958008
QAT,1987,national,income,.8147850632667542,1.522750616073608,52.32915878295898
QAT,1988,national,income,.7969873547554016,1.522736787796021,53.49724960327148
QAT,1989,national,income,.7765448093414307,1.522738456726074,54.90562438964844
QAT,1990,national,income,.7765407562255859,1.522733688354492,54.90573883056641
QAT,1991,national,income,.8159980177879333,1.522743225097656,52.25112152099609
QAT,1992,national,income,.7568084597587585,1.522723793983459,56.33693313598633
QAT,1993,national,income,.7912815809249878,1.522786736488342,53.88477325439453
QAT,1994,national,income,.804231584072113,1.522751808166504,53.01588821411133
QAT,1995,national,income,.8087531924247742,1.522739052772522,52.71904373168945
QAT,1996,national,income,.7970029711723328,1.522733211517334,53.49607467651367
QAT,1997,national,income,.6379157304763794,1.522782325744629,66.83940124511719
QAT,1998,national,income,.6048650741577148,1.522767543792725,70.49091339111328
QAT,1999,national,income,.611948549747467,1.52275812625885,69.67453002929688
QAT,2000,national,income,.5965246558189392,1.52277147769928,71.47667694091797
QAT,2001,national,income,.6034581661224365,1.522721409797668,70.65311431884766
QAT,2002,national,income,.5906539559364319,1.52279794216156,72.18836212158203
QAT,2003,national,income,.5962796807289124,1.522759079933167,71.50546264648438
QAT,2004,national,income,.5194035172462463,1.522715091705322,82.08650970458984
QAT,2005,national,income,.5157328844070435,1.522776246070862,82.67406463623047
QAT,2006,national,income,.4817677438259125,1.522700428962708,88.49826812744141
QAT,2007,national,income,.5072900652885437,1.522693634033203,84.04544830322266
QAT,2008,national,income,.5090148448944092,1.522716641426086,83.76193237304688
QAT,2009,national,income,.5126361846923828,1.522729396820068,83.17092132568359
QAT,2010,national,income,.4307615160942078,1.522749543190002,98.98049163818359
QAT,2011,national,income,.3817999660968781,1.522714018821716,111.6710205078125
QAT,2012,national,income,.386480301618576,1.522674560546875,110.3158111572266
QAT,2013,national,income,.4073704779148102,1.522717952728271,104.661735534668
QAT,2014,national,income,.4342345297336578,1.522691249847412,98.18508911132813
QAT,2015,national,income,.4516757130622864,1.522707581520081,94.39474487304688
QAT,2016,national,income,.4630191922187805,1.522772431373596,92.08609008789063
QAT,2017,national,income,.4831060767173767,1.522695183753967,88.25279998779297
QAT,2018,national,income,.483755350112915,1.522796392440796,88.14021301269531
QAT,2019,national,income,.4912216663360596,1.522794842720032,86.80043792724609
QAT,2020,national,income,.5393620729446411,1.522759556770325,79.05129241943359
QAT,2021,national,income,.4757919907569885,1.522722363471985,89.61106109619141
QAT,2022,national,income,.4844668209552765,1.522724032402039,88.006591796875
QAT,2023,national,income,.4785470068454742,1.522809863090515,89.10028839111328
QAT,2024,national,income,.4759949743747711,1.52276599407196,89.57541656494141
QAT,2025,national,income,.4686090052127838,1.522767424583435,90.98734283447266
ROU,1981,national,income,1.924721240997314,1.201609134674072,17.48048210144043
ROU,1982,national,income,1.861258864402771,1.201611042022705,18.07653427124023
ROU,1983,national,income,1.76300847530365,1.201599359512329,19.08373260498047
ROU,1984,national,income,1.669981479644775,1.201627850532532,20.14727783203125
ROU,1985,national,income,1.679235696792603,1.201610922813416,20.03596305847168
ROU,1986,national,income,1.648550391197205,1.201616883277893,20.40900421142578
ROU,1987,national,income,1.64478075504303,1.201618552207947,20.45580863952637
ROU,1988,national,income,1.661707162857056,1.20159375667572,20.24702453613281
ROU,1989,national,income,1.77141496782009,1.202852249145508,19.012972739609
ROU,1990,national,income,1.950351476669312,1.215964555740356,17.45685768127441
ROU,1991,national,income,2.399397850036621,1.230359196662903,14.35779285430908
ROU,1992,national,income,2.772177021464406,1.246208906173706,12.587164377093
ROU,1993,national,income,4.841515064239502,1.552162528038025,8.976642608642578
ROU,1994,national,income,6.693597871127255,1.287447094917297,5.385522178158
ROU,1995,national,income,3.806029065562683,1.403934359550476,10.328392750233
ROU,1996,national,income,3.764064788818359,1.3842613697052,10.29719734191895
ROU,1997,national,income,4.087272447032626,1.3818199634552,9.466204886733999
ROU,1998,national,consumption,3.985260241050217,1.383477568626404,9.720161348656999
ROU,1999,national,consumption,5.65114063367135,1.331664085388184,6.598065056412
ROU,2000,national,consumption,5.853169724121838,1.330755114555359,6.365976741809
ROU,2001,national,consumption,5.334344970945622,1.336942911148071,7.017619184576
ROU,2002,national,consumption,5.263452802075311,1.363926768302917,7.255683998247
ROU,2003,national,consumption,4.882897681423064,1.342929244041443,7.700759361105
ROU,2004,national,consumption,4.368478115626955,1.338907837867737,8.581803214922999
ROU,2005,national,consumption,4.125728899217816,1.335738062858582,9.06522583566
ROU,2006,national,consumption,4.09465974519883,1.354686856269836,9.263586173812
ROU,2007,national,consumption,3.7096757181145,1.343016982078552,10.136862847577
ROU,2008,national,consumption,3.100049817586269,1.331336855888367,12.024785271447
ROU,2009,national,consumption,2.977626316041034,1.30054235458374,12.229602288
ROU,2010,national,consumption,3.11095129187658,1.304340004920959,11.739663320877
ROU,2011,national,consumption,3.116947267362259,1.279836654663086,11.496962483145
ROU,2012,national,consumption,3.06321830432798,1.282325029373169,11.721365813191
ROU,2013,national,consumption,3.053086845003726,1.286363959312439,11.797302853765
ROU,2014,national,income,4.517088069927429,2.080818653106689,12.898336364684
ROU,2015,national,income,3.889402383900188,1.932974457740784,13.915578791643
ROU,2016,national,consumption,2.710144198169295,1.309282302856445,13.526920332174
ROU,2017,national,income,3.027183956716978,2.146765470504761,19.856551245781
ROU,2018,national,consumption,2.284326164137682,1.31963849067688,16.175394820009
ROU,2019,national,consumption,2.107619228999589,1.290198802947998,17.14046182775
ROU,2020,national,consumption,2.174312911319813,1.291856169700623,16.636047795655
ROU,2021,national,consumption,1.995067605305462,1.293460130691528,18.153211846512
ROU,2022,national,income,1.725586339893782,1.869894981384277,30.341604393337
ROU,2023,national,income,1.63660192489624,1.82706880569458,31.25862503051758
ROU,2024,national,income,1.596542239189148,1.827099323272705,32.04348754882813
ROU,2025,national,income,1.567660808563232,1.82708752155304,32.63362121582031
RUS,1981,national,consumption,2.837557315826416,1.957202434539795,19.31297302246094
RUS,1982,national,consumption,2.838657855987549,1.957174181938171,19.30520629882813
RUS,1983,national,consumption,2.814095258712769,1.95714282989502,19.47339820861816
RUS,1984,national,consumption,2.820592641830444,1.957117319107056,19.42828750610352
RUS,1985,national,consumption,2.805407047271729,1.957201242446899,19.5342903137207
RUS,1986,national,consumption,2.771389245986938,1.957163333892822,19.77368354797363
RUS,1987,national,consumption,2.786222696304321,1.957174777984619,19.66852569580078
RUS,1988,national,consumption,2.767334461212158,1.957122802734375,19.80224609375
RUS,1989,national,consumption,2.760329484939575,1.957178831100464,19.85306739807129
RUS,1990,national,consumption,2.822842597961426,1.957198858261108,19.41361045837402
RUS,1991,national,consumption,2.932013034820557,1.957159757614136,18.69039154052734
RUS,1992,national,consumption,3.266280889511108,1.957297205924988,16.7788143157959
RUS,1993,national,consumption,3.480134100158232,1.96408748626709,15.80239373425
RUS,1994,national,consumption,3.672749280929565,1.996554374694824,15.22116470336914
RUS,1995,national,consumption,3.640512466430664,2.023967504501343,15.56678867340088
RUS,1996,national,consumption,3.59569820455516,2.042896270751953,15.908203065221
RUS,1997,national,consumption,3.160319118588212,1.639855146408081,14.52889521145
RUS,1998,national,consumption,3.524144575383071,1.644935369491577,13.069324766871
RUS,1999,national,consumption,4.380020282491321,1.628647923469543,10.411399536896
RUS,2000,national,consumption,3.929416179252121,1.601193189620972,11.409687429579
RUS,2001,national,consumption,3.458009475080798,1.586078405380249,12.842705067447
RUS,2002,national,consumption,3.095439666038539,1.573248386383057,14.230919715732
RUS,2003,national,consumption,3.001245171730759,1.680146336555481,15.674859613218
RUS,2004,national,consumption,2.823099194443463,1.704232335090637,16.902879973209
RUS,2005,national,consumption,2.609734445475845,1.732732772827148,18.590595351281
RUS,2006,national,consumption,2.367985398432401,1.711998343467712,20.243348502248
RUS,2007,national,consumption,2.0805139923203,1.74428117275238,23.474907245979
RUS,2008,national,consumption,1.829789798005434,1.697472095489502,25.975233909432
RUS,2009,national,consumption,1.83654480865011,1.625436663627625,24.78144036747
RUS,2010,national,consumption,1.711103451714304,1.628965616226196,26.655919977529
RUS,2011,national,consumption,1.639614022553356,1.62192714214325,27.697958153705
RUS,2012,national,consumption,1.587186194552757,1.652024030685425,29.143821966677
RUS,2013,national,consumption,1.551470920901689,1.649503111839294,29.769226202582
RUS,2014,national,consumption,1.542991955996583,1.610743999481201,29.229467423977
RUS,2015,national,consumption,1.607976997642143,1.545131921768188,26.905666800329
RUS,2016,national,consumption,1.630858753385919,1.522779107093811,26.144394037663
RUS,2017,national,consumption,1.632796771381557,1.527740001678467,26.198434436465
RUS,2018,national,consumption,1.611652783712485,1.527746438980103,26.542256700462
RUS,2019,national,consumption,1.553035465639929,1.532707095146179,27.633496074205
RUS,2020,national,consumption,1.574994703068276,1.477488160133362,26.266544981829
RUS,2021,national,income,1.153812546724567,1.585156321525574,38.467581164758
RUS,2022,national,income,1.131623029708862,1.537676692008972,38.04707717895508
RUS,2023,national,income,1.059816598892212,1.537606716156006,40.62305450439453
RUS,2024,national,income,1.021198153495789,1.537686944007874,42.1614875793457
RUS,2025,national,income,1.001646995544434,1.537662148475647,42.98374557495117
RWA,1981,national,consumption,20.80085182189941,1.998788118362427,2.690566062927246
RWA,1982,national,consumption,21.01678466796875,1.998695731163025,2.66279935836792
RWA,1983,national,consumption,20.65441703796387,1.998592138290405,2.709375858306885
RWA,1984,national,consumption,21.78485870361328,1.998633861541748,2.56883692741394
RWA,1985,national,consumption,21.64054489135742,1.998475909233093,2.585763216018677
RWA,1986,national,consumption,21.34343528747559,1.998694062232971,2.622044324874878
RWA,1987,national,consumption,21.83824729919434,1.998534202575684,2.562428951263428
RWA,1988,national,consumption,21.65108108520508,1.998371481895447,2.584369897842407
RWA,1989,national,consumption,22.12439155578613,1.998407125473022,2.52912712097168
RWA,1990,national,consumption,22.90991973876953,1.9981369972229,2.442079067230225
RWA,1991,national,consumption,23.62500190734863,1.995954155921936,2.365575075149536
RWA,1992,national,consumption,23.04050254821777,1.997216939926147,2.427120447158813
RWA,1993,national,consumption,24.98939895629883,1.991321682929993,2.231226444244385
RWA,1994,national,consumption,34.44448471069336,1.948693752288818,1.584097623825073
RWA,1995,national,consumption,24.60405540466309,1.992645382881165,2.267677783966064
RWA,1996,national,consumption,25.39209938049316,1.989827036857605,2.19419264793396
RWA,1997,national,consumption,25.64674949645996,1.988551497459412,2.171013593673706
RWA,1998,national,consumption,24.90642166137695,1.99134373664856,2.23868465423584
RWA,1999,national,consumption,24.33806991577148,1.993551135063171,2.293502807617188
RWA,2000,national,consumption,23.16945648193359,1.99734103679657,2.413761854171753
RWA,2001,national,consumption,22.13665771484375,2.018848896026611,2.553581953048706
RWA,2002,national,consumption,20.55973815917969,2.054097175598145,2.797444343566895
RWA,2003,national,consumption,20.95222663879395,2.089499473571777,2.792351722717285
RWA,2004,national,consumption,20.5777587890625,2.128947973251343,2.896843194961548
RWA,2005,national,consumption,19.92761039733887,2.117301225662231,2.974989652633667
RWA,2006,national,consumption,19.2673454284668,2.132452964782715,3.098957300186157
RWA,2007,national,consumption,18.5256462097168,2.081915855407715,3.146645784378052
RWA,2008,national,consumption,17.65679359436035,2.023300409317017,3.20853328704834
RWA,2009,national,consumption,16.97771263122559,1.968019723892212,3.245699405670166
RWA,2010,national,consumption,16.26363372802734,1.910161137580872,3.28859543800354
RWA,2011,national,consumption,15.54817676544189,1.857013583183289,3.344210863113403
RWA,2012,national,consumption,14.81737804412842,1.817485570907593,3.43445348739624
RWA,2013,national,consumption,14.40403938293457,1.790923833847046,3.481375217437744
RWA,2014,national,consumption,14.01660346984863,1.769200801849365,3.534210205078125
RWA,2015,national,consumption,13.72752094268799,1.765651822090149,3.601396799087524
RWA,2016,national,consumption,13.70086860656738,1.751447796821594,3.579374313354492
RWA,2017,national,consumption,13.78668880462646,1.746158838272095,3.546351671218872
RWA,2018,national,consumption,13.22741794586182,1.74607241153717,3.696112632751465
RWA,2019,national,consumption,12.61086654663086,1.746027708053589,3.876718282699585
RWA,2020,national,consumption,13.11864471435547,1.746143698692322,3.726911067962646
RWA,2021,national,consumption,12.38508033752441,1.74611485004425,3.947589635848999
RWA,2022,national,consumption,11.90068244934082,1.746091485023499,4.108214855194092
RWA,2023,national,consumption,11.42919445037842,1.746055483818054,4.277602672576904
RWA,2024,national,consumption,11.09933662414551,1.745952844619751,4.404468536376953
RWA,2025,national,consumption,10.69045734405518,1.745916485786438,4.572831630706787
SAU,1981,national,,1.496624946594238,2.132287263870239,39.8924560546875
SAU,1982,national,,1.493242144584656,2.167636394500732,40.64566421508789
SAU,1983,national,,1.463216304779053,2.16046404838562,41.34248352050781
SAU,1984,national,,1.427136659622192,2.160440683364868,42.38720703125
SAU,1985,national,,1.393227577209473,2.151299715042114,43.23514175415039
SAU,1986,national,,1.367812395095825,2.170376777648926,44.42900848388672
SAU,1987,national,,1.327402472496033,2.19279670715332,46.25447845458984
SAU,1988,national,,1.248824954032898,2.121755838394165,47.57205200195313
SAU,1989,national,,1.210408210754395,2.113552093505859,48.89214706420898
SAU,1990,national,,1.197982668876648,2.109210252761841,49.29777908325195
SAU,1991,national,,1.199968338012695,2.127433776855469,49.64142990112305
SAU,1992,national,,1.204667806625366,2.152277946472168,50.02523040771484
SAU,1993,national,,1.258595585823059,2.234933614730835,49.72061157226563
SAU,1994,national,,1.22137176990509,2.207353830337524,50.60367965698242
SAU,1995,national,,1.192130208015442,2.189465522766113,51.42478179931641
SAU,1996,national,,1.189279556274414,2.214619636535645,52.14026641845703
SAU,1997,national,,1.198803067207336,2.280360221862793,53.26152801513672
SAU,1998,national,,1.210111260414124,2.360380887985229,54.61536026000977
SAU,1999,national,,1.155880689620972,2.313583135604858,56.04413223266602
SAU,2000,national,,1.132245898246765,2.305874347686768,57.02337265014648
SAU,2001,national,,1.140905141830444,2.34704327583313,57.60094451904297
SAU,2002,national,,1.129328727722168,2.353925704956055,58.36203002929688
SAU,2003,national,,1.139819979667664,2.411402225494385,59.23677825927734
SAU,2004,national,,1.143701553344727,2.438053131103516,59.68819808959961
SAU,2005,national,,1.135640740394592,2.461805820465088,60.69750595092773
SAU,2006,national,,1.120078682899475,2.466006517410278,61.64583206176758
SAU,2007,national,,1.080879807472229,2.445630550384521,63.3536262512207
SAU,2008,national,,1.110014200210571,2.492559671401978,62.87457656860352
SAU,2009,national,,1.073621869087219,2.406819343566895,62.76971817016602
SAU,2010,national,,1.108794093132019,2.475446701049805,62.51161193847656
SAU,2011,national,,1.120316624641418,2.479135513305664,61.96087265014648
SAU,2012,national,,1.158023834228516,2.556088447570801,61.80397415161133
SAU,2013,national,,1.142036318778992,2.538648843765259,62.24160003662109
SAU,2014,national,,1.162987470626831,2.615633726119995,62.97380447387695
SAU,2015,national,,1.122166514396667,2.596498489379883,64.78713989257813
SAU,2016,national,,1.115796446800232,2.630395412445068,66.00762176513672
SAU,2017,national,,1.122286438941956,2.677948713302612,66.81232452392578
SAU,2018,national,,1.092122197151184,2.666604995727539,68.36683654785156
SAU,2019,national,,1.038674831390381,2.617498636245728,70.56102752685547
SAU,2020,national,,.8649140000343323,2.236176729202271,72.39210510253906
SAU,2021,national,,.8297843337059021,2.172513484954834,73.30866241455078
SAU,2022,national,,1.06429922580719,2.745012044906616,72.21685028076172
SAU,2023,national,,1.006985545158386,2.637865304946899,73.34785461425781
SAU,2024,national,,.9825437068939209,2.606427907943726,74.27657318115234
SAU,2025,national,,.9767363667488098,2.607769250869751,74.75665283203125
SDN,1981,national,consumption,8.229494094848633,1.528915643692017,5.201976776123047
SDN,1982,national,consumption,8.104835510253906,1.528974175453186,5.28218936920166
SDN,1983,national,consumption,8.165413856506348,1.528975605964661,5.243006229400635
SDN,1984,national,consumption,8.590131759643555,1.528974890708923,4.983776569366455
SDN,1985,national,consumption,9.096712112426758,1.528952836990356,4.706170558929443
SDN,1986,national,consumption,8.882798194885254,1.529041647911072,4.819783687591553
SDN,1987,national,consumption,8.184055328369141,1.528918147087097,5.230867385864258
SDN,1988,national,consumption,8.27452564239502,1.528979301452637,5.173882007598877
SDN,1989,national,consumption,7.85280179977417,1.528942704200745,5.451607704162598
SDN,1990,national,consumption,8.264655113220215,1.528913021087646,5.179836750030518
SDN,1991,national,consumption,7.966423034667969,1.528956413269043,5.373902320861816
SDN,1992,national,consumption,7.720594882965088,1.528971314430237,5.545064449310303
SDN,1993,national,consumption,7.588332653045654,1.528980016708374,5.641745567321777
SDN,1994,national,consumption,7.667025089263916,1.528948664665222,5.583725452423096
SDN,1995,national,consumption,7.498350143432617,1.5290207862854,5.709600448608398
SDN,1996,national,consumption,7.317248821258545,1.528932929039001,5.850576400756836
SDN,1997,national,consumption,6.597210884094238,1.528938770294189,6.48914909362793
SDN,1998,national,consumption,6.515047073364258,1.528956770896912,6.571063995361328
SDN,1999,national,consumption,6.491077899932861,1.528921246528625,6.595175266265869
SDN,2000,national,consumption,6.341599464416504,1.528962731361389,6.750813484191895
SDN,2001,national,consumption,6.189104557037354,1.528926968574524,6.91698694229126
SDN,2002,national,consumption,6.059880256652832,1.528919339179993,7.064453125
SDN,2003,national,consumption,5.916262149810791,1.529004454612732,7.23634672164917
SDN,2004,national,consumption,5.818941593170166,1.528960347175598,7.357161045074463
SDN,2005,national,consumption,5.708987712860107,1.528973937034607,7.498924732208252
SDN,2006,national,consumption,5.570312023162842,1.528977751731873,7.685633659362793
SDN,2007,national,consumption,5.467241287231445,1.528987765312195,7.830577850341797
SDN,2008,national,consumption,5.440890789031982,1.528995990753174,7.86854362487793
SDN,2009,national,consumption,5.703258514835181,1.537979125976563,7.55066890366
SDN,2010,national,consumption,5.59547758102417,1.513354063034058,7.572885990142822
SDN,2011,national,consumption,5.333133697509766,1.489396333694458,7.819623470306396
SDN,2012,national,consumption,5.57095193862915,1.473713159561157,7.406987190246582
SDN,2013,national,consumption,5.543450832366943,1.45365834236145,7.342435836791992
SDN,2014,national,consumption,5.452413829843302,1.435617327690125,7.372383613257
SDN,2015,national,consumption,5.469904899597168,1.430017828941345,7.320145606994629
SDN,2016,national,consumption,5.455748081207275,1.430006265640259,7.339080810546875
SDN,2017,national,consumption,5.561598300933838,1.430006980895996,7.199404716491699
SDN,2018,national,consumption,5.806163311004639,1.430006265640259,6.896150588989258
SDN,2019,national,consumption,6.017143249511719,1.429993629455566,6.654290676116943
SDN,2020,national,consumption,6.289486885070801,1.430014848709106,6.366245269775391
SDN,2021,national,consumption,6.492811679840088,1.429992079734802,6.166785717010498
SDN,2022,national,consumption,6.660621643066406,1.429983973503113,6.011383533477783
SDN,2023,national,consumption,7.818882942199707,1.429962873458862,5.120803356170654
SDN,2024,national,consumption,9.265071868896484,1.430071473121643,4.321823120117188
SDN,2025,national,consumption,9.111532211303711,1.429968476295471,4.394334316253662
SEN,1981,national,consumption,26.08511734008789,2.512810230255127,2.697273015975952
SEN,1982,national,consumption,25.16615295410156,2.512656688690186,2.795595645904541
SEN,1983,national,consumption,26.69064903259277,2.512877225875854,2.636150360107422
SEN,1984,national,consumption,26.47676658630371,2.512648582458496,2.657203674316406
SEN,1985,national,consumption,26.36462211608887,2.512728452682495,2.668591022491455
SEN,1986,national,consumption,26.32324028015137,2.512418270111084,2.672456502914429
SEN,1987,national,consumption,25.74529838562012,2.512356281280518,2.732381343841553
SEN,1988,national,consumption,26.42252349853516,2.512663125991821,2.662673950195313
SEN,1989,national,consumption,26.23546600341797,2.512751340866089,2.681752920150757
SEN,1990,national,consumption,26.90017318725586,2.512395143508911,2.615115642547607
SEN,1991,national,consumption,26.94340133666992,2.512612581253052,2.611145973205566
SEN,1992,national,consumption,24.32549476623535,2.29463267326355,2.641250133514404
SEN,1993,national,consumption,20.67596244812012,1.989852547645569,2.694717168807983
SEN,1994,national,consumption,17.12126541137695,1.65704357624054,2.709917783737183
SEN,1995,national,consumption,15.33841514587402,1.557905912399292,2.843929052352905
SEN,1996,national,consumption,15.54999256134033,1.568021655082703,2.823448657989502
SEN,1997,national,consumption,15.49052429199219,1.577831745147705,2.852020263671875
SEN,1998,national,consumption,14.7772102355957,1.586072087287903,3.005304574966431
SEN,1999,national,consumption,14.04531955718994,1.599582076072693,3.188841581344604
SEN,2000,national,consumption,13.84359264373779,1.624854803085327,3.286425352096558
SEN,2001,national,consumption,13.70343685150146,1.650274634361267,3.371978044509888
SEN,2002,national,consumption,13.75327301025391,1.643482804298401,3.345932245254517
SEN,2003,national,consumption,13.38696098327637,1.633429527282715,3.416460752487183
SEN,2004,national,consumption,12.80319786071777,1.645708203315735,3.599087476730347
SEN,2005,national,consumption,12.55165195465088,1.654840469360352,3.691588401794434
SEN,2006,national,consumption,12.42119121551514,1.665423274040222,3.754217386245728
SEN,2007,national,consumption,12.45600700378418,1.674608707427979,3.764371871948242
SEN,2008,national,consumption,12.41982364654541,1.683351039886475,3.795048236846924
SEN,2009,national,consumption,12.4701042175293,1.692962884902954,3.801328420639038
SEN,2010,national,consumption,12.45212936401367,1.702080845832825,3.827318429946899
SEN,2011,national,consumption,12.62809467315674,1.710319995880127,3.792255401611328
SEN,2012,national,consumption,12.06090259552002,1.696802616119385,3.939213752746582
SEN,2013,national,consumption,12.15210151672363,1.669945359230042,3.847768306732178
SEN,2014,national,consumption,10.72161102294922,1.645241022109985,4.29662561416626
SEN,2015,national,consumption,9.459166526794434,1.618639349937439,4.79132080078125
SEN,2016,national,consumption,8.399259567260742,1.598425030708313,5.328553199768066
SEN,2017,national,consumption,7.283698081970215,1.5737144947052,6.049674987792969
SEN,2018,national,consumption,6.562625885009766,1.55391526222229,6.629911422729492
SEN,2019,national,consumption,6.355511665344238,1.536609888076782,6.769726753234863
SEN,2020,national,consumption,6.472131252288818,1.507333874702454,6.521089553833008
SEN,2021,national,consumption,6.36028003692627,1.492180585861206,6.569059371948242
SEN,2022,national,consumption,6.343422889709473,1.481473326683044,6.539253711700439
SEN,2023,national,consumption,6.25060510635376,1.481433749198914,6.636180877685547
SEN,2024,national,consumption,6.114863395690918,1.481409907341003,6.783385753631592
SEN,2025,national,consumption,5.89110803604126,1.48142397403717,7.041098117828369
SGP,1981,national,,1.496624946594238,2.132287263870239,39.8924560546875
SGP,1982,national,,1.493242144584656,2.167636394500732,40.64566421508789
SGP,1983,national,,1.463216304779053,2.16046404838562,41.34248352050781
SGP,1984,national,,1.427136659622192,2.160440683364868,42.38720703125
SGP,1985,national,,1.393227577209473,2.151299715042114,43.23514175415039
SGP,1986,national,,1.367812395095825,2.170376777648926,44.42900848388672
SGP,1987,national,,1.327402472496033,2.19279670715332,46.25447845458984
SGP,1988,national,,1.248824954032898,2.121755838394165,47.57205200195313
SGP,1989,national,,1.210408210754395,2.113552093505859,48.89214706420898
SGP,1990,national,,1.197982668876648,2.109210252761841,49.29777908325195
SGP,1991,national,,1.199968338012695,2.127433776855469,49.64142990112305
SGP,1992,national,,1.204667806625366,2.152277946472168,50.02523040771484
SGP,1993,national,,1.258595585823059,2.234933614730835,49.72061157226563
SGP,1994,national,,1.22137176990509,2.207353830337524,50.60367965698242
SGP,1995,national,,1.192130208015442,2.189465522766113,51.42478179931641
SGP,1996,national,,1.189279556274414,2.214619636535645,52.14026641845703
SGP,1997,national,,1.198803067207336,2.280360221862793,53.26152801513672
SGP,1998,national,,1.210111260414124,2.360380887985229,54.61536026000977
SGP,1999,national,,1.155880689620972,2.313583135604858,56.04413223266602
SGP,2000,national,,1.132245898246765,2.305874347686768,57.02337265014648
SGP,2001,national,,1.140905141830444,2.34704327583313,57.60094451904297
SGP,2002,national,,1.129328727722168,2.353925704956055,58.36203002929688
SGP,2003,national,,1.139819979667664,2.411402225494385,59.23677825927734
SGP,2004,national,,1.143701553344727,2.438053131103516,59.68819808959961
SGP,2005,national,,1.135640740394592,2.461805820465088,60.69750595092773
SGP,2006,national,,1.120078682899475,2.466006517410278,61.64583206176758
SGP,2007,national,,1.080879807472229,2.445630550384521,63.3536262512207
SGP,2008,national,,1.110014200210571,2.492559671401978,62.87457656860352
SGP,2009,national,,1.073621869087219,2.406819343566895,62.76971817016602
SGP,2010,national,,1.108794093132019,2.475446701049805,62.51161193847656
SGP,2011,national,,1.120316624641418,2.479135513305664,61.96087265014648
SGP,2012,national,,1.158023834228516,2.556088447570801,61.80397415161133
SGP,2013,national,,1.142036318778992,2.538648843765259,62.24160003662109
SGP,2014,national,,1.162987470626831,2.615633726119995,62.97380447387695
SGP,2015,national,,1.122166514396667,2.596498489379883,64.78713989257813
SGP,2016,national,,1.115796446800232,2.630395412445068,66.00762176513672
SGP,2017,national,,1.122286438941956,2.677948713302612,66.81232452392578
SGP,2018,national,,1.092122197151184,2.666604995727539,68.36683654785156
SGP,2019,national,,1.038674831390381,2.617498636245728,70.56102752685547
SGP,2020,national,,.8649140000343323,2.236176729202271,72.39210510253906
SGP,2021,national,,.8297843337059021,2.172513484954834,73.30866241455078
SGP,2022,national,,1.06429922580719,2.745012044906616,72.21685028076172
SGP,2023,national,,1.006985545158386,2.637865304946899,73.34785461425781
SGP,2024,national,,.9825437068939209,2.606427907943726,74.27657318115234
SGP,2025,national,,.9767363667488098,2.607769250869751,74.75665283203125
SLB,1981,national,consumption,13.90120315551758,1.983591079711914,3.9953773021698
SLB,1982,national,consumption,14.40631008148193,1.983700394630432,3.855505704879761
SLB,1983,national,consumption,14.36631107330322,1.983764052391052,3.866364479064941
SLB,1984,national,consumption,14.69233226776123,1.983805418014526,3.780648946762085
SLB,1985,national,consumption,15.37229824066162,1.983806014060974,3.613420009613037
SLB,1986,national,consumption,15.74200820922852,1.983043670654297,3.527200698852539
SLB,1987,national,consumption,15.21724510192871,1.983731031417847,3.650100231170654
SLB,1988,national,consumption,15.42709636688232,1.983561635017395,3.600141286849976
SLB,1989,national,consumption,15.32019710540771,1.983784437179565,3.625669002532959
SLB,1990,national,consumption,15.41921997070313,1.983625411987305,3.602096080780029
SLB,1991,national,consumption,15.1223087310791,1.983640670776367,3.672847747802734
SLB,1992,national,consumption,14.19455528259277,1.983769536018372,3.913158655166626
SLB,1993,national,consumption,14.10037040710449,1.983713388442993,3.939185619354248
SLB,1994,national,consumption,13.62667274475098,1.983745932579041,4.076188564300537
SLB,1995,national,consumption,12.99788856506348,1.983920216560364,4.27375316619873
SLB,1996,national,consumption,13.11317825317383,1.983549833297729,4.235387802124023
SLB,1997,national,consumption,13.46346187591553,1.983744382858276,4.125598907470703
SLB,1998,national,consumption,13.60699939727783,1.983690977096558,4.081968784332275
SLB,1999,national,consumption,13.91049194335938,1.983562707901001,3.992652177810669
SLB,2000,national,consumption,15.68908977508545,1.983211755752563,3.539397716522217
SLB,2001,national,consumption,16.81417655944824,1.980669617652893,3.298332691192627
SLB,2002,national,consumption,17.36145782470703,1.979111790657043,3.191847801208496
SLB,2003,national,consumption,16.83496856689453,1.980654239654541,3.294233560562134
SLB,2004,national,consumption,16.19125366210938,1.981780290603638,3.427149534225464
SLB,2005,national,consumption,15.60640239715576,1.983380794525146,3.558453798294067
SLB,2006,national,consumption,15.03046035766602,1.95645534992218,3.644648790359497
SLB,2007,national,consumption,14.22080516815186,1.896161079406738,3.733439207077026
SLB,2008,national,consumption,13.03250026702881,1.838446378707886,3.949856042861938
SLB,2009,national,consumption,12.4499454498291,1.780039310455322,4.003318786621094
SLB,2010,national,consumption,11.11036491394043,1.709085822105408,4.307185649871826
SLB,2011,national,consumption,10.59888172149658,1.664428949356079,4.397068500518799
SLB,2012,national,consumption,10.05884075164795,1.588172554969788,4.420870304107666
SLB,2013,national,consumption,9.607064247131348,1.543513536453247,4.498604297637939
SLB,2014,national,consumption,9.772134780883789,1.543521881103516,4.422637939453125
SLB,2015,national,consumption,9.90428638458252,1.5435391664505,4.363676071166992
SLB,2016,national,consumption,9.774347305297852,1.54351270198822,4.421610355377197
SLB,2017,national,consumption,9.803746223449707,1.543526649475098,4.408390998840332
SLB,2018,national,consumption,9.848318099975586,1.543523788452148,4.388431072235107
SLB,2019,national,consumption,9.911932945251465,1.543545722961426,4.360328197479248
SLB,2020,national,consumption,10.30878448486328,1.543524503707886,4.192413330078125
SLB,2021,national,consumption,10.29958820343018,1.543537259101868,4.196191310882568
SLB,2022,national,consumption,10.30088520050049,1.543522357940674,4.195622444152832
SLB,2023,national,consumption,10.25441932678223,1.543457984924316,4.214458465576172
SLB,2024,national,consumption,10.22424507141113,1.543526530265808,4.227084159851074
SLB,2025,national,consumption,10.20851135253906,1.543501257896423,4.233529567718506
SLE,1981,national,consumption,12.5950288772583,1.606467604637146,3.571336984634399
SLE,1982,national,consumption,12.36500072479248,1.60643458366394,3.637700319290161
SLE,1983,national,consumption,12.73724365234375,1.606471419334412,3.531470537185669
SLE,1984,national,consumption,12.57470798492432,1.606402516365051,3.576963424682617
SLE,1985,national,consumption,13.26150131225586,1.606539368629456,3.392006874084473
SLE,1986,national,consumption,13.37337779998779,1.60641074180603,3.363361358642578
SLE,1987,national,consumption,12.97517108917236,1.606533288955688,3.466846942901611
SLE,1988,national,consumption,13.90425205230713,1.606418371200562,3.234961032867432
SLE,1989,national,consumption,14.07686328887939,1.606383442878723,3.195224285125732
SLE,1990,national,consumption,14.14228630065918,1.606412768363953,3.180501222610474
SLE,1991,national,consumption,14.02890396118164,1.606473565101624,3.206327438354492
SLE,1992,national,consumption,15.9823694229126,1.606457352638245,2.814401626586914
SLE,1993,national,consumption,15.80591487884521,1.606522440910339,2.845936298370361
SLE,1994,national,consumption,16.06696510314941,1.606504559516907,2.799665451049805
SLE,1995,national,consumption,17.03720855712891,1.606538414955139,2.640284299850464
SLE,1996,national,consumption,16.8879451751709,1.606582641601563,2.66369366645813
SLE,1997,national,consumption,17.76462745666504,1.606220722198486,2.531670331954956
SLE,1998,national,consumption,17.66700172424316,1.606207728385925,2.545639514923096
SLE,1999,national,consumption,17.97749328613281,1.60601019859314,2.501365661621094
SLE,2000,national,consumption,17.47824096679688,1.606330752372742,2.573328733444214
SLE,2001,national,consumption,19.03007316589355,1.605533599853516,2.362310409545898
SLE,2002,national,consumption,16.76215362548828,1.606471061706543,2.683496952056885
SLE,2003,national,consumption,16.18144035339355,1.606463193893433,2.77978777885437
SLE,2004,national,consumption,15.49015235900879,1.589338779449463,2.872888803482056
SLE,2005,national,consumption,14.95776748657227,1.565490484237671,2.930499792098999
SLE,2006,national,consumption,14.37361907958984,1.541927933692932,3.003695964813232
SLE,2007,national,consumption,13.23927974700928,1.51819896697998,3.210867404937744
SLE,2008,national,consumption,12.60752391815186,1.49541163444519,3.321153879165649
SLE,2009,national,consumption,12.33856678009033,1.470369219779968,3.336719512939453
SLE,2010,national,consumption,11.62103939056396,1.446433067321777,3.485069274902344
SLE,2011,national,consumption,11.05033977639322,1.428378105163574,3.619308329403
SLE,2012,national,consumption,9.18994140625,1.426715493202209,4.346930027008057
SLE,2013,national,consumption,8.750776290893555,1.43353807926178,4.586915016174316
SLE,2014,national,consumption,8.507591247558594,1.438529849052429,4.734458446502686
SLE,2015,national,consumption,9.958866119384766,1.443179130554199,4.057591915130615
SLE,2016,national,consumption,9.414908409118652,1.442906498908997,4.291213512420654
SLE,2017,national,consumption,9.250888824462891,1.443400025367737,4.368791103363037
SLE,2018,national,consumption,9.133582680506953,1.438646912574768,4.410330025376
SLE,2019,national,consumption,8.932524681091309,1.444206833839417,4.52702808380127
SLE,2020,national,consumption,9.157188415527344,1.444188952445984,4.41590690612793
SLE,2021,national,consumption,8.93733024597168,1.444191217422485,4.524545192718506
SLE,2022,national,consumption,8.753900527954102,1.4442058801651,4.619399547576904
SLE,2023,national,consumption,8.54941463470459,1.444185972213745,4.729821681976318
SLE,2024,national,consumption,8.437317848205566,1.444164991378784,4.792591571807861
SLE,2025,national,consumption,8.320619583129883,1.444172501564026,4.85983419418335
SLV,1981,national,income,10.62060070037842,3.683907508850098,9.712201118469238
SLV,1982,national,income,11.46364116668701,3.683732032775879,8.997533798217773
SLV,1983,national,income,11.49999713897705,3.684446334838867,8.970828056335449
SLV,1984,national,income,11.56718826293945,3.68453574180603,8.91893482208252
SLV,1985,national,income,11.72545433044434,3.683628559112549,8.796383857727051
SLV,1986,national,income,11.93640518188477,3.683484554290771,8.640588760375977
SLV,1987,national,income,11.88360595703125,3.685610294342041,8.683987617492676
SLV,1988,national,income,11.8988094329834,3.684720516204834,8.670798301696777
SLV,1989,national,income,12.05482045468107,3.708169460296631,8.613047740944999
SLV,1990,national,income,11.95177555084229,3.761174917221069,8.811485290527344
SLV,1991,national,income,12.29575457439873,3.683027029037476,8.387021208451999
SLV,1992,national,income,10.98283767700195,3.488936901092529,8.894807815551758
SLV,1993,national,income,9.871699333190918,3.244981288909912,9.204035758972168
SLV,1994,national,income,8.894854545593262,2.986751556396484,9.401957511901855
SLV,1995,national,income,8.020763433719081,2.766383409500122,9.657277508856
SLV,1996,national,income,8.245174809735547,2.83509635925293,9.627775965439
SLV,1997,national,income,10.40723896026611,3.611578226089478,9.716716766357422
SLV,1998,national,income,12.6632618526004,4.424055576324463,9.782120623328
SLV,1999,national,income,11.07971798026785,4.040872097015381,10.211849936331
SLV,2000,national,income,7.249450925894366,2.990557432174683,11.55061354466
SLV,2001,national,income,8.001941877004713,3.160336256027222,11.058492721516
SLV,2002,national,income,8.067499548601605,3.213472843170166,11.153051793783
SLV,2003,national,income,9.86398999065063,3.636369943618774,10.322228367874
SLV,2004,national,income,7.332901631721881,2.780333757400513,10.616444353759
SLV,2005,national,income,6.727153594532862,2.594804525375366,10.800188541109
SLV,2006,national,income,5.345784673569536,2.055893898010254,10.768303472316
SLV,2007,national,income,4.670165585765655,1.922044396400452,11.523626030551
SLV,2008,national,income,5.182850528584581,2.057541608810425,11.115729270159
SLV,2009,national,income,5.176589370593565,1.984277963638306,10.732893396966
SLV,2010,national,income,4.979067097654158,1.889200925827026,10.624003412353
SLV,2011,national,income,4.809101528772685,1.781428217887878,10.371997427036
SLV,2012,national,income,4.595398900084234,1.761524438858032,10.733058654463
SLV,2013,national,income,4.284095859577988,1.811414480209351,11.839045440754
SLV,2014,national,income,4.229880713795321,1.745454907417297,11.554164189113
SLV,2015,national,income,3.949865813462206,1.677028059959412,11.888198036496
SLV,2016,national,income,3.952990661445007,1.691582441329956,11.981892448777
SLV,2017,national,income,3.755723225872463,1.613617420196533,12.029983514027
SLV,2018,national,income,3.552758535987602,1.641675233840942,12.938370248458
SLV,2019,national,income,3.250372995633172,1.633732914924622,14.073622258425
SLV,2020,national,income,3.849044799804688,1.762059092521667,12.81815528869629
SLV,2021,national,income,3.828317893061977,1.934192061424255,14.146520220688
SLV,2022,national,income,3.832491672761125,1.948830723762512,14.238063705573
SLV,2023,national,income,3.553385472580554,1.961395978927612,15.455426211547
SLV,2024,national,income,3.415429592132568,1.928555846214294,15.81047439575195
SLV,2025,national,income,3.357021331787109,1.928665041923523,16.08646965026855
SMR,1981,national,,1.496624946594238,2.132287263870239,39.8924560546875
SMR,1982,national,,1.493242144584656,2.167636394500732,40.64566421508789
SMR,1983,national,,1.463216304779053,2.16046404838562,41.34248352050781
SMR,1984,national,,1.427136659622192,2.160440683364868,42.38720703125
SMR,1985,national,,1.393227577209473,2.151299715042114,43.23514175415039
SMR,1986,national,,1.367812395095825,2.170376777648926,44.42900848388672
SMR,1987,national,,1.327402472496033,2.19279670715332,46.25447845458984
SMR,1988,national,,1.248824954032898,2.121755838394165,47.57205200195313
SMR,1989,national,,1.210408210754395,2.113552093505859,48.89214706420898
SMR,1990,national,,1.197982668876648,2.109210252761841,49.29777908325195
SMR,1991,national,,1.199968338012695,2.127433776855469,49.64142990112305
SMR,1992,national,,1.204667806625366,2.152277946472168,50.02523040771484
SMR,1993,national,,1.258595585823059,2.234933614730835,49.72061157226563
SMR,1994,national,,1.22137176990509,2.207353830337524,50.60367965698242
SMR,1995,national,,1.192130208015442,2.189465522766113,51.42478179931641
SMR,1996,national,,1.189279556274414,2.214619636535645,52.14026641845703
SMR,1997,national,,1.198803067207336,2.280360221862793,53.26152801513672
SMR,1998,national,,1.210111260414124,2.360380887985229,54.61536026000977
SMR,1999,national,,1.155880689620972,2.313583135604858,56.04413223266602
SMR,2000,national,,1.132245898246765,2.305874347686768,57.02337265014648
SMR,2001,national,,1.140905141830444,2.34704327583313,57.60094451904297
SMR,2002,national,,1.129328727722168,2.353925704956055,58.36203002929688
SMR,2003,national,,1.139819979667664,2.411402225494385,59.23677825927734
SMR,2004,national,,1.143701553344727,2.438053131103516,59.68819808959961
SMR,2005,national,,1.135640740394592,2.461805820465088,60.69750595092773
SMR,2006,national,,1.120078682899475,2.466006517410278,61.64583206176758
SMR,2007,national,,1.080879807472229,2.445630550384521,63.3536262512207
SMR,2008,national,,1.110014200210571,2.492559671401978,62.87457656860352
SMR,2009,national,,1.073621869087219,2.406819343566895,62.76971817016602
SMR,2010,national,,1.108794093132019,2.475446701049805,62.51161193847656
SMR,2011,national,,1.120316624641418,2.479135513305664,61.96087265014648
SMR,2012,national,,1.158023834228516,2.556088447570801,61.80397415161133
SMR,2013,national,,1.142036318778992,2.538648843765259,62.24160003662109
SMR,2014,national,,1.162987470626831,2.615633726119995,62.97380447387695
SMR,2015,national,,1.122166514396667,2.596498489379883,64.78713989257813
SMR,2016,national,,1.115796446800232,2.630395412445068,66.00762176513672
SMR,2017,national,,1.122286438941956,2.677948713302612,66.81232452392578
SMR,2018,national,,1.092122197151184,2.666604995727539,68.36683654785156
SMR,2019,national,,1.038674831390381,2.617498636245728,70.56102752685547
SMR,2020,national,,.8649140000343323,2.236176729202271,72.39210510253906
SMR,2021,national,,.8297843337059021,2.172513484954834,73.30866241455078
SMR,2022,national,,1.06429922580719,2.745012044906616,72.21685028076172
SMR,2023,national,,1.006985545158386,2.637865304946899,73.34785461425781
SMR,2024,national,,.9825437068939209,2.606427907943726,74.27657318115234
SMR,2025,national,,.9767363667488098,2.607769250869751,74.75665283203125
SOM,1981,national,,15.43258476257324,2.45219349861145,4.449119567871094
SOM,1982,national,,15.74400043487549,2.447144508361816,4.352137088775635
SOM,1983,national,,16.25867462158203,2.446205854415894,4.212751865386963
SOM,1984,national,,16.51710891723633,2.455188035964966,4.162064075469971
SOM,1985,national,,16.44014358520508,2.434727907180786,4.146702289581299
SOM,1986,national,,16.46571731567383,2.427574157714844,4.128097057342529
SOM,1987,national,,16.50854110717773,2.423843860626221,4.111061573028564
SOM,1988,national,,16.46963882446289,2.418776273727417,4.112156867980957
SOM,1989,national,,16.66919898986816,2.438497066497803,4.096052646636963
SOM,1990,national,,16.9778003692627,2.464593410491943,4.064638137817383
SOM,1991,national,,17.51147651672363,2.488823652267456,3.9795081615448
SOM,1992,national,,17.97947120666504,2.4891357421875,3.876409769058228
SOM,1993,national,,18.09845161437988,2.41818642616272,3.741160869598389
SOM,1994,national,,18.43523788452148,2.432491540908813,3.694542169570923
SOM,1995,national,,18.22603416442871,2.446292877197266,3.758151769638062
SOM,1996,national,,17.88777160644531,2.449318408966064,3.83395528793335
SOM,1997,national,,17.72582626342773,2.429167032241821,3.837151288986206
SOM,1998,national,,17.56970405578613,2.395186185836792,3.817094087600708
SOM,1999,national,,17.46051406860352,2.350069284439087,3.768614292144775
SOM,2000,national,,17.55870246887207,2.355127334594727,3.755605936050415
SOM,2001,national,,17.24037742614746,2.326563596725464,3.778558969497681
SOM,2002,national,,16.79763984680176,2.305255889892578,3.842633008956909
SOM,2003,national,,16.32662391662598,2.267175912857056,3.888184547424316
SOM,2004,national,,15.62082767486572,2.277836084365845,4.082972526550293
SOM,2005,national,,15.12381172180176,2.284529209136963,4.229543209075928
SOM,2006,national,,14.45291900634766,2.270381212234497,4.398466110229492
SOM,2007,national,,13.88720703125,2.217665195465088,4.471354484558105
SOM,2008,national,,13.30900287628174,2.16930079460144,4.563859939575195
SOM,2009,national,,13.22936248779297,2.162804841995239,4.577585220336914
SOM,2010,national,,12.67500114440918,2.135701894760132,4.717920780181885
SOM,2011,national,,12.36280918121338,2.106926679611206,4.771888732910156
SOM,2012,national,,12.075927734375,2.086330652236938,4.837496280670166
SOM,2013,national,,11.9029655456543,2.083664655685425,4.901518821716309
SOM,2014,national,,11.7793083190918,2.088650465011597,4.964825630187988
SOM,2015,national,,11.83561134338379,2.094096660614014,4.954092025756836
SOM,2016,national,,11.84766101837158,2.09719181060791,4.956368446350098
SOM,2017,national,,11.82818984985352,2.096800088882446,4.963599681854248
SOM,2018,national,,11.78697872161865,2.094947099685669,4.976552486419678
SOM,2019,national,,11.82617664337158,2.093998432159424,4.95781135559082
SOM,2020,national,,12.24271297454834,2.082663059234619,4.763206005096436
SOM,2021,national,,12.14383125305176,2.07221531867981,4.777901649475098
SOM,2022,national,,11.97817707061768,2.059195995330811,4.813544273376465
SOM,2023,national,,11.86344909667969,2.04393458366394,4.824074745178223
SOM,2024,national,,11.87724781036377,2.05730938911438,4.850000858306885
SOM,2025,national,,11.75783824920654,2.060487031936646,4.906823635101318
SRB,1981,national,consumption,1.685229420661926,1.420614123344421,23.60342979431152
SRB,1982,national,consumption,1.678629875183105,1.420612454414368,23.69619941711426
SRB,1983,national,consumption,1.70502233505249,1.420618176460266,23.32949447631836
SRB,1984,national,consumption,1.687477588653564,1.420604348182678,23.57182312011719
SRB,1985,national,consumption,1.690418243408203,1.420622825622559,23.5311222076416
SRB,1986,national,consumption,1.653996109962463,1.420611619949341,24.04910469055176
SRB,1987,national,consumption,1.675711750984192,1.420617818832397,23.7375545501709
SRB,1988,national,consumption,1.695174932479858,1.42062783241272,23.46517753601074
SRB,1989,national,consumption,1.676686763763428,1.420607447624207,23.72357749938965
SRB,1990,national,consumption,1.816954016685486,1.42061984539032,21.89233016967773
SRB,1991,national,consumption,1.941821336746216,1.420610308647156,20.48442268371582
SRB,1992,national,consumption,2.370915412902832,1.420607209205627,16.77706527709961
SRB,1993,national,consumption,2.970616102218628,1.420619010925293,13.39026355743408
SRB,1994,national,consumption,2.868714570999146,1.420620083808899,13.86591815948486
SRB,1995,national,consumption,2.70861291885376,1.420621275901794,14.68552207946777
SRB,1996,national,consumption,2.595091581344604,1.420618057250977,15.32789993286133
SRB,1997,national,consumption,2.436910629272461,1.420623064041138,16.32289886474609
SRB,1998,national,consumption,2.34228253364563,1.420616388320923,16.98226356506348
SRB,1999,national,consumption,2.51860499382019,1.420626640319824,15.79348373413086
SRB,2000,national,consumption,2.410671710968018,1.420614838600159,16.50046920776367
SRB,2001,national,consumption,2.298666715621948,1.420619606971741,17.30453109741211
SRB,2002,national,consumption,2.204243225798046,1.4085294008255,17.892227684649
SRB,2003,national,consumption,2.512925878318398,1.434317469596863,15.981724525511
SRB,2004,national,consumption,2.81567428636107,1.503434538841248,14.950651994797
SRB,2005,national,consumption,2.732385310090766,1.558814644813538,15.973885983221
SRB,2006,national,consumption,2.525159052829669,1.351812243461609,14.989448718168
SRB,2007,national,consumption,2.44786194315907,1.322926878929138,15.132369848286
SRB,2008,national,consumption,2.33054849987222,1.282835602760315,15.412421906397
SRB,2009,national,consumption,2.402895444022895,1.301835536956787,15.169780233402
SRB,2010,national,consumption,2.522255274238457,1.322787046432495,14.684492457241
SRB,2011,national,consumption,2.494813919067383,1.321524143218994,14.83183860778809
SRB,2012,national,income,5.059910716348686,2.804491996765137,15.519201425715
SRB,2013,national,consumption,2.545007452586926,1.323050141334534,14.55610883609
SRB,2014,national,income,6.330992577965845,3.239231586456299,14.326107792246
SRB,2015,national,consumption,2.227876899694381,1.306313991546631,16.417780084761
SRB,2016,national,income,6.194163983045669,3.324176073074341,15.026552855553
SRB,2017,national,income,5.305556992069557,2.864289045333862,15.116244104873
SRB,2018,national,consumption,2.108175982246486,1.342233896255493,17.827046226818
SRB,2019,national,consumption,2.227772384620493,1.328627705574036,16.699002257529
SRB,2020,national,income,2.532948700669859,1.899758815765381,21.000522765283
SRB,2021,national,income,2.432295771332015,1.902727365493774,21.903736638218
SRB,2022,national,income,2.405552316205216,1.887816786766052,21.973693303753
SRB,2023,national,income,2.316032648086548,1.837540984153748,22.21520805358887
SRB,2024,national,income,2.219793796539307,1.837523579597473,23.17812538146973
SRB,2025,national,income,2.130093336105347,1.837541580200195,24.15441703796387
SSD,1981,national,,15.43258476257324,2.45219349861145,4.449119567871094
SSD,1982,national,,15.74400043487549,2.447144508361816,4.352137088775635
SSD,1983,national,,16.25867462158203,2.446205854415894,4.212751865386963
SSD,1984,national,,16.51710891723633,2.455188035964966,4.162064075469971
SSD,1985,national,,16.44014358520508,2.434727907180786,4.146702289581299
SSD,1986,national,,16.46571731567383,2.427574157714844,4.128097057342529
SSD,1987,national,,16.50854110717773,2.423843860626221,4.111061573028564
SSD,1988,national,,16.46963882446289,2.418776273727417,4.112156867980957
SSD,1989,national,,16.66919898986816,2.438497066497803,4.096052646636963
SSD,1990,national,,16.9778003692627,2.464593410491943,4.064638137817383
SSD,1991,national,,17.51147651672363,2.488823652267456,3.9795081615448
SSD,1992,national,,17.97947120666504,2.4891357421875,3.876409769058228
SSD,1993,national,,18.09845161437988,2.41818642616272,3.741160869598389
SSD,1994,national,,18.43523788452148,2.432491540908813,3.694542169570923
SSD,1995,national,,18.22603416442871,2.446292877197266,3.758151769638062
SSD,1996,national,,17.88777160644531,2.449318408966064,3.83395528793335
SSD,1997,national,,17.72582626342773,2.429167032241821,3.837151288986206
SSD,1998,national,,17.56970405578613,2.395186185836792,3.817094087600708
SSD,1999,national,,17.46051406860352,2.350069284439087,3.768614292144775
SSD,2000,national,,17.55870246887207,2.355127334594727,3.755605936050415
SSD,2001,national,,17.24037742614746,2.326563596725464,3.778558969497681
SSD,2002,national,,16.79763984680176,2.305255889892578,3.842633008956909
SSD,2003,national,,16.32662391662598,2.267175912857056,3.888184547424316
SSD,2004,national,,15.62082767486572,2.277836084365845,4.082972526550293
SSD,2005,national,,15.12381172180176,2.284529209136963,4.229543209075928
SSD,2006,national,,14.45291900634766,2.270381212234497,4.398466110229492
SSD,2007,national,,13.88720703125,2.217665195465088,4.471354484558105
SSD,2008,national,consumption,13.52357482910156,2.339910507202148,4.844687461853027
SSD,2009,national,consumption,13.54883703245051,2.340266227722168,4.836389511011
SSD,2010,national,consumption,13.66747665405273,2.289116859436035,4.689620018005371
SSD,2011,national,consumption,16.73557662963867,2.195713758468628,3.673610210418701
SSD,2012,national,consumption,20.82924270629883,2.107998609542847,2.833706617355347
SSD,2013,national,consumption,19.59618377685547,2.074878692626953,2.964689493179321
SSD,2014,national,consumption,19.76849365234375,2.03104305267334,2.876759767532349
SSD,2015,national,consumption,19.88736343383789,1.989246010780334,2.80071759223938
SSD,2016,national,consumption,22.37799263000488,1.948114275932312,2.437537670135498
SSD,2017,national,consumption,23.66922378540039,1.926661729812622,2.279184579849243
SSD,2018,national,consumption,24.46016502380371,1.920207858085632,2.198097229003906
SSD,2019,national,consumption,24.79990768432617,1.917337894439697,2.16474437713623
SSD,2020,national,consumption,26.32340431213379,1.904287576675415,2.025575876235962
SSD,2021,national,consumption,25.94247436523438,1.907537817955017,2.058826684951782
SSD,2022,national,consumption,27.27044677734375,1.895407199859619,1.946114063262939
SSD,2023,national,consumption,27.33100891113281,1.89491069316864,1.941293120384216
SSD,2024,national,consumption,33.12218475341797,1.841025829315186,1.556320190429688
SSD,2025,national,consumption,34.48353576660156,1.828205466270447,1.484469413757324
STP,1981,national,consumption,5.27036190032959,1.379709124565125,7.330019474029541
STP,1982,national,consumption,5.226909160614014,1.379719734191895,7.391012668609619
STP,1983,national,consumption,5.440042018890381,1.379719734191895,7.101443767547607
STP,1984,national,consumption,5.754634380340576,1.379716753959656,6.713210105895996
STP,1985,national,consumption,5.485034942626953,1.379722714424133,7.043206691741943
STP,1986,national,consumption,5.807964324951172,1.379718780517578,6.651577949523926
STP,1987,national,consumption,6.031219005584717,1.379716992378235,6.405351161956787
STP,1988,national,consumption,6.058258056640625,1.379721879959106,6.376785755157471
STP,1989,national,consumption,6.036185264587402,1.379730224609375,6.400142669677734
STP,1990,national,consumption,6.234290599822998,1.379715085029602,6.196699142456055
STP,1991,national,consumption,6.277617931365967,1.379714965820313,6.153929710388184
STP,1992,national,consumption,6.330701351165771,1.37972104549408,6.102355480194092
STP,1993,national,consumption,6.363080978393555,1.379722714424133,6.071310043334961
STP,1994,national,consumption,6.342804908752441,1.379717826843262,6.090696334838867
STP,1995,national,consumption,6.32668399810791,1.379724502563477,6.106245517730713
STP,1996,national,consumption,6.32808780670166,1.37972366809845,6.104887008666992
STP,1997,national,consumption,6.347185611724854,1.379729390144348,6.086543560028076
STP,1998,national,consumption,6.295650959014893,1.379720568656921,6.136327266693115
STP,1999,national,consumption,6.239580154418945,1.379722476005554,6.191479206085205
STP,2000,national,consumption,6.26816987991333,1.3797208070755,6.163231372833252
STP,2001,national,consumption,6.284525394439697,1.381098866462708,6.153331279754639
STP,2002,national,consumption,6.402751445770264,1.383134961128235,6.048614978790283
STP,2003,national,consumption,6.31810998916626,1.384470105171204,6.135563373565674
STP,2004,national,consumption,6.427979946136475,1.383853554725647,6.028005599975586
STP,2005,national,consumption,6.399545192718506,1.381531000137329,6.044627666473389
STP,2006,national,consumption,6.273592948913574,1.377722859382629,6.14898681640625
STP,2007,national,consumption,6.36485767364502,1.372759342193604,6.038981914520264
STP,2008,national,consumption,6.338395595550537,1.365377068519592,6.031582832336426
STP,2009,national,consumption,6.433928489685059,1.357314109802246,5.90693473815918
STP,2010,national,consumption,6.612398950149326,1.34865403175354,5.710834091009
STP,2011,national,consumption,6.542433738708496,1.394288778305054,5.967211723327637
STP,2012,national,consumption,6.839536666870117,1.432723760604858,5.865348339080811
STP,2013,national,consumption,6.402855396270752,1.48568332195282,6.496965885162354
STP,2014,national,consumption,6.048365116119385,1.526570677757263,7.067030429840088
STP,2015,national,consumption,6.260981559753418,1.578922510147095,7.061166286468506
STP,2016,national,consumption,5.87675142288208,1.627005338668823,7.751927375793457
STP,2017,national,consumption,5.682273104944659,1.650755405426025,8.134271321967001
STP,2018,national,consumption,5.554553985595703,1.666461110115051,8.400478363037109
STP,2019,national,consumption,5.535902976989746,1.666479825973511,8.428874969482422
STP,2020,national,consumption,5.508273601531982,1.666465759277344,8.47108268737793
STP,2021,national,consumption,5.515243053436279,1.666491985321045,8.460511207580566
STP,2022,national,consumption,5.583725929260254,1.666467547416687,8.356622695922852
STP,2023,national,consumption,5.647532939910889,1.666475653648376,8.262248039245605
STP,2024,national,consumption,5.688568115234375,1.666465759277344,8.202598571777344
STP,2025,national,consumption,5.646123886108398,1.666470289230347,8.264283180236816
SUR,1981,national,consumption,2.424738645553589,1.687200903892517,19.48318290710449
SUR,1982,national,consumption,2.503207206726074,1.687235951423645,18.87283134460449
SUR,1983,national,consumption,2.583806276321411,1.687196373939514,18.28368377685547
SUR,1984,national,consumption,2.635173559188843,1.687223315238953,17.92756843566895
SUR,1985,national,consumption,2.621586561203003,1.687221765518188,18.02046585083008
SUR,1986,national,consumption,2.632218837738037,1.687220692634583,17.94766426086426
SUR,1987,national,consumption,2.773610830307007,1.687211155891418,17.03263854980469
SUR,1988,national,consumption,2.655115842819214,1.687225818634033,17.79294204711914
SUR,1989,national,consumption,2.607253789901733,1.687211036682129,18.11941337585449
SUR,1990,national,consumption,2.710571765899658,1.687229752540588,17.428955078125
SUR,1991,national,consumption,2.671746969223022,1.687230348587036,17.68223190307617
SUR,1992,national,consumption,2.675849676132202,1.687211036682129,17.6549186706543
SUR,1993,national,consumption,2.815632820129395,1.687224149703979,16.778564453125
SUR,1994,national,consumption,2.76416277885437,1.687210440635681,17.09085083007813
SUR,1995,national,consumption,2.797125577926636,1.687217593193054,16.8895149230957
SUR,1996,national,consumption,2.819280862808228,1.687216401100159,16.75677680969238
SUR,1997,national,consumption,2.751474857330322,1.687215209007263,17.16971015930176
SUR,1998,national,consumption,2.747408866882324,1.687213659286499,17.19510459899902
SUR,1999,national,consumption,2.814555883407593,1.687229156494141,16.7850341796875
SUR,2000,national,consumption,2.814235210418701,1.687226891517639,16.78692436218262
SUR,2001,national,consumption,2.77391505241394,1.68719494342804,17.03060722351074
SUR,2002,national,consumption,2.759787559509277,1.687214016914368,17.11798095703125
SUR,2003,national,consumption,2.680419445037842,1.687209725379944,17.62480545043945
SUR,2004,national,consumption,2.556667566299438,1.68722677230835,18.47809600830078
SUR,2005,national,consumption,2.496973752975464,1.687232136726379,18.91990280151367
SUR,2006,national,consumption,2.418289661407471,1.687216758728027,19.53532218933105
SUR,2007,national,consumption,2.353702306747437,1.687219023704529,20.07141304016113
SUR,2008,national,consumption,2.306310176849365,1.687214016914368,20.48379898071289
SUR,2009,national,consumption,2.277364015579224,1.687203645706177,20.74402809143066
SUR,2010,national,consumption,2.216038703918457,1.687233686447144,21.3184642791748
SUR,2011,national,consumption,2.146295309066772,1.687202572822571,22.01079750061035
SUR,2012,national,consumption,2.123573303222656,1.687195181846619,22.24621391296387
SUR,2013,national,consumption,2.097464799880981,1.687216520309448,22.52341079711914
SUR,2014,national,consumption,2.110041856765747,1.687208414077759,22.38905143737793
SUR,2015,national,consumption,2.177911758422852,1.687201499938965,21.69125556945801
SUR,2016,national,consumption,2.271785020828247,1.687202095985413,20.79495048522949
SUR,2017,national,consumption,2.263119459152222,1.687239289283752,20.87503623962402
SUR,2018,national,consumption,2.202484846115112,1.687218904495239,21.4494686126709
SUR,2019,national,consumption,2.200590848922729,1.687207341194153,21.46778297424316
SUR,2020,national,consumption,2.495326995849609,1.687207818031311,18.93211555480957
SUR,2021,national,consumption,2.554632186889648,1.687220335006714,18.49274826049805
SUR,2022,national,consumption,2.535347498825268,1.692830324172974,18.695365860215
SUR,2023,national,consumption,2.49927282333374,1.687214493751526,18.90229988098145
SUR,2024,national,consumption,2.474895238876343,1.687211513519287,19.08845329284668
SUR,2025,national,consumption,2.437045335769653,1.687219381332397,19.38500785827637
SVK,1981,national,,4.022099018096924,2.127710103988647,14.81213760375977
SVK,1982,national,,4.021931171417236,2.1243577003479,14.78941631317139
SVK,1983,national,,3.972891807556152,2.129438638687134,15.00777912139893
SVK,1984,national,,3.99956226348877,2.155197143554688,15.08803081512451
SVK,1985,national,income,1.54748547077179,1.141994476318359,20.66309928894043
SVK,1986,national,income,1.493509411811829,1.141994595527649,21.40987396240234
SVK,1987,national,income,1.465849637985229,1.141994595527649,21.81386756896973
SVK,1988,national,income,1.444311499595642,1.141994595527649,22.13916397094727
SVK,1989,national,income,1.435804963111877,1.141994595527649,22.27032852172852
SVK,1990,national,income,1.477577328681946,1.141994595527649,21.64072799682617
SVK,1991,national,income,1.730993986129761,1.141994714736938,18.47253799438477
SVK,1992,national,income,1.858546484758423,1.144893288612366,17.248431867482
SVK,1993,national,income,1.977049589157104,1.218335628509521,17.25469970703125
SVK,1994,national,income,2.149891138076782,1.332369565963745,17.35266876220703
SVK,1995,national,income,2.276664733886719,1.418924808502197,17.45092010498047
SVK,1996,national,income,2.497834097816037,1.574840903282166,17.653512308792
SVK,1997,national,income,2.380709171295166,1.534286260604858,18.0450496673584
SVK,1998,national,income,2.298951387405396,1.532283425331116,18.66239356994629
SVK,1999,national,income,2.301523685455322,1.528736114501953,18.59837913513184
SVK,2000,national,income,2.227107048034668,1.507083415985107,18.94760131835938
SVK,2001,national,income,2.13996434211731,1.504447221755981,19.68468475341797
SVK,2002,national,income,2.034803152084351,1.490192174911499,20.50585556030273
SVK,2003,national,income,2.007001161575317,1.47896134853363,20.63323020935059
SVK,2004,national,consumption,2.369750819269324,1.300191640853882,15.362528925957
SVK,2005,national,consumption,2.098881828666743,1.326421499252319,17.695041976204
SVK,2006,national,consumption,1.807128699978297,1.263540506362915,19.577540099045
SVK,2007,national,consumption,1.783356880491951,1.268574118614197,19.917536122707
SVK,2008,national,consumption,1.728099193106604,1.248950242996216,20.236457548262
SVK,2009,national,consumption,1.851564448266575,1.231055855751038,18.616452961246
SVK,2010,national,income,1.542899742637123,1.467310667037964,26.62823674012
SVK,2011,national,income,1.451329898997985,1.432429671287537,27.635364474231
SVK,2012,national,income,1.560904333664377,1.413662433624268,25.358728404803
SVK,2013,national,income,1.568843370722765,1.457962393760681,26.02104705804
SVK,2014,national,income,1.883896805793626,1.707075715065002,25.371941001897
SVK,2015,national,income,1.609153513647305,1.488610744476318,25.902500682778
SVK,2016,national,income,2.427972363746126,2.27208685874939,26.202289646979
SVK,2017,national,income,1.414342147836978,1.365046858787537,27.024092874654
SVK,2018,national,income,1.377409762972613,1.404518246650696,28.551061707584
SVK,2019,national,income,1.222368561235172,1.278224468231201,29.279455391923
SVK,2020,national,income,1.30213084874782,1.306710600852966,28.098478846163
SVK,2021,national,income,1.31673618605833,1.313498258590698,27.931145493947
SVK,2022,national,income,1.668810886517294,1.508128762245178,25.304008499833
SVK,2023,national,income,1.665575623512268,1.459364771842957,24.53338813781738
SVK,2024,national,income,1.627771139144897,1.459376454353333,25.10336875915527
SVK,2025,national,income,1.589444160461426,1.459357380867004,25.7083625793457
SVN,1981,national,income,.765362560749054,1.188900828361511,43.49471282958984
SVN,1982,national,income,.7800351977348328,1.188919425010681,42.6772346496582
SVN,1983,national,income,.7832487225532532,1.188894748687744,42.50125503540039
SVN,1984,national,income,.7757087349891663,1.188889741897583,42.91419219970703
SVN,1985,national,income,.7752059102058411,1.188907504081726,42.94266891479492
SVN,1986,national,income,.7583595514297485,1.188902497291565,43.89641952514648
SVN,1987,national,income,.7684618420620981,1.190333485603333,43.371492233213
SVN,1988,national,income,.8620786070823669,1.207162380218506,39.20819473266602
SVN,1989,national,income,.9043908715248108,1.221448183059692,37.81611633300781
SVN,1990,national,income,1.227597951889038,1.235970020294189,28.19095611572266
SVN,1991,national,income,1.336195349693298,1.290040969848633,27.03283500671387
SVN,1992,national,income,1.473240733146667,1.290061235427856,24.51854133605957
SVN,1993,national,income,1.368316378296017,1.282374143600464,26.241355243627
SVN,1994,national,income,1.314429998397827,1.265797138214111,26.96402168273926
SVN,1995,national,income,1.228896617889404,1.258623361587524,28.67731285095215
SVN,1996,national,income,1.191132664680481,1.245728015899658,29.28337478637695
SVN,1997,national,income,1.161875028655427,1.239603877067566,29.873186382462
SVN,1998,national,consumption,1.21359157003826,1.277686238288879,29.478794008762
SVN,1999,national,income,1.156689802578459,1.240721225738525,30.034150344134
SVN,2000,national,consumption,1.199010252952576,1.295422434806824,30.25147438049316
SVN,2001,national,consumption,1.19617486000061,1.306950688362122,30.5930347442627
SVN,2002,national,consumption,1.196898226655746,1.321833848953247,30.922718819678
SVN,2003,national,consumption,1.246790325828188,1.359376311302185,30.528417223516
SVN,2004,national,income,.9464460800852509,1.263691425323486,37.38549995961
SVN,2005,national,income,.9303229109162603,1.285955786705017,38.70351033272
SVN,2006,national,income,.8717029594337339,1.247503876686096,40.071112705547
SVN,2007,national,income,.8261334698445096,1.24396026134491,42.161331661608
SVN,2008,national,income,.7839095604864075,1.215520262718201,43.416445808355
SVN,2009,national,income,.7947351917532955,1.240386247634888,43.701116113015
SVN,2010,national,income,.7968152505519297,1.245370030403137,43.762166075715
SVN,2011,national,income,.8015577124959493,1.242084383964539,43.38846810268
SVN,2012,national,income,.8519259711429256,1.265645503997803,41.597599266402
SVN,2013,national,income,.8687728470251342,1.283759951591492,41.374770859212
SVN,2014,national,income,.8324250915886251,1.260317325592041,42.392865232902
SVN,2015,national,income,.8241070308874044,1.252413511276245,42.552214542949
SVN,2016,national,income,.7901125808371303,1.236912727355957,43.833697492165
SVN,2017,national,income,.7628784786558405,1.222265720367432,44.860934533506
SVN,2018,national,income,.7204676537508692,1.22699499130249,47.685501220223
SVN,2019,national,income,.7028374924486986,1.222648620605469,48.708501305883
SVN,2020,national,income,.6647917343570325,1.21356463432312,51.113466927705
SVN,2021,national,income,.6369634660397407,1.22402548789978,53.806404267644
SVN,2022,national,income,.6379161493957988,1.226561307907104,53.837352994627
SVN,2023,national,income,.6290509104728699,1.220227241516113,54.31414794921875
SVN,2024,national,income,.6203305721282959,1.220223426818848,55.07749938964844
SVN,2025,national,income,.6087245941162109,1.220228672027588,56.12784957885742
SWE,1981,national,income,1.252934573211792,1.444194793701172,32.274195486432
SWE,1982,national,income,1.205923080444336,1.397879838943481,32.45699310302734
SWE,1983,national,income,1.185570478439331,1.326756715774536,31.33444213867188
SWE,1984,national,income,1.144571423530579,1.319543719291687,32.28039932250977
SWE,1985,national,income,1.068155288696289,1.248865842819214,32.73704147338867
SWE,1986,national,income,1.033394455909729,1.243211507797241,33.68502807617188
SWE,1987,national,income,1.010374941571287,1.251446723937988,34.680698719392
SWE,1988,national,income,.9527178406715393,1.255469083786011,36.89773941040039
SWE,1989,national,income,.9244264364242554,1.269513010978699,38.45234680175781
SWE,1990,national,income,.9106770157814026,1.278632760047913,39.31329727172852
SWE,1991,national,income,.8899943232536316,1.288175821304321,40.52713775634766
SWE,1992,national,income,.8901314968735443,1.305966377258301,41.080513678299
SWE,1993,national,income,.9373793005943298,1.309908866882324,39.12764739990234
SWE,1994,national,income,.960644006729126,1.339337348937988,39.03781890869141
SWE,1995,national,income,.999501937151825,1.383692026138306,38.762681625744
SWE,1996,national,income,.9539879560470581,1.34106719493866,39.36095809936523
SWE,1997,national,income,.9265991449356079,1.334724903106689,40.33275604248047
SWE,1998,national,income,.8807254433631897,1.304000020027161,41.45673370361328
SWE,1999,national,income,.8445839285850525,1.297168374061584,43.00426864624023
SWE,2000,national,income,.8087860195948845,1.302963495254517,45.108317875128
SWE,2001,national,income,.7988208931495562,1.329735994338989,46.609454936179
SWE,2002,national,income,.7527649919550496,1.283092498779297,47.726169349436
SWE,2003,national,income,1.033204038902687,1.619760274887085,43.89577044399
SWE,2004,national,income,1.109918031570807,1.786338090896606,45.06410771114
SWE,2005,national,income,1.552127609697674,2.522885084152222,45.512224750315
SWE,2006,national,income,.9876824786280677,1.70093309879303,48.220080182936
SWE,2007,national,income,1.048532506117211,1.913969278335571,51.110612730389
SWE,2008,national,income,1.15582777195407,2.179563999176025,52.800074901711
SWE,2009,national,income,1.003032987323034,1.90332043170929,53.131823632473
SWE,2010,national,income,1.064229418641309,2.050787448883057,53.956457155503
SWE,2011,national,income,1.053712745328137,2.051641702651978,54.517674267924
SWE,2012,national,income,1.01034122669998,2.013314247131348,55.795804195338
SWE,2013,national,income,1.145292415297692,2.341874361038208,57.253919810738
SWE,2014,national,income,.9270281952268222,1.940470814704895,58.61006505929
SWE,2015,national,income,.8540724281885951,1.849562883377075,60.636265146482
SWE,2016,national,income,.8526756116627664,1.875504612922668,61.587463203988
SWE,2017,national,income,.7390466205377951,1.624501705169678,61.546924531413
SWE,2018,national,income,1.217248766928243,2.705422163009644,62.231997330078
SWE,2019,national,income,.8337346376755469,1.889509201049805,63.456949856823
SWE,2020,national,income,.8853645913192006,2.044998407363892,64.67386991485201
SWE,2021,national,income,1.067141334670477,2.466140031814575,64.70738392990199
SWE,2022,national,income,1.425797712534701,3.307542324066162,64.95394295043
SWE,2023,national,income,1.399698376655579,3.059984445571899,61.2128791809082
SWE,2024,national,income,1.399576663970947,3.060198783874512,61.22248840332031
SWE,2025,national,income,1.394046187400818,3.069227457046509,61.6467170715332
SWZ,1981,national,consumption,52.50250625610352,2.446542024612427,1.304760098457336
SWZ,1982,national,consumption,52.95807647705078,2.442785501480103,1.291549801826477
SWZ,1983,national,consumption,53.40085983276367,2.408958196640015,1.263103842735291
SWZ,1984,national,consumption,52.82004165649414,2.446939945220947,1.297127246856689
SWZ,1985,national,consumption,52.80460357666016,2.426790237426758,1.286822080612183
SWZ,1986,national,consumption,51.1848258972168,2.497155427932739,1.366036772727966
SWZ,1987,national,consumption,49.1174430847168,2.56098198890686,1.459919095039368
SWZ,1988,national,consumption,48.74759292602539,2.550545930862427,1.465001225471497
SWZ,1989,national,consumption,47.18061065673828,2.598466873168945,1.542096853256226
SWZ,1990,national,consumption,44.04736328125,2.692466974258423,1.711545705795288
SWZ,1991,national,consumption,44.50463104248047,2.690602540969849,1.692787170410156
SWZ,1992,national,consumption,44.63553237915039,2.675532817840576,1.678369522094727
SWZ,1993,national,consumption,44.60498428344727,2.687801599502563,1.687220573425293
SWZ,1994,national,consumption,44.12041473388672,2.680324077606201,1.701005578041077
SWZ,1995,national,consumption,37.87590408325195,2.685590505599976,1.985339641571045
SWZ,1996,national,consumption,28.97711372375488,2.593871355056763,2.506405591964722
SWZ,1997,national,consumption,24.17960739135742,2.518501996994019,2.91642689704895
SWZ,1998,national,consumption,20.71746253967285,2.431391000747681,3.286065816879272
SWZ,1999,national,consumption,17.20487213134766,2.34603214263916,3.818040609359741
SWZ,2000,national,consumption,15.77950477600098,2.248185396194458,3.989300966262817
SWZ,2001,national,consumption,15.20367813110352,2.19270133972168,4.038209438323975
SWZ,2002,national,consumption,15.17712497711182,2.20644211769104,4.070624828338623
SWZ,2003,national,consumption,15.18038177490234,2.224909067153931,4.103813171386719
SWZ,2004,national,consumption,15.17928791046143,2.239426851272583,4.130888938903809
SWZ,2005,national,consumption,15.09852981567383,2.255311727523804,4.182442188262939
SWZ,2006,national,consumption,15.02135467529297,2.273830413818359,4.238449573516846
SWZ,2007,national,consumption,14.9830493927002,2.288711547851563,4.277094841003418
SWZ,2008,national,consumption,15.07437419891357,2.291440486907959,4.256251811981201
SWZ,2009,national,consumption,15.14252758026123,2.297638416290283,4.248556137084961
SWZ,2010,national,consumption,14.31479454040527,2.321591377258301,4.541075229644775
SWZ,2011,national,consumption,13.84282779693604,2.354325771331787,4.76211404800415
SWZ,2012,national,consumption,12.44348812103271,2.381595849990845,5.359002590179443
SWZ,2013,national,consumption,11.66133785247803,2.412575006484985,5.792826175689697
SWZ,2014,national,consumption,11.48970794677734,2.437710285186768,5.940611362457275
SWZ,2015,national,consumption,11.41193294525146,2.46325945854187,6.043784618377686
SWZ,2016,national,consumption,10.83466053009033,2.48845100402832,6.430901050567627
SWZ,2017,national,consumption,10.68365287780762,2.492525815963745,6.532477378845215
SWZ,2018,national,consumption,10.69581317901611,2.492609739303589,6.525270462036133
SWZ,2019,national,consumption,10.40480995178223,2.492507696151733,6.70749568939209
SWZ,2020,national,consumption,10.69972515106201,2.492534875869751,6.522688865661621
SWZ,2021,national,consumption,10.53662776947021,2.492542505264282,6.623674392700195
SWZ,2022,national,consumption,10.61655902862549,2.492501258850098,6.573696136474609
SWZ,2023,national,consumption,10.32551288604736,2.492518901824951,6.759037494659424
SWZ,2024,national,consumption,10.07802677154541,2.492406368255615,6.92470645904541
SWZ,2025,national,consumption,9.811442375183105,2.492483139038086,7.113075256347656
SXM,1981,national,,1.496624946594238,2.132287263870239,39.8924560546875
SXM,1982,national,,1.493242144584656,2.167636394500732,40.64566421508789
SXM,1983,national,,1.463216304779053,2.16046404838562,41.34248352050781
SXM,1984,national,,1.427136659622192,2.160440683364868,42.38720703125
SXM,1985,national,,1.393227577209473,2.151299715042114,43.23514175415039
SXM,1986,national,,1.367812395095825,2.170376777648926,44.42900848388672
SXM,1987,national,,1.327402472496033,2.19279670715332,46.25447845458984
SXM,1988,national,,1.248824954032898,2.121755838394165,47.57205200195313
SXM,1989,national,,1.210408210754395,2.113552093505859,48.89214706420898
SXM,1990,national,,1.197982668876648,2.109210252761841,49.29777908325195
SXM,1991,national,,1.199968338012695,2.127433776855469,49.64142990112305
SXM,1992,national,,1.204667806625366,2.152277946472168,50.02523040771484
SXM,1993,national,,1.258595585823059,2.234933614730835,49.72061157226563
SXM,1994,national,,1.22137176990509,2.207353830337524,50.60367965698242
SXM,1995,national,,1.192130208015442,2.189465522766113,51.42478179931641
SXM,1996,national,,1.189279556274414,2.214619636535645,52.14026641845703
SXM,1997,national,,1.198803067207336,2.280360221862793,53.26152801513672
SXM,1998,national,,1.210111260414124,2.360380887985229,54.61536026000977
SXM,1999,national,,1.155880689620972,2.313583135604858,56.04413223266602
SXM,2000,national,,1.132245898246765,2.305874347686768,57.02337265014648
SXM,2001,national,,1.140905141830444,2.34704327583313,57.60094451904297
SXM,2002,national,,1.129328727722168,2.353925704956055,58.36203002929688
SXM,2003,national,,1.139819979667664,2.411402225494385,59.23677825927734
SXM,2004,national,,1.143701553344727,2.438053131103516,59.68819808959961
SXM,2005,national,,1.135640740394592,2.461805820465088,60.69750595092773
SXM,2006,national,,1.120078682899475,2.466006517410278,61.64583206176758
SXM,2007,national,,1.080879807472229,2.445630550384521,63.3536262512207
SXM,2008,national,,1.110014200210571,2.492559671401978,62.87457656860352
SXM,2009,national,,1.073621869087219,2.406819343566895,62.76971817016602
SXM,2010,national,,1.108794093132019,2.475446701049805,62.51161193847656
SXM,2011,national,,1.120316624641418,2.479135513305664,61.96087265014648
SXM,2012,national,,1.158023834228516,2.556088447570801,61.80397415161133
SXM,2013,national,,1.142036318778992,2.538648843765259,62.24160003662109
SXM,2014,national,,1.162987470626831,2.615633726119995,62.97380447387695
SXM,2015,national,,1.122166514396667,2.596498489379883,64.78713989257813
SXM,2016,national,,1.115796446800232,2.630395412445068,66.00762176513672
SXM,2017,national,,1.122286438941956,2.677948713302612,66.81232452392578
SXM,2018,national,,1.092122197151184,2.666604995727539,68.36683654785156
SXM,2019,national,,1.038674831390381,2.617498636245728,70.56102752685547
SXM,2020,national,,.8649140000343323,2.236176729202271,72.39210510253906
SXM,2021,national,,.8297843337059021,2.172513484954834,73.30866241455078
SXM,2022,national,,1.06429922580719,2.745012044906616,72.21685028076172
SXM,2023,national,,1.006985545158386,2.637865304946899,73.34785461425781
SXM,2024,national,,.9825437068939209,2.606427907943726,74.27657318115234
SXM,2025,national,,.9767363667488098,2.607769250869751,74.75665283203125
SYC,1981,national,consumption,2.758679151535034,1.774718761444092,18.01301383972168
SYC,1982,national,consumption,2.726349830627441,1.774720430374146,18.22663116455078
SYC,1983,national,consumption,2.351360082626343,1.774719834327698,21.13336753845215
SYC,1984,national,consumption,2.65826416015625,1.774719834327698,18.69346046447754
SYC,1985,national,consumption,2.336608648300171,1.774719953536987,21.26678657531738
SYC,1986,national,consumption,2.863256692886353,1.774720430374146,17.35512351989746
SYC,1987,national,consumption,2.667554616928101,1.774719476699829,18.62835121154785
SYC,1988,national,consumption,2.585406303405762,1.774720311164856,19.22025489807129
SYC,1989,national,consumption,2.782745838165283,1.774720311164856,17.85724258422852
SYC,1990,national,consumption,2.078368902206421,1.774719595909119,23.90920448303223
SYC,1991,national,consumption,2.11260461807251,1.774721026420593,23.52176475524902
SYC,1992,national,consumption,1.84435760974884,1.77471661567688,26.9427490234375
SYC,1993,national,consumption,1.68565034866333,1.774717450141907,29.4794750213623
SYC,1994,national,consumption,1.910603165626526,1.774719953536987,26.00862312316895
SYC,1995,national,consumption,1.720506429672241,1.774725437164307,28.88237571716309
SYC,1996,national,consumption,1.694500803947449,1.774724960327148,29.32562637329102
SYC,1997,national,consumption,1.659322261810303,1.774716973304749,29.94721221923828
SYC,1998,national,consumption,1.679994344711304,1.774717569351196,29.57872581481934
SYC,1999,national,consumption,1.891182899475098,1.774717330932617,26.27566337585449
SYC,2000,national,consumption,2.723092794418335,1.777943253517151,18.28157043457031
SYC,2001,national,consumption,2.54606294631958,1.784090638160706,19.62030792236328
SYC,2002,national,consumption,3.09153413772583,1.786482810974121,16.18016052246094
SYC,2003,national,consumption,2.892341613769531,1.777025818824768,17.20292091369629
SYC,2004,national,consumption,2.795596122741699,1.771393775939941,17.74184226989746
SYC,2005,national,consumption,2.521362066268921,1.761067509651184,19.55684661865234
SYC,2006,national,consumption,2.309212923049927,1.702234506607056,20.64017868041992
SYC,2007,national,consumption,2.6565260887146,1.741372585296631,18.35420799255371
SYC,2008,national,consumption,1.919058918952942,1.675272822380066,24.44304275512695
SYC,2009,national,consumption,2.030107259750366,1.675266981124878,23.10590934753418
SYC,2010,national,income,2.066213846206665,1.898065447807312,25.72136116027832
SYC,2011,national,income,1.759554505348206,1.874898314476013,29.83547973632813
SYC,2012,national,income,1.736879706382751,1.874900221824646,30.22500991821289
SYC,2013,national,income,2.304265490097312,2.137977600097656,25.979373346346
SYC,2014,national,income,1.901534676551819,1.848035454750061,27.21222686767578
SYC,2015,national,income,2.052660703659058,1.766023993492126,24.09003639221191
SYC,2016,national,income,1.831010222434998,1.703792333602905,26.0545711517334
SYC,2017,national,income,1.804957628250122,1.618125677108765,25.10170745849609
SYC,2018,national,income,1.751617670059204,1.517704844474792,24.26085090637207
SYC,2019,national,income,1.744898200035095,1.503199815750122,24.12151908874512
SYC,2020,national,income,1.763748049736023,1.503185987472534,23.86350250244141
SYC,2021,national,income,1.589848756790161,1.503195643424988,26.4738883972168
SYC,2022,national,income,1.81442391872406,1.503192543983459,23.19710922241211
SYC,2023,national,income,1.778582692146301,1.503201007843018,23.66470146179199
SYC,2024,national,income,1.74000358581543,1.503189206123352,24.18920135498047
SYC,2025,national,income,1.709432363510132,1.50318968296051,24.62180519104004
SYR,1981,national,consumption,3.572741746902466,1.462546467781067,11.46214962005615
SYR,1982,national,consumption,3.586843013763428,1.462527394294739,11.41693878173828
SYR,1983,national,consumption,3.615074872970581,1.462561845779419,11.32804489135742
SYR,1984,national,consumption,3.910598754882813,1.462540149688721,10.47182941436768
SYR,1985,national,consumption,3.763772010803223,1.462561964988708,10.88050365447998
SYR,1986,national,consumption,4.081053256988525,1.462530612945557,10.03438472747803
SYR,1987,national,consumption,4.132173538208008,1.462559223175049,9.910440444946289
SYR,1988,national,consumption,3.761649370193481,1.462570428848267,10.88670635223389
SYR,1989,national,consumption,4.251472949981689,1.46252965927124,9.63215160369873
SYR,1990,national,consumption,4.238482475280762,1.462535262107849,9.661709785461426
SYR,1991,national,consumption,4.113542079925537,1.462541699409485,9.955207824707031
SYR,1992,national,consumption,3.85571813583374,1.462560653686523,10.6210298538208
SYR,1993,national,consumption,3.776518821716309,1.462550282478333,10.8436918258667
SYR,1994,national,consumption,3.671187400817871,1.462525248527527,11.15462207794189
SYR,1995,national,consumption,3.57027268409729,1.462514877319336,11.46982860565186
SYR,1996,national,consumption,3.40605092048645,1.462553858757019,12.02316379547119
SYR,1997,national,consumption,3.296319723129272,1.465402007102966,12.44759559631348
SYR,1998,national,consumption,2.862816333770752,1.464560866355896,14.32425308227539
SYR,1999,national,consumption,3.255264759063721,1.481381297111511,12.74202823638916
SYR,2000,national,consumption,3.231237173080444,1.492602109909058,12.93401145935059
SYR,2001,national,consumption,3.197056531906128,1.501802921295166,13.15287399291992
SYR,2002,national,consumption,3.098760843276978,1.510138988494873,13.64541912078857
SYR,2003,national,consumption,3.341928243637085,1.513736963272095,12.68268871307373
SYR,2004,national,consumption,2.80956244468689,1.538199901580811,15.32964611053467
SYR,2005,national,consumption,2.825927019119263,1.56055474281311,15.46237182617188
SYR,2006,national,consumption,2.89326000213623,1.595793724060059,15.4435567855835
SYR,2007,national,consumption,2.897865772247314,1.624760746955872,15.69889831542969
SYR,2008,national,consumption,2.885046720504761,1.621271967887878,15.7347936630249
SYR,2009,national,consumption,2.925166326995881,1.621200799942017,15.518305191995
SYR,2010,national,consumption,2.86692476272583,1.596646308898926,15.59374618530273
SYR,2011,national,consumption,2.768075704574585,1.57732617855072,15.95517539978027
SYR,2012,national,consumption,3.530142068862915,1.53402054309845,12.16737842559814
SYR,2013,national,consumption,5.383059501647949,1.506874442100525,7.838011741638184
SYR,2014,national,consumption,6.252990245819092,1.479785561561584,6.626268863677979
SYR,2015,national,consumption,6.151174068450928,1.452736258506775,6.612821578979492
SYR,2016,national,consumption,7.294239521026611,1.425997853279114,5.473900318145752
SYR,2017,national,consumption,5.784756660461426,1.39931321144104,6.773106098175049
SYR,2018,national,consumption,4.879485607147217,1.37258505821228,7.876318454742432
SYR,2019,national,consumption,4.610579013824463,1.346081376075745,8.174738883972168
SYR,2020,national,consumption,6.457446575164795,1.337426900863647,5.79918909072876
SYR,2021,national,consumption,6.605552196502686,1.30390202999115,5.527056217193604
SYR,2022,national,consumption,6.644384444364111,1.267607808113098,5.341806846834
SYR,2023,national,consumption,6.913049697875977,1.263252735137939,5.116566181182861
SYR,2024,national,consumption,7.206112384796143,1.263296365737915,4.908651828765869
SYR,2025,national,consumption,7.450155735015869,1.263304948806763,4.747892379760742
TCA,1981,national,,1.496624946594238,2.132287263870239,39.8924560546875
TCA,1982,national,,1.493242144584656,2.167636394500732,40.64566421508789
TCA,1983,national,,1.463216304779053,2.16046404838562,41.34248352050781
TCA,1984,national,,1.427136659622192,2.160440683364868,42.38720703125
TCA,1985,national,,1.393227577209473,2.151299715042114,43.23514175415039
TCA,1986,national,,1.367812395095825,2.170376777648926,44.42900848388672
TCA,1987,national,,1.327402472496033,2.19279670715332,46.25447845458984
TCA,1988,national,,1.248824954032898,2.121755838394165,47.57205200195313
TCA,1989,national,,1.210408210754395,2.113552093505859,48.89214706420898
TCA,1990,national,,1.197982668876648,2.109210252761841,49.29777908325195
TCA,1991,national,,1.199968338012695,2.127433776855469,49.64142990112305
TCA,1992,national,,1.204667806625366,2.152277946472168,50.02523040771484
TCA,1993,national,,1.258595585823059,2.234933614730835,49.72061157226563
TCA,1994,national,,1.22137176990509,2.207353830337524,50.60367965698242
TCA,1995,national,,1.192130208015442,2.189465522766113,51.42478179931641
TCA,1996,national,,1.189279556274414,2.214619636535645,52.14026641845703
TCA,1997,national,,1.198803067207336,2.280360221862793,53.26152801513672
TCA,1998,national,,1.210111260414124,2.360380887985229,54.61536026000977
TCA,1999,national,,1.155880689620972,2.313583135604858,56.04413223266602
TCA,2000,national,,1.132245898246765,2.305874347686768,57.02337265014648
TCA,2001,national,,1.140905141830444,2.34704327583313,57.60094451904297
TCA,2002,national,,1.129328727722168,2.353925704956055,58.36203002929688
TCA,2003,national,,1.139819979667664,2.411402225494385,59.23677825927734
TCA,2004,national,,1.143701553344727,2.438053131103516,59.68819808959961
TCA,2005,national,,1.135640740394592,2.461805820465088,60.69750595092773
TCA,2006,national,,1.120078682899475,2.466006517410278,61.64583206176758
TCA,2007,national,,1.080879807472229,2.445630550384521,63.3536262512207
TCA,2008,national,,1.110014200210571,2.492559671401978,62.87457656860352
TCA,2009,national,,1.073621869087219,2.406819343566895,62.76971817016602
TCA,2010,national,,1.108794093132019,2.475446701049805,62.51161193847656
TCA,2011,national,,1.120316624641418,2.479135513305664,61.96087265014648
TCA,2012,national,,1.158023834228516,2.556088447570801,61.80397415161133
TCA,2013,national,,1.142036318778992,2.538648843765259,62.24160003662109
TCA,2014,national,,1.162987470626831,2.615633726119995,62.97380447387695
TCA,2015,national,,1.122166514396667,2.596498489379883,64.78713989257813
TCA,2016,national,,1.115796446800232,2.630395412445068,66.00762176513672
TCA,2017,national,,1.122286438941956,2.677948713302612,66.81232452392578
TCA,2018,national,,1.092122197151184,2.666604995727539,68.36683654785156
TCA,2019,national,,1.038674831390381,2.617498636245728,70.56102752685547
TCA,2020,national,,.8649140000343323,2.236176729202271,72.39210510253906
TCA,2021,national,,.8297843337059021,2.172513484954834,73.30866241455078
TCA,2022,national,,1.06429922580719,2.745012044906616,72.21685028076172
TCA,2023,national,,1.006985545158386,2.637865304946899,73.34785461425781
TCA,2024,national,,.9825437068939209,2.606427907943726,74.27657318115234
TCA,2025,national,,.9767363667488098,2.607769250869751,74.75665283203125
TCD,1981,national,consumption,19.61614418029785,1.656046867370605,2.363834142684937
TCD,1982,national,consumption,19.54604339599609,1.656105399131775,2.372395753860474
TCD,1983,national,consumption,18.28379821777344,1.658434748649597,2.53974437713623
TCD,1984,national,consumption,18.19673347473145,1.658749103546143,2.552379846572876
TCD,1985,national,consumption,15.94518756866455,1.662764430046082,2.919840574264526
TCD,1986,national,consumption,16.73982429504395,1.661228656768799,2.778667211532593
TCD,1987,national,consumption,17.42912483215332,1.660028576850891,2.666846513748169
TCD,1988,national,consumption,16.13855743408203,1.662304997444153,2.884058237075806
TCD,1989,national,consumption,15.98559093475342,1.662573933601379,2.912127017974854
TCD,1990,national,consumption,16.76973342895508,1.661185026168823,2.773638725280762
TCD,1991,national,consumption,16.25146484375,1.662120699882507,2.863703727722168
TCD,1992,national,consumption,15.86887168884277,1.66287887096405,2.934084415435791
TCD,1993,national,consumption,18.06457328796387,1.658840537071228,2.571194648742676
TCD,1994,national,consumption,17.16601371765137,1.660493016242981,2.708479881286621
TCD,1995,national,consumption,17.54402351379395,1.659947633743286,2.649251699447632
TCD,1996,national,consumption,17.81674575805664,1.659586787223816,2.608132362365723
TCD,1997,national,consumption,17.56587982177734,1.659902095794678,2.645882844924927
TCD,1998,national,consumption,17.17114639282227,1.660492777824402,2.707669973373413
TCD,1999,national,consumption,17.67040252685547,1.659626245498657,2.629794836044312
TCD,2000,national,consumption,18.2021656036377,1.658692121505737,2.551530361175537
TCD,2001,national,consumption,17.26042938232422,1.660420298576355,2.693546533584595
TCD,2002,national,consumption,16.71091461181641,1.661353945732117,2.783684253692627
TCD,2003,national,consumption,15.65266692568775,1.653544068336487,2.957913501635
TCD,2004,national,consumption,12.16893482208252,1.704599857330322,3.922183513641357
TCD,2005,national,consumption,10.99223804473877,1.735922932624817,4.421833038330078
TCD,2006,national,consumption,11.53101921081543,1.767008066177368,4.290707111358643
TCD,2007,national,consumption,11.77402210235596,1.798225402832031,4.276390075683594
TCD,2008,national,consumption,12.05368232727051,1.829874038696289,4.250690460205078
TCD,2009,national,consumption,12.21505260467529,1.862322092056274,4.268914699554443
TCD,2010,national,consumption,11.64886951446533,1.896248936653137,4.557950496673584
TCD,2011,national,consumption,11.98687509342712,1.922825694084167,4.491505902496
TCD,2012,national,consumption,11.15685176849365,1.878927230834961,4.715484619140625
TCD,2013,national,consumption,10.62435245513916,1.829707622528076,4.8221116065979
TCD,2014,national,consumption,10.02603435516357,1.779653668403625,4.970090866088867
TCD,2015,national,consumption,9.691636085510254,1.729011416435242,4.995267868041992
TCD,2016,national,consumption,9.96502685546875,1.677635192871094,4.713864326477051
TCD,2017,national,consumption,10.00707626342773,1.625158429145813,4.547225952148438
TCD,2018,national,consumption,9.673476219177246,1.547390818595886,4.478942394256592
TCD,2019,national,consumption,9.380641937255859,1.525838971138,4.554431438446045
TCD,2020,national,consumption,9.495928764343262,1.532755851745605,4.519533157348633
TCD,2021,national,consumption,9.604604721069336,1.539482593536377,4.488004684448242
TCD,2022,national,consumption,9.487555891520476,1.551060676574707,4.57754343839
TCD,2023,national,consumption,9.470202445983887,1.542503356933594,4.560630321502686
TCD,2024,national,consumption,9.450350761413574,1.542536735534668,4.570309638977051
TCD,2025,national,consumption,9.448099136352539,1.542566657066345,4.571487426757813
TGO,1981,national,consumption,13.1562385559082,1.699843287467957,3.617721796035767
TGO,1982,national,consumption,13.80612754821777,1.699689269065857,3.447114229202271
TGO,1983,national,consumption,14.68973827362061,1.699826836585999,3.240027189254761
TGO,1984,national,consumption,14.47703742980957,1.699583888053894,3.287160634994507
TGO,1985,national,consumption,14.25605583190918,1.69979202747345,3.338523387908936
TGO,1986,national,consumption,14.40384197235107,1.699698805809021,3.304088354110718
TGO,1987,national,consumption,14.65962696075439,1.699613690376282,3.246275186538696
TGO,1988,national,consumption,14.31303787231445,1.699686646461487,3.325026273727417
TGO,1989,national,consumption,14.21065711975098,1.699555993080139,3.348723888397217
TGO,1990,national,consumption,14.52983856201172,1.699732065200806,3.275500774383545
TGO,1991,national,consumption,14.89679431915283,1.699748277664185,3.194845199584961
TGO,1992,national,consumption,15.62526702880859,1.699759721755981,3.045917272567749
TGO,1993,national,consumption,17.39123153686523,1.698978900909424,2.7353675365448
TGO,1994,national,consumption,15.79080867767334,1.699833631515503,3.014116764068604
TGO,1995,national,consumption,15.43988132476807,1.699845671653748,3.082645416259766
TGO,1996,national,consumption,14.93065643310547,1.69979989528656,3.187696218490601
TGO,1997,national,consumption,13.88002300262451,1.699832201004028,3.42905068397522
TGO,1998,national,consumption,14.38615989685059,1.699765682220459,3.308279514312744
TGO,1999,national,consumption,14.42446041107178,1.699803829193115,3.299569368362427
TGO,2000,national,consumption,14.78321743011475,1.699674248695374,3.219250440597534
TGO,2001,national,consumption,14.97299766540527,1.699756145477295,3.178600072860718
TGO,2002,national,consumption,14.84502220153809,1.699661731719971,3.20582389831543
TGO,2003,national,consumption,14.43612766265869,1.699670553207397,3.29664421081543
TGO,2004,national,consumption,14.79849243164063,1.699801445007324,3.216168165206909
TGO,2005,national,consumption,15.56926250457764,1.699667692184448,3.056708335876465
TGO,2006,national,consumption,15.62182290065403,1.704646348953247,3.055347619519
TGO,2007,national,consumption,16.48111343383789,1.752000570297241,2.97649884223938
TGO,2008,national,consumption,16.79654312133789,1.799938201904297,3.000514507293701
TGO,2009,national,consumption,16.94631767272949,1.85924768447876,3.071990966796875
TGO,2010,national,consumption,17.07774925231934,1.908655285835266,3.129355430603027
TGO,2011,national,consumption,17.12658313150872,1.95921802520752,3.203096808754
TGO,2012,national,consumption,16.8105354309082,1.941874504089355,3.234429121017456
TGO,2013,national,consumption,16.54541015625,1.925165176391602,3.257980585098267
TGO,2014,national,consumption,16.28769111633301,1.896502614021301,3.260257959365845
TGO,2015,national,consumption,16.07385743074875,1.885161519050598,3.283873995616
TGO,2016,national,consumption,13.42689609527588,1.843815565109253,3.845031261444092
TGO,2017,national,consumption,11.62725067138672,1.801538586616516,4.33834981918335
TGO,2018,national,consumption,9.634130477905273,1.757910251617432,5.109074115753174
TGO,2019,national,consumption,8.833464622497559,1.704606890678406,5.403202056884766
TGO,2020,national,consumption,8.892071723937988,1.64769172668457,5.188371181488037
TGO,2021,national,consumption,8.704861640930176,1.58829665184021,5.108904361724854
TGO,2022,national,consumption,8.52398681640625,1.544152855873108,5.072307109832764
TGO,2023,national,consumption,8.294607162475586,1.544184684753418,5.212684631347656
TGO,2024,national,consumption,8.134509086608887,1.544186472892761,5.315283298492432
TGO,2025,national,consumption,7.995532989501953,1.544159889221191,5.407578945159912
THA,1981,national,consumption,7.727502700420152,1.809798836708069,6.557664269767
THA,1982,national,consumption,7.628472805023193,1.78647243976593,6.557174682617188
THA,1983,national,consumption,7.531115531921387,1.77408242225647,6.595876693725586
THA,1984,national,consumption,7.432151794433594,1.759408831596375,6.62842321395874
THA,1985,national,consumption,7.342032432556152,1.743868231773376,6.650516986846924
THA,1986,national,consumption,7.243295192718506,1.728033542633057,6.679962158203125
THA,1987,national,consumption,7.111436367034912,1.712084650993347,6.741024971008301
THA,1988,national,consumption,6.947256644574424,1.70067822933197,6.854359045568
THA,1989,national,consumption,6.690025806427002,1.734201312065125,7.258213520050049
THA,1990,national,consumption,6.501960350136689,1.779845118522644,7.664713343472
THA,1991,national,consumption,6.079017639160156,1.850436568260193,8.523124694824219
THA,1992,national,consumption,5.763646877207568,1.899143576622009,9.226106372234
THA,1993,national,consumption,5.332159996032715,1.809871792793274,9.503917694091797
THA,1994,national,consumption,4.942499518434354,1.712250113487244,9.700153294833999
THA,1995,national,consumption,4.666213035583496,1.702009201049805,10.21304798126221
THA,1996,national,consumption,4.503456110189585,1.694079756736755,10.532851116969
THA,1997,national,consumption,4.435019016265869,1.677521586418152,10.59084606170654
THA,1998,national,consumption,4.383590271491769,1.648649573326111,10.530680009882
THA,1999,national,consumption,4.744385785969617,1.705333352088928,10.064386797398
THA,2000,national,consumption,4.786497221125498,1.697247982025146,9.928542943265001
THA,2001,national,consumption,4.546187400817871,1.678476214408875,10.33774662017822
THA,2002,national,consumption,4.163147204062916,1.668861389160156,11.224229279762
THA,2003,national,consumption,3.915434598922729,1.677938461303711,11.99924945831299
THA,2004,national,consumption,3.742995625801663,1.693368673324585,12.66748040098
THA,2005,national,consumption,3.544512510299683,1.68860399723053,13.33918571472168
THA,2006,national,consumption,3.337887890159041,1.692658543586731,14.198931033332
THA,2007,national,consumption,3.177137385374671,1.605299830436707,14.147450577668
THA,2008,national,consumption,3.03221697092665,1.619119048118591,14.951216388617
THA,2009,national,consumption,2.897604985718639,1.600258231163025,15.463539684682
THA,2010,national,consumption,2.790324452858962,1.590144038200378,15.956579502279
THA,2011,national,consumption,2.608273403175929,1.508701682090759,16.196019386821
THA,2012,national,consumption,2.541326231047244,1.584693193435669,17.459942005214
THA,2013,national,consumption,2.425801653324748,1.536685824394226,17.737313521949
THA,2014,national,consumption,2.388844613646601,1.510653853416443,17.706596900656
THA,2015,national,consumption,2.221326912785449,1.470336675643921,18.533709633503
THA,2016,national,consumption,2.262295779122841,1.491969704627991,18.465822898942
THA,2017,national,consumption,2.218341930611327,1.487433433532715,18.77444426587
THA,2018,national,consumption,2.251119644547556,1.490121006965637,18.534505363899
THA,2019,national,consumption,2.170902615549211,1.44163191318512,18.593968097666
THA,2020,national,consumption,2.139193570529143,1.451143980026245,18.994088283352
THA,2021,national,consumption,2.108774955622227,1.445457100868225,19.192564683667
THA,2022,national,consumption,2.043250733711094,1.427325367927551,19.559572031737
THA,2023,national,consumption,1.9375701453776,1.401532888412476,20.253677239034
THA,2024,national,consumption,1.899467825889587,1.399678111076355,20.63261413574219
THA,2025,national,consumption,1.879252076148987,1.399645090103149,20.85407447814941
TJK,1981,national,consumption,6.939778804779053,1.360704779624939,5.490050315856934
TJK,1982,national,consumption,7.048597812652588,1.360699057579041,5.405270099639893
TJK,1983,national,consumption,7.004870414733887,1.36069929599762,5.439013004302979
TJK,1984,national,consumption,7.074499607086182,1.360703229904175,5.385496139526367
TJK,1985,national,consumption,7.170897483825684,1.360703349113464,5.31309986114502
TJK,1986,national,consumption,7.161908149719238,1.360699653625488,5.319754123687744
TJK,1987,national,consumption,7.397030353546143,1.360706329345703,5.15068531036377
TJK,1988,national,consumption,6.913808345794678,1.360700488090515,5.510655403137207
TJK,1989,national,consumption,7.389958381652832,1.360705614089966,5.155611991882324
TJK,1990,national,consumption,7.549570560455322,1.360702872276306,5.046602249145508
TJK,1991,national,consumption,8.08672046661377,1.360701560974121,4.711383819580078
TJK,1992,national,consumption,10.26914978027344,1.360721230506897,3.710160493850708
TJK,1993,national,consumption,11.70266246795654,1.360693216323853,3.255619049072266
TJK,1994,national,consumption,13.90841293334961,1.360698819160461,2.739318132400513
TJK,1995,national,consumption,15.4472484588623,1.360669374465942,2.466377258300781
TJK,1996,national,consumption,17.70261192321777,1.35940408706665,2.150152444839478
TJK,1997,national,consumption,17.64525032043457,1.359440445899963,2.157199859619141
TJK,1998,national,consumption,17.09454154968262,1.360211968421936,2.227958917617798
TJK,1999,national,consumption,16.76784065789375,1.360284090042114,2.271488299624
TJK,2000,national,consumption,15.38888740539551,1.370888233184814,2.494323968887329
TJK,2001,national,consumption,14.12959766387939,1.381853580474854,2.73835825920105
TJK,2002,national,consumption,12.83722686767578,1.386295199394226,3.02372670173645
TJK,2003,national,consumption,11.73497332636106,1.404720902442932,3.351706495724
TJK,2004,national,consumption,8.959433810012959,1.420474529266357,4.439263251052
TJK,2005,national,consumption,8.91230583190918,1.474260449409485,4.631718635559082
TJK,2006,national,consumption,8.876044273376465,1.527224540710449,4.817718982696533
TJK,2007,national,consumption,8.849824764245515,1.5928635597229,5.039667934753
TJK,2008,national,consumption,7.173565864562988,1.461743235588074,5.705504417419434
TJK,2009,national,consumption,6.379157229701242,1.35269296169281,5.937367893684
TJK,2010,national,consumption,6.286483287811279,1.364444732666016,6.077237606048584
TJK,2011,national,consumption,6.181682586669922,1.383383870124817,6.266052722930908
TJK,2012,national,consumption,6.073421478271484,1.399991869926453,6.454314708709717
TJK,2013,national,consumption,5.978531360626221,1.417536973953247,6.638927459716797
TJK,2014,national,consumption,5.916804790496826,1.438118815422058,6.805586338043213
TJK,2015,national,consumption,5.903515857971326,1.465885758399963,6.952602712677
TJK,2016,national,consumption,5.699634552001953,1.455746293067932,7.151493072509766
TJK,2017,national,consumption,5.525477886199951,1.455742955207825,7.376883029937744
TJK,2018,national,consumption,5.33713960647583,1.455746293067932,7.63721752166748
TJK,2019,national,consumption,5.160449028015137,1.455736517906189,7.89865779876709
TJK,2020,national,consumption,5.087406158447266,1.455742597579956,8.012097358703613
TJK,2021,national,consumption,4.849390506744385,1.455734968185425,8.405299186706543
TJK,2022,national,consumption,4.662787914276123,1.455734252929688,8.741671562194824
TJK,2023,national,consumption,4.470775127410889,1.455738544464111,9.117138862609863
TJK,2024,national,consumption,4.320549011230469,1.455742120742798,9.43416690826416
TJK,2025,national,consumption,4.185709476470947,1.455751657485962,9.738144874572754
TKM,1981,national,consumption,6.807420253753662,1.669199585914612,6.865682601928711
TKM,1982,national,consumption,6.873215675354004,1.669228196144104,6.800076007843018
TKM,1983,national,consumption,6.902400016784668,1.669187188148499,6.771158218383789
TKM,1984,national,consumption,7.069953441619873,1.669227957725525,6.610847473144531
TKM,1985,national,consumption,7.171758651733398,1.669232845306396,6.51702356338501
TKM,1986,national,consumption,7.15730619430542,1.669251799583435,6.530257225036621
TKM,1987,national,consumption,7.165188312530518,1.669215321540833,6.522931098937988
TKM,1988,national,consumption,6.798874378204346,1.669220805168152,6.87440013885498
TKM,1989,national,consumption,7.146444320678711,1.669189929962158,6.539940357208252
TKM,1990,national,consumption,5.843619346618652,1.669220447540283,7.998154640197754
TKM,1991,national,consumption,6.143038749694824,1.669217228889465,7.60830020904541
TKM,1992,national,consumption,6.966207027435303,1.669217705726624,6.7092604637146
TKM,1993,national,consumption,7.000864028930664,1.669217944145203,6.676047801971436
TKM,1994,national,consumption,8.074400901794434,1.669226169586182,5.788458347320557
TKM,1995,national,consumption,8.607918739318848,1.66926896572113,5.429829597473145
TKM,1996,national,consumption,8.322961807250977,1.669183015823364,5.615443706512451
TKM,1997,national,consumption,9.148750305175781,1.669241547584534,5.10875940322876
TKM,1998,national,consumption,8.838887705610697,1.679792761802673,5.321280264355
TKM,1999,national,consumption,8.013904571533203,1.669200420379639,5.832065105438232
TKM,2000,national,consumption,7.828296184539795,1.669188022613525,5.970298290252686
TKM,2001,national,consumption,7.705676555633545,1.669203400611877,6.065359115600586
TKM,2002,national,consumption,7.799668312072754,1.66922652721405,5.992350101470947
TKM,2003,national,consumption,7.731334686279297,1.669240951538086,6.045365810394287
TKM,2004,national,consumption,7.571848392486572,1.669193863868713,6.172525405883789
TKM,2005,national,consumption,7.03382682800293,1.669193863868713,6.644665718078613
TKM,2006,national,consumption,6.620138168334961,1.669214844703674,7.059975624084473
TKM,2007,national,consumption,6.227554798126221,1.669213652610779,7.505029201507568
TKM,2008,national,consumption,5.725361824035645,1.66923975944519,8.163451194763184
TKM,2009,national,consumption,5.568374633789063,1.669221878051758,8.393510818481445
TKM,2010,national,consumption,5.308794021606445,1.669244647026062,8.804042816162109
TKM,2011,national,consumption,4.887912273406982,1.66920280456543,9.5618896484375
TKM,2012,national,consumption,4.607173919677734,1.669217705726624,10.14463424682617
TKM,2013,national,consumption,4.369483470916748,1.669244885444641,10.6966552734375
TKM,2014,national,consumption,4.142319679260254,1.669214963912964,11.28305435180664
TKM,2015,national,consumption,4.026923656463623,1.669209361076355,11.60634422302246
TKM,2016,national,consumption,3.922855615615845,1.669225811958313,11.91436195373535
TKM,2017,national,consumption,3.81356954574585,1.66921854019165,12.25574016571045
TKM,2018,national,consumption,3.713976144790649,1.669206261634827,12.58429622650146
TKM,2019,national,consumption,3.613262891769409,1.669211268424988,12.93509960174561
TKM,2020,national,consumption,3.522607326507568,1.669215202331543,13.26802062988281
TKM,2021,national,consumption,3.425017833709717,1.669203162193298,13.64596939086914
TKM,2022,national,consumption,3.327822685241699,1.669199466705322,14.04449367523193
TKM,2023,national,consumption,3.229226350784302,1.669198155403137,14.47329616546631
TKM,2024,national,consumption,3.205326080322266,1.669206738471985,14.58129024505615
TKM,2025,national,consumption,3.182007074356079,1.669199585914612,14.68808460235596
TLS,1981,national,,24.40870094299316,1.667641997337341,1.913005352020264
TLS,1982,national,,22.85719108581543,1.634384393692017,2.002116680145264
TLS,1983,national,,21.14700317382813,1.594770431518555,2.111579179763794
TLS,1984,national,,18.94826507568359,1.538020610809326,2.272745132446289
TLS,1985,national,,18.00973510742188,1.523019433021545,2.367860794067383
TLS,1986,national,,17.47477531433105,1.527145743370056,2.446960210800171
TLS,1987,national,,16.74593162536621,1.534370541572571,2.56554102897644
TLS,1988,national,,15.50753784179688,1.518698692321777,2.742122173309326
TLS,1989,national,,17.12288665771484,1.59705114364624,2.611559152603149
TLS,1990,national,consumption,19.10882186889648,1.471044540405273,2.155509471893311
TLS,1991,national,consumption,18.07666397094727,1.471091270446777,2.278659105300903
TLS,1992,national,consumption,17.16832160949707,1.471043229103088,2.399140119552612
TLS,1993,national,consumption,16.34064674377441,1.47104287147522,2.520659208297729
TLS,1994,national,consumption,15.87423229217529,1.471042990684509,2.594721078872681
TLS,1995,national,consumption,15.46566200256348,1.471073865890503,2.663323879241943
TLS,1996,national,consumption,14.93584060668945,1.471017599105835,2.757694959640503
TLS,1997,national,consumption,14.81414413452148,1.471027731895447,2.780368328094482
TLS,1998,national,consumption,15.31126976013184,1.47104799747467,2.69013237953186
TLS,1999,national,consumption,18.89792060852051,1.471057295799255,2.17958402633667
TLS,2000,national,consumption,12.27413272857666,1.471031904220581,3.355747699737549
TLS,2001,national,consumption,11.73074732574661,1.473365068435669,3.516759890948
TLS,2002,national,consumption,12.51090717315674,1.437283635139465,3.216708660125732
TLS,2003,national,consumption,12.68710994720459,1.40132462978363,3.092673540115356
TLS,2004,national,consumption,12.56765747070313,1.367800951004028,3.047379970550537
TLS,2005,national,consumption,12.05075454711914,1.331373691558838,3.093454837799072
TLS,2006,national,consumption,12.36956596374512,1.297624945640564,2.937330007553101
TLS,2007,national,consumption,11.43338979071313,1.262484669685364,3.091783848893
TLS,2008,national,consumption,10.85814762115479,1.264958620071411,3.261959791183472
TLS,2009,national,consumption,10.38139343261719,1.266831517219543,3.416813135147095
TLS,2010,national,consumption,9.965685844421387,1.275326371192932,3.583209276199341
TLS,2011,national,consumption,9.75960636138916,1.27770733833313,3.665701627731323
TLS,2012,national,consumption,9.61590576171875,1.279794096946716,3.726558446884155
TLS,2013,national,consumption,9.571073532104492,1.281828999519348,3.749967098236084
TLS,2014,national,consumption,9.452508981227856,1.278501152992249,3.787146224855
TLS,2015,national,consumption,9.405696868896484,1.286916017532349,3.831045150756836
TLS,2016,national,consumption,9.336127281188965,1.286953210830688,3.859704256057739
TLS,2017,national,consumption,9.674115180969238,1.286935091018677,3.724803924560547
TLS,2018,national,consumption,9.836359977722168,1.286938905715942,3.663376569747925
TLS,2019,national,consumption,8.532967567443848,1.286948323249817,4.22298002243042
TLS,2020,national,consumption,7.083314418792725,1.286935687065125,5.087194442749023
TLS,2021,national,consumption,6.914853572845459,1.286957979202271,5.211219787597656
TLS,2022,national,consumption,8.152828216552734,1.286929130554199,4.419817924499512
TLS,2023,national,consumption,9.404060363769531,1.286942481994629,3.831790685653687
TLS,2024,national,consumption,9.303075790405273,1.286932468414307,3.873354196548462
TLS,2025,national,consumption,9.160988807678223,1.286928296089172,3.933417320251465
TON,1981,national,consumption,4.853150844573975,1.645930528640747,9.496109962463379
TON,1982,national,consumption,4.744096755981445,1.645924687385559,9.71436595916748
TON,1983,national,consumption,4.683306694030762,1.645918846130371,9.840424537658691
TON,1984,national,consumption,4.550261974334717,1.645921945571899,10.12816715240479
TON,1985,national,consumption,4.418621063232422,1.645936489105225,10.4300012588501
TON,1986,national,consumption,4.347089290618896,1.645925760269165,10.60155868530273
TON,1987,national,consumption,4.346057891845703,1.645927786827087,10.60408782958984
TON,1988,national,consumption,4.385190963745117,1.645930886268616,10.50947761535645
TON,1989,national,consumption,4.422083854675293,1.645926952362061,10.42177295684814
TON,1990,national,consumption,4.364470481872559,1.645917177200317,10.55928325653076
TON,1991,national,consumption,4.272562980651855,1.64593517780304,10.78654289245605
TON,1992,national,consumption,4.216731548309326,1.645925879478455,10.92930030822754
TON,1993,national,consumption,4.094024181365967,1.645922422409058,11.2568531036377
TON,1994,national,consumption,3.941159963607788,1.645928263664246,11.69350910186768
TON,1995,national,consumption,3.85978364944458,1.645936608314514,11.94010543823242
TON,1996,national,consumption,3.872658967971802,1.645928502082825,11.90035057067871
TON,1997,national,consumption,3.865025043487549,1.645923256874084,11.9238166809082
TON,1998,national,consumption,3.822016954421997,1.64593243598938,12.05805969238281
TON,1999,national,consumption,3.759228944778442,1.645930171012878,12.25944042205811
TON,2000,national,consumption,3.707660675048828,1.645924210548401,12.42990684509277
TON,2001,national,consumption,3.643348932266235,1.643552184104919,12.63108825683594
TON,2002,national,consumption,3.58485221862793,1.632992744445801,12.75472259521484
TON,2003,national,consumption,3.606571912765503,1.62224006652832,12.59443092346191
TON,2004,national,consumption,3.627539157867432,1.612038016319275,12.4428882598877
TON,2005,national,consumption,3.666263103485107,1.601935505867004,12.23430824279785
TON,2006,national,consumption,3.727436065673828,1.590183258056641,11.94524383544922
TON,2007,national,consumption,3.680722713470459,1.580090761184692,12.02006912231445
TON,2008,national,consumption,3.671098470687866,1.582705736160278,12.07152557373047
TON,2009,national,consumption,3.7336422294528,1.5608971118927,11.705759452672
TON,2010,national,consumption,3.833317518234253,1.556370258331299,11.36831665039063
TON,2011,national,consumption,3.933059692382813,1.548219680786133,11.02199172973633
TON,2012,national,consumption,4.079523086547852,1.53264045715332,10.51935005187988
TON,2013,national,consumption,4.172489166259766,1.506255149841309,10.10791015625
TON,2014,national,consumption,4.215391159057617,1.469826102256775,9.763063430786133
TON,2015,national,consumption,4.273433653341579,1.424717783927917,9.33490549978
TON,2016,national,consumption,3.792723417282104,1.392908811569214,10.28322982788086
TON,2017,national,consumption,3.482491970062256,1.3667231798172,10.98875427246094
TON,2018,national,consumption,3.211571931838989,1.3413405418396,11.69443988800049
TON,2019,national,consumption,3.049680948257446,1.31560480594635,12.07894706726074
TON,2020,national,consumption,2.885254144668579,1.30241847038269,12.63934326171875
TON,2021,national,consumption,2.812892736522829,1.265720248222351,12.599188564816
TON,2022,national,consumption,2.804171323776245,1.263968944549561,12.62088775634766
TON,2023,national,consumption,2.761422395706177,1.263974547386169,12.81632518768311
TON,2024,national,consumption,2.722782373428345,1.263968348503113,12.99814224243164
TON,2025,national,consumption,2.676680326461792,1.263973116874695,13.22206783294678
TTO,1981,national,income,1.590535879135132,1.856390237808228,32.68013381958008
TTO,1982,national,income,1.549602627754211,1.856356143951416,33.54277420043945
TTO,1983,national,income,1.746514081954956,1.856455564498901,29.76257514953613
TTO,1984,national,income,1.872968077659607,1.856433868408203,27.75282096862793
TTO,1985,national,income,1.977381587028503,1.856364846229553,26.28638648986816
TTO,1986,national,income,2.071574926376343,1.856385350227356,25.0914363861084
TTO,1987,national,income,2.196246147155762,1.85640549659729,23.66736221313477
TTO,1988,national,income,2.312416001590048,1.862492084503174,22.55207497458
TTO,1989,national,income,2.615847826004028,1.876729011535645,20.08848190307617
TTO,1990,national,income,2.864031076431274,1.860029220581055,18.18444633483887
TTO,1991,national,income,3.05883264541626,1.805535554885864,16.52754592895508
TTO,1992,national,income,3.039563702934991,1.717864751815796,15.824709966523
TTO,1993,national,income,3.077947854995728,1.71230137348175,15.57675457000732
TTO,1994,national,income,2.990201473236084,1.712257623672485,16.03343963623047
TTO,1995,national,income,2.895740747451782,1.712315797805786,16.55702209472656
TTO,1996,national,income,2.714962244033813,1.712246179580688,17.65876960754395
TTO,1997,national,income,2.534537553787231,1.712371826171875,18.91722297668457
TTO,1998,national,income,2.351898193359375,1.712290406227112,20.38529205322266
TTO,1999,national,income,2.184631109237671,1.712257266044617,21.94567489624023
TTO,2000,national,income,2.051504373550415,1.712169647216797,23.36858367919922
TTO,2001,national,income,1.978032946586609,1.712213277816772,24.23719596862793
TTO,2002,national,income,1.841469168663025,1.712298631668091,26.03592872619629
TTO,2003,national,income,1.61721134185791,1.712316155433655,29.64662170410156
TTO,2004,national,income,1.505585432052612,1.712262272834778,31.84365463256836
TTO,2005,national,income,1.363954305648804,1.712302803993225,35.15108871459961
TTO,2006,national,income,1.208008646965027,1.712273836135864,39.68818283081055
TTO,2007,national,income,1.157849550247192,1.71225905418396,41.40715408325195
TTO,2008,national,income,1.124517560005188,1.71222972869873,42.6337776184082
TTO,2009,national,income,1.177535891532898,1.712220549583435,40.71398162841797
TTO,2010,national,income,1.146257281303406,1.712329268455505,41.8276252746582
TTO,2011,national,income,1.158642649650574,1.712304472923279,41.37990570068359
TTO,2012,national,income,1.084182500839233,1.712194681167603,44.21898651123047
TTO,2013,national,income,1.051402688026428,1.712309956550598,45.60068130493164
TTO,2014,national,income,1.016015529632568,1.712223291397095,47.1865348815918
TTO,2015,national,income,1.0272536277771,1.712318539619446,46.67291259765625
TTO,2016,national,income,1.114337086677551,1.712325692176819,43.02568817138672
TTO,2017,national,income,1.172908663749695,1.712252736091614,40.87537002563477
TTO,2018,national,income,1.182247281074524,1.712303400039673,40.55369567871094
TTO,2019,national,income,1.182146549224854,1.712268710136414,40.55632781982422
TTO,2020,national,income,1.302795767784119,1.71220850944519,36.79919815063477
TTO,2021,national,income,1.317263841629028,1.712277293205261,36.39647674560547
TTO,2022,national,income,1.296365976333618,1.712202668190002,36.98159027099609
TTO,2023,national,income,1.280696511268616,1.712298393249512,37.4361572265625
TTO,2024,national,income,1.266475081443787,1.712172269821167,37.85374450683594
TTO,2025,national,income,1.234252691268921,1.712180495262146,38.84217071533203
TUN,1981,national,consumption,6.756443023681641,1.75763201713562,7.283965110778809
TUN,1982,national,consumption,6.884252548217773,1.757581830024719,7.148530960083008
TUN,1983,national,consumption,6.764776706695557,1.757566094398499,7.27471923828125
TUN,1984,national,consumption,6.611217498779297,1.757509469985962,7.443449974060059
TUN,1985,national,consumption,6.482296538601279,1.759032368659973,7.598064174492
TUN,1986,national,consumption,6.5251784324646,1.741801023483276,7.474190711975098
TUN,1987,national,consumption,6.327548503875732,1.723376512527466,7.62610387802124
TUN,1988,national,consumption,6.176844120025635,1.708802223205566,7.746101379394531
TUN,1989,national,consumption,6.063072681427002,1.688673138618469,7.798496246337891
TUN,1990,national,consumption,5.705999109307881,1.665473341941833,8.172671056735
TUN,1991,national,consumption,5.714687824249268,1.669136881828308,8.178194999694824
TUN,1992,national,consumption,5.685361385345459,1.678539514541626,8.266687393188477
TUN,1993,national,consumption,5.715936183929443,1.688087344169617,8.26923942565918
TUN,1994,national,consumption,5.732721328735352,1.697547435760498,8.291233062744141
TUN,1995,national,consumption,5.760171487204264,1.713005065917969,8.326859965518
TUN,1996,national,consumption,5.473552227020264,1.697715282440186,8.684676170349121
TUN,1997,national,consumption,5.270390033721924,1.687301754951477,8.964127540588379
TUN,1998,national,consumption,5.097237586975098,1.676470160484314,9.209137916564941
TUN,1999,national,consumption,4.878593921661377,1.665230512619019,9.557354927062988
TUN,2000,national,consumption,4.719625637353484,1.660544514656067,9.851468958591999
TUN,2001,national,consumption,4.59650707244873,1.638994097709656,9.984066963195801
TUN,2002,national,consumption,4.550877571105957,1.625512599945068,10.00122547149658
TUN,2003,national,consumption,4.414941310882568,1.612818717956543,10.22865772247314
TUN,2004,national,consumption,4.242425441741943,1.601685643196106,10.57112216949463
TUN,2005,national,consumption,4.141650676727295,1.590639472007751,10.75366020202637
TUN,2006,national,consumption,4.047770977020264,1.590856790542603,11.00457286834717
TUN,2007,national,consumption,3.952389001846313,1.597975850105286,11.32057666778564
TUN,2008,national,consumption,3.905936002731323,1.610232472419739,11.54307460784912
TUN,2009,national,consumption,3.884444952011108,1.617614507675171,11.66014862060547
TUN,2010,national,consumption,3.270115852355957,1.626408338546753,13.92593860626221
TUN,2011,national,consumption,3.162784337997437,1.604527473449707,14.20481586456299
TUN,2012,national,consumption,3.004441976547241,1.560379266738892,14.54200839996338
TUN,2013,national,consumption,2.881746053695679,1.511265754699707,14.68395900726318
TUN,2014,national,consumption,2.745279550552368,1.470126271247864,14.99429607391357
TUN,2015,national,consumption,2.664533615112305,1.426473617553711,14.98996353149414
TUN,2016,national,consumption,2.616722822189331,1.416294932365417,15.15493297576904
TUN,2017,national,consumption,2.570769786834717,1.427187561988831,15.54446983337402
TUN,2018,national,consumption,2.517232179641724,1.432284235954285,15.9317684173584
TUN,2019,national,consumption,2.481342077255249,1.434928297996521,16.19204139709473
TUN,2020,national,consumption,2.638851881027222,1.447978854179382,15.36403274536133
TUN,2021,national,consumption,2.542336463928223,1.447640657424927,15.94357776641846
TUN,2022,national,consumption,2.499973297119141,1.44699764251709,16.20654678344727
TUN,2023,national,consumption,2.510989427566528,1.447005033493042,16.13552856445313
TUN,2024,national,consumption,2.496990203857422,1.446998000144958,16.22591209411621
TUN,2025,national,consumption,2.47393798828125,1.447012305259705,16.37726783752441
TUR,1981,national,consumption,5.311393260955811,1.642740964889526,8.660015106201172
TUR,1982,national,consumption,5.26093053817749,1.642734169960022,8.743045806884766
TUR,1983,national,consumption,5.168914794921875,1.642702460289001,8.898515701293945
TUR,1984,national,consumption,5.018557548522949,1.642592549324036,9.164504051208496
TUR,1985,national,consumption,4.95109748840332,1.6427983045578,9.290536880493164
TUR,1986,national,consumption,4.791407108306885,1.642724752426147,9.599746704101563
TUR,1987,national,consumption,4.561722107469895,1.645846605300903,10.102260130121
TUR,1988,national,consumption,4.572989463806152,1.649884700775146,10.10209465026855
TUR,1989,national,consumption,4.678291797637939,1.658013343811035,9.923359870910645
TUR,1990,national,consumption,4.534436225891113,1.664590954780579,10.27879619598389
TUR,1991,national,consumption,4.567929744720459,1.671373605728149,10.24500465393066
TUR,1992,national,consumption,4.492622852325439,1.67862606048584,10.46193504333496
TUR,1993,national,consumption,4.351517677307129,1.682337403297424,10.8250617980957
TUR,1994,national,consumption,4.592013252149722,1.693913578987122,10.328711398645
TUR,1995,national,consumption,4.445322036743164,1.688712000846863,10.63678550720215
TUR,1996,national,consumption,4.31494140625,1.690313577651978,10.96858024597168
TUR,1997,national,consumption,4.083821296691895,1.692892074584961,11.60701560974121
TUR,1998,national,consumption,4.109457015991211,1.704748272895813,11.61539173126221
TUR,1999,national,consumption,4.290465354919434,1.713518261909485,11.18258953094482
TUR,2000,national,consumption,4.18522310256958,1.723034977912903,11.52745723724365
TUR,2001,national,consumption,4.394365787506104,1.728430032730103,11.01320266723633
TUR,2002,national,consumption,4.284035242156836,1.710569620132446,11.180101777206
TUR,2003,national,consumption,4.672093611420689,1.773429155349731,10.62821531559
TUR,2004,national,consumption,3.803588586383021,1.77426552772522,13.061200807171
TUR,2005,national,consumption,3.731588104151917,1.850445151329041,13.884829328999
TUR,2006,national,consumption,3.464595186489353,1.726517558097839,13.953286994129
TUR,2007,national,consumption,3.201079619404692,1.681991696357727,14.71246393015
TUR,2008,national,consumption,2.955115749715532,1.717809677124023,16.276408125338
TUR,2009,national,consumption,2.91771100986243,1.678283929824829,16.10575911279
TUR,2010,national,consumption,2.863759083234847,1.675144791603088,16.378491987763
TUR,2011,national,consumption,2.667823068595878,1.707103133201599,17.916813275815
TUR,2012,national,consumption,2.568793261174544,1.707186102867126,18.608430072821
TUR,2013,national,consumption,2.4703616138473,1.708512544631958,19.364917982924
TUR,2014,national,consumption,2.396858076071247,1.73128867149353,20.224844946828
TUR,2015,national,consumption,2.469753013813206,1.787227511405945,20.262094524568
TUR,2016,national,consumption,2.30390535255727,1.748353004455566,21.248217857076
TUR,2017,national,consumption,2.232976619648178,1.725529193878174,21.636955564039
TUR,2018,national,consumption,2.196642627727582,1.733412027359009,22.095327497046
TUR,2019,national,consumption,2.310912481215498,1.795839786529541,21.759160264372
TUR,2020,national,income,2.147532905487542,1.899613499641418,24.767573730859
TUR,2021,national,income,1.988523563269234,1.929228067398071,27.165072771522
TUR,2022,national,income,1.796886393313992,1.857119083404541,28.938576083718
TUR,2023,national,income,1.573109269142151,1.822355389595032,32.43636703491211
TUR,2024,national,income,1.535069465637207,1.819508075714111,33.1882209777832
TUR,2025,national,income,1.492191314697266,1.8184974193573,34.12292098999023
TUV,1981,national,consumption,7.369522094726563,1.57429838180542,5.98144006729126
TUV,1982,national,consumption,8.399791717529297,1.574302911758423,5.247806549072266
TUV,1983,national,consumption,7.995392322540283,1.574297428131104,5.513216495513916
TUV,1984,national,consumption,7.677041053771973,1.574300527572632,5.741849422454834
TUV,1985,national,consumption,7.875020027160645,1.574295878410339,5.597482204437256
TUV,1986,national,consumption,6.906492233276367,1.574301958084106,6.382466316223145
TUV,1987,national,consumption,6.446589946746826,1.574304580688477,6.83780574798584
TUV,1988,national,consumption,5.752091884613037,1.574301600456238,7.663376331329346
TUV,1989,national,consumption,5.899857521057129,1.574301958084106,7.471444129943848
TUV,1990,national,consumption,5.387265682220459,1.574302434921265,8.182345390319824
TUV,1991,national,consumption,5.309197902679443,1.574302196502686,8.302659034729004
TUV,1992,national,consumption,5.252662181854248,1.57430100440979,8.392016410827637
TUV,1993,national,consumption,5.140861034393311,1.574302911758423,8.574532508850098
TUV,1994,national,consumption,4.826231956481934,1.57430374622345,9.133523941040039
TUV,1995,national,consumption,5.028688907623291,1.574301242828369,8.765790939331055
TUV,1996,national,consumption,5.271707057952881,1.574303030967712,8.361709594726563
TUV,1997,national,consumption,4.948700428009033,1.574303030967712,8.907486915588379
TUV,1998,national,consumption,4.481926441192627,1.574302792549133,9.835163116455078
TUV,1999,national,consumption,4.546546936035156,1.574302315711975,9.695372581481934
TUV,2000,national,consumption,4.593761920928955,1.574301958084106,9.595720291137695
TUV,2001,national,consumption,4.607897281646729,1.574302434921265,9.566287040710449
TUV,2002,national,consumption,4.33188009262085,1.57430374622345,10.17583656311035
TUV,2003,national,consumption,4.490884304046631,1.574301362037659,9.815536499023438
TUV,2004,national,consumption,4.602931499481201,1.574302434921265,9.576607704162598
TUV,2005,national,consumption,4.799128532409668,1.574299693107605,9.18508243560791
TUV,2006,national,consumption,4.757266044616699,1.57430100440979,9.265915870666504
TUV,2007,national,consumption,4.571141242980957,1.574302434921265,9.643208503723145
TUV,2008,national,consumption,4.4096999168396,1.574302077293396,9.996249198913574
TUV,2009,national,consumption,4.654190540313721,1.574301958084106,9.471132278442383
TUV,2010,national,consumption,4.780159325372478,1.579265117645264,9.250617374126
TUV,2011,national,consumption,4.608699798583984,1.574302554130554,9.564621925354004
TUV,2012,national,consumption,4.724661827087402,1.574303865432739,9.329875946044922
TUV,2013,national,consumption,4.604989528656006,1.574301362037659,9.572320938110352
TUV,2014,national,consumption,4.600005149841309,1.57430100440979,9.582691192626953
TUV,2015,national,consumption,4.281477451324463,1.574302315711975,10.29561996459961
TUV,2016,national,consumption,4.109475612640381,1.574302434921265,10.72654342651367
TUV,2017,national,consumption,4.024302005767822,1.574301838874817,10.95356464385986
TUV,2018,national,consumption,3.955088376998901,1.574302315711975,11.14525413513184
TUV,2019,national,consumption,3.564568996429443,1.574303269386292,12.36628913879395
TUV,2020,national,consumption,3.630634784698486,1.574301481246948,12.14124870300293
TUV,2021,national,consumption,3.53532338142395,1.574302792549133,12.46858406066895
TUV,2022,national,consumption,3.469443321228027,1.574302077293396,12.70534038543701
TUV,2023,national,consumption,3.33599066734314,1.574302434921265,13.21360683441162
TUV,2024,national,consumption,3.265133857727051,1.574301838874817,13.50034999847412
TUV,2025,national,consumption,3.20918869972229,1.574303269386292,13.7357120513916
TWN,1981,national,income,2.03155312504373,1.318456053733826,18.171698394947
TWN,1982,national,income,1.973358392715454,1.31437361240387,18.649658203125
TWN,1983,national,income,1.848061203956604,1.311666488647461,19.87307739257813
TWN,1984,national,income,1.716306209564209,1.309805274009705,21.36830139160156
TWN,1985,national,income,1.661826491355896,1.309850692749023,22.06958389282227
TWN,1986,national,income,1.520050211543823,1.314045190811157,24.205296225861
TWN,1987,national,income,1.289206624031067,1.308704257011414,28.42346572875977
TWN,1988,national,income,1.174590706825256,1.310214042663574,31.23300170898438
TWN,1989,national,income,1.060590624809265,1.311006546020508,34.61107635498047
TWN,1990,national,income,1.002976894378662,1.312714815139771,36.64691925048828
TWN,1991,national,income,.9152665957034922,1.319881081581116,40.37803773138
TWN,1992,national,income,.8976697325706482,1.34569251537323,41.97467041015625
TWN,1993,national,income,.9773486852645874,1.51811945438385,43.49250793457031
TWN,1994,national,income,.9651870131492615,1.561308622360229,45.29344177246094
TWN,1995,national,income,1.094425517653242,1.837261319160461,47.004859804946
TWN,1996,national,income,.8975474238395691,1.546557664871216,48.24660491943359
TWN,1997,national,income,.7620250622548184,1.351674675941467,49.666203041883
TWN,1998,national,income,.7512839436531067,1.346954584121704,50.20036697387695
TWN,1999,national,income,.7350987792015076,1.348909139633179,51.38011169433594
TWN,2000,national,income,.7221007872825836,1.357440233230591,52.635762548465
TWN,2001,national,income,.7670959234237671,1.36409592628479,49.79127883911133
TWN,2002,national,income,.7623734474182129,1.373584985733032,50.44821548461914
TWN,2003,national,income,.7657623887062073,1.381676197052002,50.52080535888672
TWN,2004,national,income,.7471233606338501,1.383898019790649,51.86445236206055
TWN,2005,national,income,.74200025335269,1.390458345413208,52.470109952241
TWN,2006,national,income,.7664852142333984,1.392566919326782,50.87100601196289
TWN,2007,national,income,.7822153744270621,1.391112089157104,49.795926721148
TWN,2008,national,income,.831260085105896,1.411535501480103,47.54588317871094
TWN,2009,national,income,.9102284908294678,1.439606666564941,44.28446960449219
TWN,2010,national,income,.8885960755549753,1.469419717788696,46.301973184246
TWN,2011,national,income,.8698293566703796,1.444827198982239,46.50930786132813
TWN,2012,national,income,.8583469390869141,1.430250883102417,46.65598678588867
TWN,2013,national,income,.8528168464701121,1.431972503662109,47.015055044734
TWN,2014,national,income,.8063614368438721,1.403053164482117,48.71945190429688
TWN,2015,national,income,.7873495817184448,1.38523256778717,49.26212310791016
TWN,2016,national,income,.7695011206424264,1.38081693649292,50.244079974328
TWN,2017,national,income,.7533781881292188,1.389491200447083,51.641732251917
TWN,2018,national,income,.7483626233963976,1.387272000312805,51.904806299917
TWN,2019,national,income,.7330842537902056,1.390933752059937,53.126425918095
TWN,2020,national,income,.6957368112706225,1.389320850372314,55.913362848507
TWN,2021,national,income,.6964058302063341,1.383057236671448,55.607806970669
TWN,2022,national,income,.6750300526618958,1.374170780181885,57.00010299682617
TWN,2023,national,income,.6661127209663391,1.374170184135437,57.76314544677734
TWN,2024,national,income,.642137885093689,1.374170422554016,59.91979598999023
TWN,2025,national,income,.6237813830375671,1.374170064926147,61.68309020996094
TZA,1981,national,consumption,16.80984306335449,1.506897211074829,2.510024785995483
TZA,1982,national,consumption,17.21159553527832,1.506622433662415,2.45098876953125
TZA,1983,national,consumption,17.65256690979004,1.506200551986694,2.389092445373535
TZA,1984,national,consumption,17.4931583404541,1.506362915039063,2.411123275756836
TZA,1985,national,consumption,17.73841857910156,1.50611138343811,2.377388954162598
TZA,1986,national,consumption,17.48875427246094,1.506375908851624,2.411751270294189
TZA,1987,national,consumption,17.31622695922852,1.506508588790894,2.435994863510132
TZA,1988,national,consumption,16.84089469909668,1.50677216053009,2.505188703536987
TZA,1989,national,consumption,16.7205753326416,1.506889462471008,2.523412227630615
TZA,1990,national,consumption,16.23305320739746,1.507002115249634,2.599391460418701
TZA,1991,national,consumption,16.28742408752441,1.50699508190155,2.590702056884766
TZA,1992,national,consumption,16.59088897705078,1.510200977325439,2.548725843429565
TZA,1993,national,consumption,17.82422256469727,1.539307355880737,2.418091773986816
TZA,1994,national,consumption,19.13188171386719,1.56088125705719,2.284389734268188
TZA,1995,national,consumption,20.10795402526855,1.575628519058228,2.194037199020386
TZA,1996,national,consumption,20.75397682189941,1.584805965423584,2.138123512268066
TZA,1997,national,consumption,21.53833198547363,1.586597919464111,2.062589645385742
TZA,1998,national,consumption,22.37204360961914,1.581080675125122,1.978820562362671
TZA,1999,national,consumption,23.02530670166016,1.569070339202881,1.90807318687439
TZA,2000,national,consumption,23.73996734619141,1.550086975097656,1.828243255615234
TZA,2001,national,consumption,22.58089637756348,1.551748871803284,1.924147129058838
TZA,2002,national,consumption,20.30189895629883,1.568554282188416,2.163320779800415
TZA,2003,national,consumption,18.61713027954102,1.582767486572266,2.380468368530273
TZA,2004,national,consumption,16.90717315673828,1.603099584579468,2.654896020889282
TZA,2005,national,consumption,15.48557949066162,1.617384195327759,2.924447059631348
TZA,2006,national,consumption,14.54576301574707,1.633582949638367,3.144580602645874
TZA,2007,national,consumption,13.66902577421686,1.647679567337036,3.375151035454
TZA,2008,national,consumption,12.98690605163574,1.62411904335022,3.501629590988159
TZA,2009,national,consumption,12.38848781585693,1.586722373962402,3.586251020431519
TZA,2010,national,consumption,11.71026515960693,1.556768417358398,3.722333669662476
TZA,2011,national,consumption,10.94373226165771,1.524325847625732,3.900051832199097
TZA,2012,national,consumption,10.65542793273926,1.502485990524292,3.948185682296753
TZA,2013,national,consumption,10.63957786560059,1.51970899105072,3.999392986297607
TZA,2014,national,consumption,10.62387943267822,1.542267799377441,4.064757823944092
TZA,2015,national,consumption,10.62876129150391,1.559477925300598,4.10822868347168
TZA,2016,national,consumption,10.61483192443848,1.606308698654175,4.2371506690979
TZA,2017,national,consumption,10.59816360473633,1.625108480453491,4.293483257293701
TZA,2018,national,consumption,10.60119533538818,1.635683655738831,4.320186614990234
TZA,2019,national,consumption,10.40425491333008,1.635737895965576,4.402108669281006
TZA,2020,national,consumption,10.4775276184082,1.63575291633606,4.371363639831543
TZA,2021,national,consumption,10.3858003616333,1.635658740997314,4.409717559814453
TZA,2022,national,consumption,10.27490329742432,1.635690093040466,4.457396984100342
TZA,2023,national,consumption,10.12760162353516,1.635719180107117,4.522308349609375
TZA,2024,national,consumption,9.961616516113281,1.635721683502197,4.597668170928955
TZA,2025,national,consumption,9.777741432189941,1.635630369186401,4.683867931365967
UGA,1981,national,consumption,20.53315544128418,1.869159340858459,2.54887580871582
UGA,1982,national,consumption,19.83976364135742,1.869269728660583,2.638113737106323
UGA,1983,national,consumption,19.83403778076172,1.869289636611938,2.638903379440308
UGA,1984,national,consumption,20.47154998779297,1.869128227233887,2.556503534317017
UGA,1985,national,consumption,21.10617828369141,1.869147062301636,2.479658603668213
UGA,1986,national,consumption,21.23469161987305,1.869126081466675,2.464623928070068
UGA,1987,national,consumption,20.82240676879883,1.86926805973053,2.513614654541016
UGA,1988,national,consumption,20.26606559753418,1.869011282920837,2.582263231277466
UGA,1989,national,consumption,19.86458011213381,1.877111315727234,2.645871092796
UGA,1990,national,consumption,19.6732234954834,1.814080357551575,2.581897735595703
UGA,1991,national,consumption,19.72564697265625,1.746177911758423,2.478650331497192
UGA,1992,national,consumption,19.60952568054199,1.677608370780945,2.395419120788574
UGA,1993,national,consumption,19.45746612548828,1.646915555000305,2.36997127532959
UGA,1994,national,consumption,19.09331130981445,1.626364231109619,2.385034084320068
UGA,1995,national,consumption,18.53545951843262,1.605446577072144,2.425216674804688
UGA,1996,national,consumption,18.38390922546387,1.576898813247681,2.401728868484497
UGA,1997,national,consumption,19.01877021789551,1.612253546714783,2.373607635498047
UGA,1998,national,consumption,19.59739685058594,1.67115318775177,2.387678861618042
UGA,1999,national,consumption,20.28497505187988,1.714952826499939,2.367204189300537
UGA,2000,national,consumption,20.74467849731445,1.74482524394989,2.355067014694214
UGA,2001,national,consumption,20.19087219238281,1.776686906814575,2.463847637176514
UGA,2002,national,consumption,19.56375694274902,1.861003041267395,2.663501024246216
UGA,2003,national,consumption,18.89676666259766,1.854219079017639,2.747461318969727
UGA,2004,national,consumption,18.1390323638916,1.763319611549377,2.721917390823364
UGA,2005,national,consumption,17.13343620300293,1.719639778137207,2.81028938293457
UGA,2006,national,consumption,16.0472412109375,1.718899488449097,2.999218702316284
UGA,2007,national,consumption,15.2122106552124,1.734603404998779,3.192757129669189
UGA,2008,national,consumption,14.56875896453857,1.749989628791809,3.363341331481934
UGA,2009,national,consumption,14.19264221191406,1.76377272605896,3.47966480255127
UGA,2010,national,consumption,13.42734432220459,1.747204422950745,3.643440008163452
UGA,2011,national,consumption,12.69477081298828,1.70518696308136,3.761015892028809
UGA,2012,national,consumption,12.31985473632813,1.667686820030212,3.790241956710815
UGA,2013,national,consumption,12.2333984375,1.657698631286621,3.794167280197144
UGA,2014,national,consumption,12.38790416717529,1.672446489334106,3.780179500579834
UGA,2015,national,consumption,12.56597995758057,1.682161211967468,3.748256206512451
UGA,2016,national,consumption,12.84508228302002,1.689945459365845,3.683781147003174
UGA,2017,national,consumption,12.98791313171387,1.72114896774292,3.710540056228638
UGA,2018,national,consumption,12.91187858581543,1.720879912376404,3.731806993484497
UGA,2019,national,consumption,12.97930431365967,1.710386037826538,3.689782381057739
UGA,2020,national,consumption,13.10106468200684,1.702906370162964,3.639504194259644
UGA,2021,national,consumption,13.02058887481689,1.702850341796875,3.661878108978271
UGA,2022,national,consumption,12.84428405761719,1.702820062637329,3.712076187133789
UGA,2023,national,consumption,12.74673271179199,1.702908039093018,3.740678310394287
UGA,2024,national,consumption,12.50175094604492,1.702814102172852,3.813769340515137
UGA,2025,national,consumption,12.21621131896973,1.702938675880432,3.903197288513184
UKR,1981,national,consumption,4.574109554290771,1.370317339897156,8.388274192810059
UKR,1982,national,consumption,4.487741470336914,1.37031090259552,8.54966926574707
UKR,1983,national,consumption,4.366743087768555,1.37033486366272,8.786725997924805
UKR,1984,national,consumption,4.305642604827881,1.370320916175842,8.91132640838623
UKR,1985,national,consumption,4.33415699005127,1.370323061943054,8.852712631225586
UKR,1986,national,consumption,4.327321529388428,1.370303630828857,8.866570472717285
UKR,1987,national,consumption,4.251463413238525,1.370321393013,9.02489185333252
UKR,1988,national,consumption,4.188380241394043,1.37032675743103,9.160856246948242
UKR,1989,national,consumption,4.088534832000732,1.370305776596069,9.384428024291992
UKR,1990,national,consumption,4.286341190338135,1.37032163143158,8.951458930969238
UKR,1991,national,consumption,4.571146011352539,1.370293736457825,8.39356803894043
UKR,1992,national,consumption,4.946793813746366,1.378251552581787,7.801223155417
UKR,1993,national,consumption,4.702610148114666,1.317554950714111,7.844906898237
UKR,1994,national,consumption,5.305231094360352,1.470351457595825,7.76023530960083
UKR,1995,national,consumption,5.514591202223314,1.616608738899231,8.208232251941
UKR,1996,national,consumption,6.209323429483185,1.521307706832886,6.860105836691
UKR,1997,national,consumption,6.179196357727051,1.478132843971252,6.69791316986084
UKR,1998,national,consumption,6.135002136230469,1.444644689559937,6.593323230743408
UKR,1999,national,income,7.432429494786168,1.295336842536926,4.87988901111
UKR,2000,national,consumption,5.522396564483643,1.377247214317322,6.983005046844482
UKR,2001,national,consumption,5.197572708129883,1.342863917350769,7.234182357788086
UKR,2002,national,consumption,4.968990782587252,1.315513730049133,7.412850235311
UKR,2003,national,consumption,4.37918355073351,1.298022270202637,8.299406426135
UKR,2004,national,consumption,3.952083677218237,1.311424255371094,9.291270701759
UKR,2005,national,consumption,3.330141066789578,1.311208844184875,11.024712734885
UKR,2006,national,consumption,3.095733076601301,1.319511532783508,11.934596170637
UKR,2007,national,consumption,3.108250916281427,1.259442567825317,11.345413518615
UKR,2008,national,consumption,2.693295775506879,1.249523401260376,12.990275653384
UKR,2009,national,consumption,2.851268431836381,1.225475907325745,12.034407582009
UKR,2010,national,consumption,2.643573401705458,1.211975336074829,12.836907971423
UKR,2011,national,consumption,2.539336996522454,1.209575772285461,13.337386986389
UKR,2012,national,consumption,2.445163720451538,1.213154196739197,13.892042453346
UKR,2013,national,consumption,2.307710735337166,1.209402084350586,14.673961025295
UKR,2014,national,consumption,2.378747215557576,1.199514269828796,14.119364524802
UKR,2015,national,consumption,2.705357615455269,1.229645729064941,12.726628354474
UKR,2016,national,consumption,2.651418244502243,1.221295356750488,12.897350346664
UKR,2017,national,consumption,2.454979379296875,1.239596962928772,14.138088662512
UKR,2018,national,consumption,2.352087380188509,1.241564154624939,14.779975875748
UKR,2019,national,consumption,2.158765350014857,1.251230239868164,16.228927962248
UKR,2020,national,consumption,2.21013469085357,1.229031324386597,15.570488501008
UKR,2021,national,consumption,2.139134645462036,1.226929545402527,16.05977821350098
UKR,2022,national,consumption,2.544226884841919,1.226936221122742,13.50281047821045
UKR,2023,national,consumption,2.299294471740723,1.22693657875061,14.94120216369629
UKR,2024,national,consumption,2.224624395370483,1.226927280426025,15.44259071350098
UKR,2025,national,consumption,2.226800680160522,1.226933360099792,15.42757415771484
URY,1981,national,income,3.082027435302734,1.952807307243347,17.74111557006836
URY,1982,national,income,3.429389476776123,1.952798366546631,15.94404888153076
URY,1983,national,income,3.839194774627686,1.952760934829712,14.241868019104
URY,1984,national,income,3.901277542114258,1.952787637710571,14.01542282104492
URY,1985,national,income,3.863587617874146,1.952801465988159,14.15224552154541
URY,1986,national,income,3.569355249404907,1.95278000831604,15.31868839263916
URY,1987,national,income,3.323797702789307,1.952836513519287,16.45088768005371
URY,1988,national,income,3.294585227966309,1.952758550643921,16.59609222412109
URY,1989,national,income,3.27817964553833,1.952901601791382,16.68036842346191
URY,1990,national,income,3.287545919418335,1.952756762504578,16.63161277770996
URY,1991,national,income,3.193625450134277,1.952829957008362,17.12136840820313
URY,1992,national,income,2.975397825241089,1.952868700027466,18.37748336791992
URY,1993,national,income,2.913682222366333,1.952873349189758,18.76678657531738
URY,1994,national,income,2.730254173278809,1.948710441589355,19.98491287231445
URY,1995,national,income,2.784828424453735,1.94859254360199,19.59208297729492
URY,1996,national,income,2.651641607284546,1.948663473129272,20.576904296875
URY,1997,national,income,2.455814838409424,1.948625087738037,22.21726989746094
URY,1998,national,income,2.36130690574646,1.948476195335388,23.1047191619873
URY,1999,national,income,2.408607959747314,1.948610186576843,22.65253829956055
URY,2000,national,income,2.4651780128479,1.948570609092712,22.13226699829102
URY,2001,national,income,2.570109128952026,1.948629021644592,21.22929763793945
URY,2002,national,income,2.789338111877441,1.951767563819885,19.5922794342041
URY,2003,national,income,2.769079208374023,1.948595404624939,19.70354270935059
URY,2004,national,income,2.638641119003296,1.948659420013428,20.67824363708496
URY,2005,national,income,2.457469940185547,1.948630571365356,22.20236968994141
URY,2006,national,income,2.38677449323586,1.963136076927185,23.030164760308
URY,2007,national,income,2.222721669580713,1.994099378585815,25.12000658096
URY,2008,national,income,1.957367999450802,1.928066253662109,27.580840755321
URY,2009,national,income,1.870164276739585,1.976310610771179,29.589217951405
URY,2010,national,income,1.800980193796591,1.910756945610046,29.706708669497
URY,2011,national,income,1.598811279561104,1.82493269443512,31.960066117886
URY,2012,national,income,1.54294338579091,1.75978696346283,31.935089495656
URY,2013,national,income,1.495780487131914,1.775055527687073,33.227840123741
URY,2014,national,income,1.406714301409913,1.761953592300415,35.070875155037
URY,2015,national,income,1.391654289073376,1.768326163291931,35.57861460651
URY,2016,national,income,1.38558063672909,1.727959036827087,34.918827865481
URY,2017,national,income,1.317302667602848,1.705948829650879,36.26089130069
URY,2018,national,income,1.340184940360359,1.707241535186768,35.668781547374
URY,2019,national,income,1.37242211778934,1.718682050704956,35.064355285848
URY,2020,national,income,1.530257164632137,1.77229630947113,32.428731101316
URY,2021,national,income,1.506174789407787,1.770911455154419,32.921490922329
URY,2022,national,income,1.458813023969387,1.76372766494751,33.852437082541
URY,2023,national,income,1.461615873121093,1.78917407989502,34.274992919373
URY,2024,national,income,1.38861870765686,1.744585752487183,35.17769241333008
URY,2025,national,income,1.360546708106995,1.744545221328735,35.90267562866211
USA,1981,national,income,1.119765000088467,2.193954229354858,54.860365394535
USA,1982,national,income,1.234241494855929,2.455910444259644,55.714778885147
USA,1983,national,income,1.191380089856908,2.449971199035645,57.5796037447
USA,1984,national,income,1.110266225025092,2.374391794204712,59.8802035764
USA,1985,national,income,1.104388723045282,2.408440113067627,61.062124741397
USA,1986,national,income,1.106440229926047,2.482818365097046,62.831153511074
USA,1987,national,income,1.033647532496676,2.390466451644897,64.75424140518901
USA,1988,national,income,1.00598976840942,2.364610910415649,65.814888327812
USA,1989,national,income,.9986608369216324,2.385460615158081,66.882461054258
USA,1990,national,income,1.021876597848089,2.375051498413086,65.07776456596299
USA,1991,national,income,1.040731212243465,2.393105745315552,64.384502420977
USA,1992,national,income,1.061226303891716,2.440883636474609,64.401664949295
USA,1993,national,income,1.094854037302877,2.570271492004395,65.732596880092
USA,1994,national,income,1.101144424941656,2.630420446395874,66.88657017816401
USA,1995,national,income,1.100194103767653,2.668025493621826,67.90139278200201
USA,1996,national,income,1.164841308392141,2.869902610778809,68.985599052097
USA,1997,national,income,1.226743493767467,3.110671758651733,71.000015105725
USA,1998,national,income,1.231170191824618,3.207539558410645,72.947761083461
USA,1999,national,income,1.181612550751053,3.150938987731934,74.666008765081
USA,2000,national,income,1.184223376194151,3.194185733795166,75.52392571615501
USA,2001,national,income,1.268932804492611,3.421782970428467,75.504329809054
USA,2002,national,income,1.23401430813263,3.335803747177124,75.689968588082
USA,2003,national,income,1.374941092564621,3.773167371749878,76.83869795161699
USA,2004,national,income,1.446717250437775,3.926256895065308,75.989411275245
USA,2005,national,income,1.415739208345696,3.924609661102295,77.619573696138
USA,2006,national,income,1.438046908371855,4.055418014526367,78.962451961258
USA,2007,national,income,1.428906225232155,4.003031730651855,78.44104300534001
USA,2008,national,income,1.473174592108321,4.016469478607178,76.339320529771
USA,2009,national,income,1.304999967609899,3.606108903884888,77.372453262322
USA,2010,national,income,1.473285402060178,3.970480918884277,75.459558065547
USA,2011,national,income,1.455368367146129,3.970494270324707,76.38879929671199
USA,2012,national,income,1.4637196372993,4.008871555328369,76.687096143087
USA,2013,national,income,1.451385139554864,3.950882434844971,76.22008999113299
USA,2014,national,income,1.570454790755718,4.30223274230957,76.705494992407
USA,2015,national,income,1.477528202959764,4.201930999755859,79.628983204528
USA,2016,national,income,1.442815636004927,4.293540477752686,83.322585899971
USA,2017,national,income,1.52042840946914,4.581949234008789,84.380547725874
USA,2018,national,income,1.393011754779629,4.391521453857422,88.27104067990101
USA,2019,national,income,1.269018950329032,4.266025066375732,94.126803439627
USA,2020,national,income,.7935485151019476,2.735771894454956,96.53047167519701
USA,2021,national,income,.7642688508936676,2.646882057189941,96.97202104126799
USA,2022,national,income,1.554171067002609,4.99274206161499,89.949418471729
USA,2023,national,income,1.420666390278615,4.716212749481201,92.952119380539
USA,2024,national,income,1.357133507728577,4.4775390625,92.37933349609375
USA,2025,national,income,1.353189826011658,4.477538108825684,92.64854431152344
UZB,1981,national,consumption,20.88729286193848,2.026164293289185,2.716129779815674
UZB,1982,national,consumption,20.75849533081055,2.026248216629028,2.733095407485962
UZB,1983,national,consumption,20.60933494567871,2.026137351989746,2.752725601196289
UZB,1984,national,consumption,21.56171226501465,2.026353597640991,2.63141918182373
UZB,1985,national,consumption,21.57622528076172,2.026188611984253,2.629435062408447
UZB,1986,national,consumption,22.17431831359863,2.026086807250977,2.558384418487549
UZB,1987,national,consumption,22.68940734863281,2.026172399520874,2.500410318374634
UZB,1988,national,consumption,21.7541675567627,2.026335000991821,2.608115434646606
UZB,1989,national,consumption,21.68581199645996,2.026024103164673,2.615935087203979
UZB,1990,national,consumption,21.81450843811035,2.026297569274902,2.600852966308594
UZB,1991,national,consumption,22.25954627990723,2.026272773742676,2.548822641372681
UZB,1992,national,consumption,24.55176162719727,2.025994777679443,2.310541152954102
UZB,1993,national,consumption,25.35693359375,2.026038646697998,2.237221717834473
UZB,1994,national,consumption,26.58553886413574,2.017380237579346,2.124713182449341
UZB,1995,national,consumption,27.0123119354248,2.008947849273682,2.082403659820557
UZB,1996,national,consumption,27.03855133056641,2.008263349533081,2.079674005508423
UZB,1997,national,consumption,26.54629135131836,2.01823878288269,2.128760099411011
UZB,1998,national,consumption,26.19162141787411,2.0274817943573,2.16746759861
UZB,1999,national,consumption,27.97681045532227,1.797381997108459,1.798871874809265
UZB,2000,national,consumption,29.83189926692508,1.492538332939148,1.400885400909
UZB,2001,national,consumption,27.92947959899902,1.445793151855469,1.449443697929382
UZB,2002,national,consumption,26.23237071600518,1.39201295375824,1.485811634662
UZB,2003,national,consumption,29.11143729553301,1.468660235404968,1.412588629648
UZB,2004,national,consumption,27.88947677612305,1.472254157066345,1.47808849811554
UZB,2005,national,consumption,26.83490753173828,1.472313642501831,1.536237120628357
UZB,2006,national,consumption,25.73734474182129,1.472179651260376,1.601603865623474
UZB,2007,national,consumption,24.38364219665527,1.47231662273407,1.690677165985107
UZB,2008,national,consumption,23.18695068359375,1.472298979759216,1.777912616729736
UZB,2009,national,consumption,22.20147323608398,1.472254633903503,1.85677444934845
UZB,2010,national,consumption,21.3199462890625,1.472200751304626,1.933476805686951
UZB,2011,national,consumption,20.47706031799316,1.472289562225342,2.013184785842896
UZB,2012,national,consumption,19.7178955078125,1.472333550453186,2.090757608413696
UZB,2013,national,income,5.105826377868652,1.54538905620575,8.474806785583496
UZB,2014,national,income,4.857438087463379,1.545313954353333,8.90773868560791
UZB,2015,national,income,4.609522342681885,1.545393586158752,9.387310981750488
UZB,2016,national,income,4.426921367645264,1.545310378074646,9.773991584777832
UZB,2017,national,income,4.312784194946289,1.545237302780151,10.03218364715576
UZB,2018,national,income,4.157081604003906,1.545328855514526,10.40855407714844
UZB,2019,national,income,3.96424388885498,1.545342922210693,10.9149694442749
UZB,2020,national,income,3.97657585144043,1.545243263244629,10.88041877746582
UZB,2021,national,income,3.77480109057859,1.554365873336792,11.529678454896
UZB,2022,national,income,3.590701685376222,1.541155695915222,12.017806742436
UZB,2023,national,income,3.198826975157194,1.710781335830688,14.974825502322
UZB,2024,national,income,3.082638502120972,1.697129487991333,15.41524410247803
UZB,2025,national,income,2.969034194946289,1.697095990180969,16.00476264953613
VCT,1981,national,,7.497424602508545,3.405282020568848,12.71741962432861
VCT,1982,national,,7.623676776885986,3.433813333511353,12.61160182952881
VCT,1983,national,,8.401516914367676,3.540835618972778,11.80065441131592
VCT,1984,national,,8.305234909057617,3.517069101333618,11.85733318328857
VCT,1985,national,,7.954611301422119,3.38092303276062,11.90075016021729
VCT,1986,national,,6.745903015136719,3.492966890335083,14.49814414978027
VCT,1987,national,,7.52939510345459,3.528818368911743,13.12282276153564
VCT,1988,national,,7.891745090484619,3.63255500793457,12.88834571838379
VCT,1989,national,,7.81828498840332,3.652914762496948,13.08235931396484
VCT,1990,national,,7.929935932159424,3.388048648834229,11.96294212341309
VCT,1991,national,,7.83985424041748,3.296554565429688,11.77362823486328
VCT,1992,national,,8.037450790405273,3.297601222991943,11.48782539367676
VCT,1993,national,,7.986493587493896,3.50852632522583,12.30060958862305
VCT,1994,national,,7.785102367401123,3.522962331771851,12.67073154449463
VCT,1995,national,,7.519270896911621,3.547326564788818,13.20941162109375
VCT,1996,national,,8.084501266479492,3.779983758926392,13.09166049957275
VCT,1997,national,,7.901110649108887,3.745749473571777,13.27420806884766
VCT,1998,national,,7.830459594726563,3.787169218063354,13.54208374023438
VCT,1999,national,,7.994837284088135,3.750094890594482,13.13380813598633
VCT,2000,national,,7.658184051513672,3.766472578048706,13.77104949951172
VCT,2001,national,,7.299802780151367,3.605034351348877,13.82790279388428
VCT,2002,national,,6.792012691497803,3.297470808029175,13.59378814697266
VCT,2003,national,,6.716479778289795,3.288531541824341,13.70939636230469
VCT,2004,national,,6.349272727966309,3.170278549194336,13.9807825088501
VCT,2005,national,,6.155342102050781,3.246074914932251,14.76605129241943
VCT,2006,national,,5.479649543762207,3.099343776702881,15.83707618713379
VCT,2007,national,,5.034153461456299,2.960683584213257,16.46734428405762
VCT,2008,national,,4.777429580688477,2.896310806274414,16.97496604919434
VCT,2009,national,,4.658419609069824,2.831486463546753,17.01899528503418
VCT,2010,national,,4.398510456085205,2.768479347229004,17.62356185913086
VCT,2011,national,,4.218143939971924,2.763738632202148,18.34567070007324
VCT,2012,national,,4.05217456817627,2.76348352432251,19.09531211853027
VCT,2013,national,,3.859222412109375,2.698874711990356,19.58127403259277
VCT,2014,national,,3.795360088348389,2.647285223007202,19.53015899658203
VCT,2015,national,,3.600244760513306,2.567713260650635,19.96974563598633
VCT,2016,national,,3.654151201248169,2.627557039260864,20.13370323181152
VCT,2017,national,,3.62459921836853,2.624851942062378,20.2769603729248
VCT,2018,national,,3.5965576171875,2.635875940322876,20.5208797454834
VCT,2019,national,,3.604058265686035,2.64488697052002,20.54817962646484
VCT,2020,national,,3.641482353210449,2.520908355712891,19.38370895385742
VCT,2021,national,,3.678749322891235,2.580506086349487,19.64096069335938
VCT,2022,national,,3.390941619873047,2.514363527297974,20.76183700561523
VCT,2023,national,,3.269550323486328,2.499966859817505,21.40938758850098
VCT,2024,national,,3.203426837921143,2.483994007110596,21.71169662475586
VCT,2025,national,,3.174818515777588,2.491985321044922,21.97781944274902
VEN,1981,national,income,4.136202497908078,2.710325479507446,18.347533065725
VEN,1982,national,income,4.107232093811035,2.674261808395386,18.23109245300293
VEN,1983,national,income,4.703799247741699,2.645296812057495,15.74648571014404
VEN,1984,national,income,4.584576606750488,2.617759227752686,15.98779296875
VEN,1985,national,income,4.660158634185791,2.589837312698364,15.56072521209717
VEN,1986,national,income,4.43535852432251,2.556781530380249,16.14072036743164
VEN,1987,national,income,4.332904908348111,2.519520282745361,16.281586921376
VEN,1988,national,income,4.503246784210205,2.764567852020264,17.18935394287109
VEN,1989,national,income,5.855435661148513,3.070103168487549,14.680869745371
VEN,1990,national,income,5.628763675689697,2.845175743103027,14.15318298339844
VEN,1991,national,income,5.311883449554443,2.67360520362854,14.09310817718506
VEN,1992,national,income,5.236944940772738,2.52462363243103,13.498225341445
VEN,1993,national,income,5.659991264343262,2.50973105430603,12.4156494140625
VEN,1994,national,income,6.40160083770752,2.588304281234741,11.32099914550781
VEN,1995,national,income,6.8266054048856,2.638145208358765,10.820614141361
VEN,1996,national,income,7.168018341064453,2.759589672088623,10.77961921691895
VEN,1997,national,income,7.160463809967041,2.926702260971069,11.44446277618408
VEN,1998,national,income,7.581388645783888,3.093879461288452,11.426485566731
VEN,1999,national,income,7.805802024312552,2.874162435531616,10.309837148967
VEN,2000,national,income,7.560235023498535,2.819308757781982,10.44155979156494
VEN,2001,national,income,7.211338942408517,2.796640634536743,10.858723988971
VEN,2002,national,income,10.00998584889331,3.198998689651489,8.948260950171001
VEN,2003,national,income,11.53333478768235,3.123295068740845,7.58256522299
VEN,2004,national,income,10.68731407216683,3.241636276245117,8.492855768258
VEN,2005,national,income,10.36824008080465,3.937951803207397,10.634654149753
VEN,2006,national,income,6.52001445126724,3.033250570297241,13.026200795375
VEN,2007,national,income,6.052974700927734,3.022623777389526,13.98212814331055
VEN,2008,national,income,5.837226867675781,3.022609233856201,14.49884700775146
VEN,2009,national,income,6.121315479278564,3.022683382034302,13.82629871368408
VEN,2010,national,income,6.306272506713867,3.022686243057251,13.42079925537109
VEN,2011,national,income,6.142635822296143,3.022740364074707,13.77856826782227
VEN,2012,national,income,5.90012788772583,3.022718667984009,14.34479427337646
VEN,2013,national,income,5.905357360839844,3.022661685943604,14.33182144165039
VEN,2014,national,income,6.231204509735107,3.022658586502075,13.58235645294189
VEN,2015,national,,3.600244760513306,2.567713260650635,19.96974563598633
VEN,2016,national,,3.654151201248169,2.627557039260864,20.13370323181152
VEN,2017,national,,3.62459921836853,2.624851942062378,20.2769603729248
VEN,2018,national,,3.5965576171875,2.635875940322876,20.5208797454834
VEN,2019,national,,3.604058265686035,2.64488697052002,20.54817962646484
VEN,2020,national,,3.641482353210449,2.520908355712891,19.38370895385742
VEN,2021,national,,3.678749322891235,2.580506086349487,19.64096069335938
VEN,2022,national,,3.390941619873047,2.514363527297974,20.76183700561523
VEN,2023,national,,3.269550323486328,2.499966859817505,21.40938758850098
VEN,2024,national,,3.203426837921143,2.483994007110596,21.71169662475586
VEN,2025,national,,3.174818515777588,2.491985321044922,21.97781944274902
VGB,1981,national,,1.496624946594238,2.132287263870239,39.8924560546875
VGB,1982,national,,1.493242144584656,2.167636394500732,40.64566421508789
VGB,1983,national,,1.463216304779053,2.16046404838562,41.34248352050781
VGB,1984,national,,1.427136659622192,2.160440683364868,42.38720703125
VGB,1985,national,,1.393227577209473,2.151299715042114,43.23514175415039
VGB,1986,national,,1.367812395095825,2.170376777648926,44.42900848388672
VGB,1987,national,,1.327402472496033,2.19279670715332,46.25447845458984
VGB,1988,national,,1.248824954032898,2.121755838394165,47.57205200195313
VGB,1989,national,,1.210408210754395,2.113552093505859,48.89214706420898
VGB,1990,national,,1.197982668876648,2.109210252761841,49.29777908325195
VGB,1991,national,,1.199968338012695,2.127433776855469,49.64142990112305
VGB,1992,national,,1.204667806625366,2.152277946472168,50.02523040771484
VGB,1993,national,,1.258595585823059,2.234933614730835,49.72061157226563
VGB,1994,national,,1.22137176990509,2.207353830337524,50.60367965698242
VGB,1995,national,,1.192130208015442,2.189465522766113,51.42478179931641
VGB,1996,national,,1.189279556274414,2.214619636535645,52.14026641845703
VGB,1997,national,,1.198803067207336,2.280360221862793,53.26152801513672
VGB,1998,national,,1.210111260414124,2.360380887985229,54.61536026000977
VGB,1999,national,,1.155880689620972,2.313583135604858,56.04413223266602
VGB,2000,national,,1.132245898246765,2.305874347686768,57.02337265014648
VGB,2001,national,,1.140905141830444,2.34704327583313,57.60094451904297
VGB,2002,national,,1.129328727722168,2.353925704956055,58.36203002929688
VGB,2003,national,,1.139819979667664,2.411402225494385,59.23677825927734
VGB,2004,national,,1.143701553344727,2.438053131103516,59.68819808959961
VGB,2005,national,,1.135640740394592,2.461805820465088,60.69750595092773
VGB,2006,national,,1.120078682899475,2.466006517410278,61.64583206176758
VGB,2007,national,,1.080879807472229,2.445630550384521,63.3536262512207
VGB,2008,national,,1.110014200210571,2.492559671401978,62.87457656860352
VGB,2009,national,,1.073621869087219,2.406819343566895,62.76971817016602
VGB,2010,national,,1.108794093132019,2.475446701049805,62.51161193847656
VGB,2011,national,,1.120316624641418,2.479135513305664,61.96087265014648
VGB,2012,national,,1.158023834228516,2.556088447570801,61.80397415161133
VGB,2013,national,,1.142036318778992,2.538648843765259,62.24160003662109
VGB,2014,national,,1.162987470626831,2.615633726119995,62.97380447387695
VGB,2015,national,,1.122166514396667,2.596498489379883,64.78713989257813
VGB,2016,national,,1.115796446800232,2.630395412445068,66.00762176513672
VGB,2017,national,,1.122286438941956,2.677948713302612,66.81232452392578
VGB,2018,national,,1.092122197151184,2.666604995727539,68.36683654785156
VGB,2019,national,,1.038674831390381,2.617498636245728,70.56102752685547
VGB,2020,national,,.8649140000343323,2.236176729202271,72.39210510253906
VGB,2021,national,,.8297843337059021,2.172513484954834,73.30866241455078
VGB,2022,national,,1.06429922580719,2.745012044906616,72.21685028076172
VGB,2023,national,,1.006985545158386,2.637865304946899,73.34785461425781
VGB,2024,national,,.9825437068939209,2.606427907943726,74.27657318115234
VGB,2025,national,,.9767363667488098,2.607769250869751,74.75665283203125
VIR,1981,national,,1.496624946594238,2.132287263870239,39.8924560546875
VIR,1982,national,,1.493242144584656,2.167636394500732,40.64566421508789
VIR,1983,national,,1.463216304779053,2.16046404838562,41.34248352050781
VIR,1984,national,,1.427136659622192,2.160440683364868,42.38720703125
VIR,1985,national,,1.393227577209473,2.151299715042114,43.23514175415039
VIR,1986,national,,1.367812395095825,2.170376777648926,44.42900848388672
VIR,1987,national,,1.327402472496033,2.19279670715332,46.25447845458984
VIR,1988,national,,1.248824954032898,2.121755838394165,47.57205200195313
VIR,1989,national,,1.210408210754395,2.113552093505859,48.89214706420898
VIR,1990,national,,1.197982668876648,2.109210252761841,49.29777908325195
VIR,1991,national,,1.199968338012695,2.127433776855469,49.64142990112305
VIR,1992,national,,1.204667806625366,2.152277946472168,50.02523040771484
VIR,1993,national,,1.258595585823059,2.234933614730835,49.72061157226563
VIR,1994,national,,1.22137176990509,2.207353830337524,50.60367965698242
VIR,1995,national,,1.192130208015442,2.189465522766113,51.42478179931641
VIR,1996,national,,1.189279556274414,2.214619636535645,52.14026641845703
VIR,1997,national,,1.198803067207336,2.280360221862793,53.26152801513672
VIR,1998,national,,1.210111260414124,2.360380887985229,54.61536026000977
VIR,1999,national,,1.155880689620972,2.313583135604858,56.04413223266602
VIR,2000,national,,1.132245898246765,2.305874347686768,57.02337265014648
VIR,2001,national,,1.140905141830444,2.34704327583313,57.60094451904297
VIR,2002,national,,1.129328727722168,2.353925704956055,58.36203002929688
VIR,2003,national,,1.139819979667664,2.411402225494385,59.23677825927734
VIR,2004,national,,1.143701553344727,2.438053131103516,59.68819808959961
VIR,2005,national,,1.135640740394592,2.461805820465088,60.69750595092773
VIR,2006,national,,1.120078682899475,2.466006517410278,61.64583206176758
VIR,2007,national,,1.080879807472229,2.445630550384521,63.3536262512207
VIR,2008,national,,1.110014200210571,2.492559671401978,62.87457656860352
VIR,2009,national,,1.073621869087219,2.406819343566895,62.76971817016602
VIR,2010,national,,1.108794093132019,2.475446701049805,62.51161193847656
VIR,2011,national,,1.120316624641418,2.479135513305664,61.96087265014648
VIR,2012,national,,1.158023834228516,2.556088447570801,61.80397415161133
VIR,2013,national,,1.142036318778992,2.538648843765259,62.24160003662109
VIR,2014,national,,1.162987470626831,2.615633726119995,62.97380447387695
VIR,2015,national,,1.122166514396667,2.596498489379883,64.78713989257813
VIR,2016,national,,1.115796446800232,2.630395412445068,66.00762176513672
VIR,2017,national,,1.122286438941956,2.677948713302612,66.81232452392578
VIR,2018,national,,1.092122197151184,2.666604995727539,68.36683654785156
VIR,2019,national,,1.038674831390381,2.617498636245728,70.56102752685547
VIR,2020,national,,.8649140000343323,2.236176729202271,72.39210510253906
VIR,2021,national,,.8297843337059021,2.172513484954834,73.30866241455078
VIR,2022,national,,1.06429922580719,2.745012044906616,72.21685028076172
VIR,2023,national,,1.006985545158386,2.637865304946899,73.34785461425781
VIR,2024,national,,.9825437068939209,2.606427907943726,74.27657318115234
VIR,2025,national,,.9767363667488098,2.607769250869751,74.75665283203125
VNM,1981,national,consumption,15.81497287750244,1.45087730884552,2.568740606307983
VNM,1982,national,consumption,15.17591571807861,1.451303005218506,2.677695751190186
VNM,1983,national,consumption,14.6566333770752,1.45164954662323,2.773228168487549
VNM,1984,national,consumption,14.03570461273193,1.452060461044312,2.896733283996582
VNM,1985,national,consumption,13.89787197113037,1.452147722244263,2.925637483596802
VNM,1986,national,consumption,13.84193420410156,1.452295422554016,2.937759399414063
VNM,1987,national,consumption,13.69798755645752,1.452336668968201,2.96871542930603
VNM,1988,national,consumption,13.4155158996582,1.452551245689392,3.031671285629272
VNM,1989,national,consumption,12.94989681243896,1.45297384262085,3.141590118408203
VNM,1990,national,consumption,12.68888187408447,1.452886581420898,3.206021070480347
VNM,1991,national,consumption,12.36433410644531,1.452990055084229,3.290409564971924
VNM,1992,national,consumption,11.82849979400635,1.45296049118042,3.439395904541016
VNM,1993,national,consumption,11.3334846496582,1.45247209072113,3.588412523269653
VNM,1994,national,consumption,10.7001838684082,1.446047306060791,3.783983945846558
VNM,1995,national,consumption,10.06550121307373,1.443069577217102,4.01430082321167
VNM,1996,national,consumption,9.471512794494629,1.439500570297241,4.255499362945557
VNM,1997,national,consumption,8.989965438842773,1.435871601104736,4.472142219543457
VNM,1998,national,consumption,8.728840827941895,1.434879660606384,4.602745056152344
VNM,1999,national,consumption,8.984843254089355,1.455119371414185,4.534674644470215
VNM,2000,national,consumption,9.091854095458984,1.46990442276001,4.526834964752197
VNM,2001,national,consumption,9.210444450378418,1.479318022727966,4.497166633605957
VNM,2002,national,consumption,9.314574887502967,1.484715104103088,4.463115296484
VNM,2003,national,consumption,8.654346466064453,1.494970679283142,4.836781024932861
VNM,2004,national,consumption,8.024478068866038,1.508618354797363,5.264057335683
VNM,2005,national,consumption,7.50420618057251,1.495038866996765,5.578350067138672
VNM,2006,national,consumption,7.117145330048285,1.494027018547058,5.877743582235
VNM,2007,national,consumption,6.747801780700684,1.485671758651733,6.164793968200684
VNM,2008,national,consumption,6.520776755613249,1.478273153305054,6.347655962258
VNM,2009,national,consumption,5.157895565032959,1.540962338447571,8.365222930908203
VNM,2010,national,consumption,4.03914866363118,1.614665389060974,11.193109090208
VNM,2011,national,consumption,3.829528570175171,1.555538296699524,11.37348175048828
VNM,2012,national,consumption,3.654439768351374,1.502346396446228,11.510847205162
VNM,2013,national,consumption,3.549324512481689,1.503219485282898,11.85863590240479
VNM,2014,national,consumption,3.44673764975806,1.499979853630066,12.185272111072
VNM,2015,national,consumption,3.212000370025635,1.510632395744324,13.16864967346191
VNM,2016,national,consumption,3.033898166289086,1.524705052375793,14.07158059379
VNM,2017,national,consumption,2.902898788452148,1.536114692687988,14.81664180755615
VNM,2018,national,consumption,2.784362604623956,1.556691288948059,15.654339101241
VNM,2019,national,consumption,2.558019161224365,1.557909846305847,17.05283355712891
VNM,2020,national,consumption,2.517131888784409,1.573617219924927,17.504558794104
VNM,2021,national,consumption,2.617643117904663,1.590002059936523,17.00768852233887
VNM,2022,national,consumption,2.633878028246812,1.560256719589233,16.58664029324
VNM,2023,national,consumption,2.54725456237793,1.56952953338623,17.25262451171875
VNM,2024,national,consumption,2.45173716545105,1.569519519805908,17.92465591430664
VNM,2025,national,consumption,2.366847515106201,1.569500803947449,18.56732368469238
VUT,1981,national,consumption,7.877012729644775,1.555849552154541,5.530496120452881
VUT,1982,national,consumption,7.897431373596191,1.555880784988403,5.516307830810547
VUT,1983,national,consumption,7.86708927154541,1.555851340293884,5.537478446960449
VUT,1984,national,consumption,7.5048828125,1.555843114852905,5.804701805114746
VUT,1985,national,consumption,7.585561275482178,1.555886387825012,5.743124008178711
VUT,1986,national,consumption,7.729422092437744,1.555854916572571,5.636118412017822
VUT,1987,national,consumption,8.03018856048584,1.555876731872559,5.42509651184082
VUT,1988,national,consumption,8.272604942321777,1.555883407592773,5.266144752502441
VUT,1989,national,consumption,8.332248687744141,1.555873274803162,5.228414535522461
VUT,1990,national,consumption,7.842022895812988,1.555848956108093,5.555170059204102
VUT,1991,national,consumption,7.808980941772461,1.555913090705872,5.578905582427979
VUT,1992,national,consumption,7.805033683776855,1.555896639823914,5.581667900085449
VUT,1993,national,consumption,7.898703098297119,1.555845856666565,5.51529598236084
VUT,1994,national,consumption,7.554391860961914,1.555816769599915,5.766561985015869
VUT,1995,national,consumption,7.624338626861572,1.555860638618469,5.713819980621338
VUT,1996,national,consumption,7.620675563812256,1.55586564540863,5.7165846824646
VUT,1997,national,consumption,7.480560302734375,1.55584728717804,5.823591232299805
VUT,1998,national,consumption,7.528836250305176,1.555852770805359,5.786269664764404
VUT,1999,national,consumption,7.620631694793701,1.555857539176941,5.716588020324707
VUT,2000,national,consumption,7.437701225280762,1.555904984474182,5.85736608505249
VUT,2001,national,consumption,7.752494812011719,1.555914998054504,5.619561195373535
VUT,2002,national,consumption,8.183895111083984,1.555853128433228,5.323123931884766
VUT,2003,national,consumption,8.084700584411621,1.555830121040344,5.388355731964111
VUT,2004,national,consumption,8.001996040344238,1.555835008621216,5.444064140319824
VUT,2005,national,consumption,7.849172592163086,1.555855274200439,5.550132274627686
VUT,2006,national,consumption,7.539572238922119,1.555854797363281,5.778038024902344
VUT,2007,national,consumption,7.519108295440674,1.555843949317932,5.793723106384277
VUT,2008,national,consumption,7.365130424499512,1.555823445320129,5.914770603179932
VUT,2009,national,consumption,7.341833591461182,1.555832624435425,5.933574199676514
VUT,2010,national,consumption,7.421056104114072,1.551766633987427,5.85488980783
VUT,2011,national,consumption,7.274805068969727,1.543524503707886,5.940872192382813
VUT,2012,national,consumption,7.272083759307861,1.529858112335205,5.890474796295166
VUT,2013,national,consumption,7.285774230957031,1.516139388084412,5.82668399810791
VUT,2014,national,consumption,7.171314716339111,1.493858575820923,5.832687854766846
VUT,2015,national,consumption,7.192512035369873,1.480646371841431,5.764063835144043
VUT,2016,national,consumption,7.003039360046387,1.467683553695679,5.868186473846436
VUT,2017,national,consumption,6.75084114074707,1.453617691993713,6.029070377349854
VUT,2018,national,consumption,6.660268306732178,1.436862945556641,6.040621757507324
VUT,2019,national,consumption,6.552914142608643,1.42494785785675,6.088671207427979
VUT,2020,national,consumption,6.884501457214355,1.417628407478333,5.765645503997803
VUT,2021,national,consumption,7.073078155517578,1.417630553245544,5.611935138702393
VUT,2022,national,consumption,7.094002723693848,1.417624711990356,5.595358848571777
VUT,2023,national,consumption,7.10066032409668,1.417611598968506,5.590061187744141
VUT,2024,national,consumption,7.226787090301514,1.417627334594727,5.492560386657715
VUT,2025,national,consumption,7.434279918670654,1.417594909667969,5.339139461517334
WSM,1981,national,consumption,5.280733585357666,1.64368462562561,8.715298652648926
WSM,1982,national,consumption,5.302296161651611,1.643683552742004,8.679850578308105
WSM,1983,national,consumption,5.274001121520996,1.643674612045288,8.726370811462402
WSM,1984,national,consumption,5.180761814117432,1.643664836883545,8.883368492126465
WSM,1985,national,consumption,5.017716884613037,1.643675923347473,9.172084808349609
WSM,1986,national,consumption,4.925370216369629,1.643688917160034,9.344127655029297
WSM,1987,national,consumption,4.955219268798828,1.64367413520813,9.287757873535156
WSM,1988,national,consumption,4.928367614746094,1.6436687707901,9.338330268859863
WSM,1989,national,consumption,4.950271606445313,1.64368212223053,9.297085762023926
WSM,1990,national,consumption,5.07671070098877,1.643681287765503,9.065530776977539
WSM,1991,national,consumption,5.135497570037842,1.643667936325073,8.96168327331543
WSM,1992,national,consumption,5.091941833496094,1.643686056137085,9.038439750671387
WSM,1993,national,consumption,5.095503330230713,1.643672347068787,9.032047271728516
WSM,1994,national,consumption,5.054210186004639,1.643689632415771,9.105935096740723
WSM,1995,national,consumption,4.849026679992676,1.643688678741455,9.491241455078125
WSM,1996,national,consumption,4.751331329345703,1.64368212223053,9.686358451843262
WSM,1997,national,consumption,4.73103141784668,1.643675923347473,9.727884292602539
WSM,1998,national,consumption,4.684675216674805,1.643680334091187,9.82417106628418
WSM,1999,national,consumption,4.592921733856201,1.643670916557312,10.02037239074707
WSM,2000,national,consumption,4.424949645996094,1.643688559532166,10.40085983276367
WSM,2001,national,consumption,4.255530834197998,1.643678545951843,10.81486701965332
WSM,2002,national,consumption,4.125938182624863,1.650201439857483,11.198820137359
WSM,2003,national,consumption,4.059062004089355,1.650083899497986,11.38251876831055
WSM,2004,national,consumption,3.988028764724731,1.649851679801941,11.5836296081543
WSM,2005,national,consumption,3.924252986907959,1.649651169776917,11.77045249938965
WSM,2006,national,consumption,3.912145137786865,1.648370623588562,11.79771614074707
WSM,2007,national,consumption,3.889348268508911,1.648531079292297,11.86802196502686
WSM,2008,national,consumption,3.884511746789955,1.652492642402649,11.911353896909
WSM,2009,national,consumption,3.834279298782349,1.630228161811829,11.90481567382813
WSM,2010,national,consumption,3.735617876052856,1.612768411636353,12.08836555480957
WSM,2011,national,consumption,3.769024848937988,1.596245884895325,11.85847473144531
WSM,2012,national,consumption,3.851746320724487,1.578181743621826,11.4724817276001
WSM,2013,national,consumption,3.875049114227295,1.571003437042236,11.35162258148193
WSM,2014,national,consumption,3.840280532836914,1.566849946975708,11.42411327362061
WSM,2015,national,consumption,3.709338426589966,1.566852688789368,11.82741260528564
WSM,2016,national,consumption,3.612834930419922,1.566848754882813,12.14330768585205
WSM,2017,national,consumption,3.62411642074585,1.566856741905212,12.10556793212891
WSM,2018,national,consumption,3.678906679153442,1.566859722137451,11.92530155181885
WSM,2019,national,consumption,3.655971050262451,1.566859245300293,12.00011157989502
WSM,2020,national,consumption,3.814750909805298,1.566852569580078,11.50058650970459
WSM,2021,national,consumption,4.01001501083374,1.566845774650574,10.94052791595459
WSM,2022,national,consumption,3.989115476608276,1.566851377487183,10.99788665771484
WSM,2023,national,consumption,3.825561761856079,1.56685745716095,11.46812152862549
WSM,2024,national,consumption,3.617602586746216,1.566856980323792,12.12736701965332
WSM,2025,national,consumption,3.555612087249756,1.566850781440735,12.33875370025635
XKX,1981,national,,4.022099018096924,2.127710103988647,14.81213760375977
XKX,1982,national,,4.021931171417236,2.1243577003479,14.78941631317139
XKX,1983,national,,3.972891807556152,2.129438638687134,15.00777912139893
XKX,1984,national,,3.99956226348877,2.155197143554688,15.08803081512451
XKX,1985,national,,3.982531309127808,2.164631128311157,15.21888065338135
XKX,1986,national,,3.999850749969482,2.202648162841797,15.41911315917969
XKX,1987,national,,4.000618457794189,2.209896802902222,15.46688556671143
XKX,1988,national,,3.936280250549316,2.207039833068848,15.69936943054199
XKX,1989,national,,3.957510232925415,2.234930515289307,15.81247997283936
XKX,1990,national,,4.059558391571045,2.195662498474121,15.1441478729248
XKX,1991,national,,4.308886051177979,2.172605037689209,14.11802101135254
XKX,1992,national,,4.739667415618896,2.20238995552063,13.0108118057251
XKX,1993,national,,5.129764080047607,2.134275436401367,11.64960289001465
XKX,1994,national,,5.623541831970215,2.24151086807251,11.16063594818115
XKX,1995,national,,5.454283237457275,2.349752426147461,12.06264209747314
XKX,1996,national,,5.660495281219482,2.343099594116211,11.59029102325439
XKX,1997,national,,5.506176948547363,2.243096590042114,11.40659046173096
XKX,1998,national,,5.534165859222412,2.270540475845337,11.48775386810303
XKX,1999,national,,6.176583766937256,2.197290182113647,9.96086597442627
XKX,2000,national,consumption,5.970574378967285,1.293087840080261,6.064150333404541
XKX,2001,national,consumption,5.786196231842041,1.293097138404846,6.257430553436279
XKX,2002,national,consumption,5.909668445587158,1.293113470077515,6.126769542694092
XKX,2003,national,consumption,5.879408893889701,1.293263673782349,6.159017369821
XKX,2004,national,consumption,6.136216640472412,1.329376578330994,6.066041469573975
XKX,2005,national,consumption,6.046483219542839,1.369036793708801,6.339723454781
XKX,2006,national,consumption,5.99770683099294,1.333907842636108,6.227283546149
XKX,2007,national,consumption,5.644581317901611,1.347985863685608,6.686697006225586
XKX,2008,national,consumption,5.67929220199585,1.366142511367798,6.735344886779785
XKX,2009,national,consumption,5.441017766477983,1.384033799171448,7.122371081535
XKX,2010,national,consumption,5.34842344886836,1.411251187324524,7.388164610695
XKX,2011,national,consumption,5.051776509765576,1.285282015800476,7.123809756469
XKX,2012,national,consumption,4.3020398014952,1.309753060340881,8.524581031379
XKX,2013,national,consumption,4.066752543017646,1.251115798950195,8.614057952374999
XKX,2014,national,consumption,4.209043400019032,1.293137550354004,8.602394239905999
XKX,2015,national,consumption,3.945087073446158,1.262550473213196,8.960870198964001
XKX,2016,national,consumption,3.946662823009403,1.2794429063797,9.077137918921
XKX,2017,national,consumption,3.957534819526809,1.32308566570282,9.360978975676
XKX,2018,national,income,10.21892780149992,3.423953771591187,9.381679477032
XKX,2019,national,income,6.235939153632938,2.813486814498901,12.632841379408
XKX,2020,national,income,9.940742508666224,6.355729579925537,17.902125792021
XKX,2021,national,income,11.89767901380847,5.058246612548828,11.904078813829
XKX,2022,national,income,11.33741664886475,5.023616313934326,12.40681743621826
XKX,2023,national,income,10.91958236694336,5.02358865737915,12.88148880004883
XKX,2024,national,income,10.52509307861328,5.023608207702637,13.36435031890869
XKX,2025,national,income,10.07762241363525,5.023602962493896,13.95774555206299
YEM,1981,national,consumption,6.586965560913086,1.48662793636322,6.31938648223877
YEM,1982,national,consumption,6.63984489440918,1.486606240272522,6.268968105316162
YEM,1983,national,consumption,6.514087200164795,1.486677527427673,6.390299797058105
YEM,1984,national,consumption,6.473164081573486,1.486549973487854,6.430147647857666
YEM,1985,national,consumption,6.646947860717773,1.486605405807495,6.262265205383301
YEM,1986,national,consumption,6.688455104827881,1.486570239067078,6.223255634307861
YEM,1987,national,consumption,6.653344631195068,1.486650466918945,6.256434440612793
YEM,1988,national,consumption,6.609623432159424,1.486618876457214,6.297685146331787
YEM,1989,national,consumption,6.604658603668213,1.486612319946289,6.302391529083252
YEM,1990,national,consumption,6.767407894134521,1.486576914787292,6.150679111480713
YEM,1991,national,consumption,6.66037130355835,1.486587882041931,6.249570369720459
YEM,1992,national,consumption,6.471316814422607,1.48656702041626,6.432056903839111
YEM,1993,national,consumption,6.464289665222168,1.486648321151733,6.439401149749756
YEM,1994,national,consumption,6.337444305419922,1.486615777015686,6.568143367767334
YEM,1995,national,consumption,6.25285530090332,1.486657023429871,6.657182216644287
YEM,1996,national,consumption,6.201943397521973,1.486652612686157,6.711811065673828
YEM,1997,national,consumption,6.119242191314697,1.486646413803101,6.802492618560791
YEM,1998,national,consumption,6.033651625352988,1.49224579334259,6.92497446183
YEM,1999,national,consumption,6.165614604949951,1.485497832298279,6.746114253997803
YEM,2000,national,consumption,6.228146076202393,1.485320210456848,6.677583694458008
YEM,2001,national,consumption,6.384283065795898,1.481592059135437,6.497922897338867
YEM,2002,national,consumption,6.529743671417236,1.476797819137573,6.332612991333008
YEM,2003,national,consumption,6.680910110473633,1.465772747993469,6.143120765686035
YEM,2004,national,consumption,6.820704936981201,1.451843857765198,5.960033416748047
YEM,2005,national,consumption,6.890629768371582,1.434524416923523,5.829174518585205
YEM,2006,national,consumption,6.97349214553833,1.436160564422607,5.766479015350342
YEM,2007,national,consumption,7.008026123046875,1.444384574890137,5.770921230316162
YEM,2008,national,consumption,7.154535293579102,1.454825758934021,5.693608283996582
YEM,2009,national,consumption,7.208531856536865,1.463613986968994,5.685095310211182
YEM,2010,national,consumption,7.078097820281982,1.472586989402771,5.825355529785156
YEM,2011,national,consumption,8.08759593963623,1.47414231300354,5.103616237640381
YEM,2012,national,consumption,8.192475318908691,1.482363224029541,5.06637716293335
YEM,2013,national,consumption,8.080007553100586,1.49101734161377,5.166886806488037
YEM,2014,national,consumption,8.445968110688952,1.496717214584351,4.961903747056
YEM,2015,national,consumption,10.68416786193848,1.499470949172974,3.92966365814209
YEM,2016,national,consumption,11.66923809051514,1.499508619308472,3.59802770614624
YEM,2017,national,consumption,12.35089683532715,1.499486804008484,3.399399280548096
YEM,2018,national,consumption,12.54386425018311,1.499552249908447,3.347251176834106
YEM,2019,national,consumption,12.62129974365234,1.499481201171875,3.326557159423828
YEM,2020,national,consumption,13.68367004394531,1.499487280845642,3.068302869796753
YEM,2021,national,consumption,14.04549407958984,1.499491572380066,2.989269256591797
YEM,2022,national,consumption,14.18144798278809,1.499459266662598,2.960548162460327
YEM,2023,national,consumption,14.68684673309326,1.499529719352722,2.858805179595947
YEM,2024,national,consumption,15.01735401153564,1.499452114105225,2.795742750167847
YEM,2025,national,consumption,15.48497581481934,1.499511480331421,2.71142315864563
ZAF,1981,national,consumption,9.274477005004883,2.924031257629395,8.827761650085449
ZAF,1982,national,consumption,9.525297164916992,2.924063682556152,8.595404624938965
ZAF,1983,national,consumption,9.886415481567383,2.923754930496216,8.28056812286377
ZAF,1984,national,consumption,9.781822204589844,2.923724889755249,8.369023323059082
ZAF,1985,national,consumption,10.09726905822754,2.923963069915771,8.10822868347168
ZAF,1986,national,consumption,10.32297420501709,2.924052000045776,7.931188583374023
ZAF,1987,national,consumption,10.39808177947998,2.923934698104858,7.873584270477295
ZAF,1988,national,consumption,10.24418354034424,2.924195766448975,7.992582321166992
ZAF,1989,national,consumption,10.26024436950684,2.923856973648071,7.979146480560303
ZAF,1990,national,consumption,10.2573356628418,2.923926830291748,7.981600284576416
ZAF,1991,national,consumption,10.45948123931885,2.924083948135376,7.82776403427124
ZAF,1992,national,consumption,10.69740009307861,2.923964977264404,7.653356552124023
ZAF,1993,national,consumption,10.71302401070996,2.939598083496094,7.683054166487
ZAF,1994,national,consumption,10.87734985351563,2.926101207733154,7.532242298126221
ZAF,1995,national,consumption,10.87098121643066,2.923436403274536,7.529791355133057
ZAF,1996,national,consumption,10.96864604949951,2.915325164794922,7.442039966583252
ZAF,1997,national,consumption,11.1408166885376,2.901541233062744,7.292387962341309
ZAF,1998,national,consumption,11.52352333068848,2.882284164428711,7.003409862518311
ZAF,1999,national,consumption,11.79776477813721,2.858545064926147,6.784273624420166
ZAF,2000,national,consumption,11.85973262786865,2.82998514175415,6.681396961212158
ZAF,2001,national,consumption,11.96993827819824,2.839826583862305,6.642903327941895
ZAF,2002,national,consumption,11.69791889190674,3.026373386383057,7.24389123916626
ZAF,2003,national,consumption,11.70997142791748,3.181792259216309,7.60806131362915
ZAF,2004,national,consumption,10.80655860900879,3.401227951049805,8.812646865844727
ZAF,2005,national,consumption,10.12750109185753,3.528534412384033,9.755512250914
ZAF,2006,national,consumption,8.416618347167969,3.459219694137573,11.50796508789063
ZAF,2007,national,consumption,8.337621688842773,3.486269235610962,11.70783996582031
ZAF,2008,national,consumption,7.89417839050293,3.433324098587036,12.1777172088623
ZAF,2009,national,consumption,7.833179473876953,3.439415693283081,12.2943229675293
ZAF,2010,national,consumption,7.727838122002916,3.582820892333984,12.981506920191
ZAF,2011,national,consumption,7.716016292572021,3.579498052597046,12.98933792114258
ZAF,2012,national,consumption,7.802263259887695,3.60116720199585,12.92351722717285
ZAF,2013,national,consumption,7.982400417327881,3.620055437088013,12.69812965393066
ZAF,2014,national,consumption,8.215118408203125,3.637727022171021,12.39864730834961
ZAF,2015,national,consumption,8.355353355407715,3.641029119491577,12.20161628723145
ZAF,2016,national,consumption,8.36876392364502,3.640346050262451,12.17977809906006
ZAF,2017,national,consumption,8.308648109436035,3.640703201293945,12.2691068649292
ZAF,2018,national,consumption,8.225083351135254,3.640433549880981,12.3928394317627
ZAF,2019,national,consumption,8.246813774108887,3.640520572662354,12.36048030853271
ZAF,2020,national,consumption,8.712060928344727,3.640468120574951,11.70022869110107
ZAF,2021,national,consumption,8.445783615112305,3.641082525253296,12.07114887237549
ZAF,2022,national,consumption,8.385166168212891,3.64060640335083,12.15682315826416
ZAF,2023,national,consumption,8.421387672424316,3.640878200531006,12.10543823242188
ZAF,2024,national,consumption,8.447054862976074,3.640849113464355,12.06855869293213
ZAF,2025,national,consumption,8.467526435852051,3.640539646148682,12.03835773468018
ZMB,1981,national,consumption,27.64911270141602,4.138783931732178,4.19130802154541
ZMB,1982,national,consumption,28.83806800842285,4.138895511627197,4.018614292144775
ZMB,1983,national,consumption,29.90083503723145,4.138970851898193,3.875850915908813
ZMB,1984,national,consumption,30.6169605255127,4.138496875762939,3.784762144088745
ZMB,1985,national,consumption,30.9189453125,4.138635635375977,3.747921943664551
ZMB,1986,national,consumption,31.41233253479004,4.138789653778076,3.689191579818726
ZMB,1987,national,consumption,31.46291923522949,4.138226985931396,3.682759284973145
ZMB,1988,national,consumption,30.73539733886719,4.138826847076416,3.770478248596191
ZMB,1989,national,consumption,31.52884101867676,4.13859748840332,3.675388336181641
ZMB,1990,national,consumption,32.20489883422852,4.138657569885254,3.598285436630249
ZMB,1991,national,consumption,32.79204138943823,4.13090181350708,3.527235295718
ZMB,1992,national,consumption,28.68380928039551,3.325070858001709,3.245802640914917
ZMB,1993,national,consumption,23.51549765813445,2.658555746078491,3.165553205083
ZMB,1994,national,consumption,21.66092109680176,2.548233509063721,3.293975114822388
ZMB,1995,national,consumption,18.12951850891113,2.370907545089722,3.661730527877808
ZMB,1996,national,consumption,14.33248958448299,2.094691753387451,4.092197071994
ZMB,1997,national,consumption,14.49646759033203,2.16292929649353,4.177708625793457
ZMB,1998,national,consumption,15.16252972478968,2.194413900375366,4.05233085589
ZMB,1999,national,consumption,15.18898296356201,2.119303226470947,3.906811475753784
ZMB,2000,national,consumption,15.33249187469482,2.011285543441772,3.672983884811401
ZMB,2001,national,consumption,15.35191535949707,1.900048017501831,3.465453147888184
ZMB,2002,national,consumption,15.46127700805664,1.79572594165802,3.252016305923462
ZMB,2003,national,consumption,15.92218589782715,1.780977129936218,3.131941795349121
ZMB,2004,national,consumption,19.21528244018555,2.257247924804688,3.289201974868774
ZMB,2005,national,consumption,21.67133712768555,2.566079616546631,3.315449714660645
ZMB,2006,national,consumption,22.68741226196289,2.535866737365723,3.129676818847656
ZMB,2007,national,consumption,22.86848258972168,2.468483448028564,3.022392749786377
ZMB,2008,national,consumption,22.39687728881836,2.404513120651245,3.006060600280762
ZMB,2009,national,consumption,21.75946426391602,2.341735124588013,3.013336420059204
ZMB,2010,national,consumption,21.01835458110222,2.274878263473511,3.030522345284
ZMB,2011,national,consumption,21.29256629943848,2.369369983673096,3.115752220153809
ZMB,2012,national,consumption,21.13469886779785,2.473784208297729,3.277357339859009
ZMB,2013,national,consumption,21.53713989257813,2.574821472167969,3.347473382949829
ZMB,2014,national,consumption,22.19864845275879,2.667157411575317,3.364187002182007
ZMB,2015,national,consumption,22.89412506609782,2.751591920852661,3.365255210792
ZMB,2016,national,consumption,22.7750129699707,2.703979253768921,3.32431960105896
ZMB,2017,national,consumption,22.71287536621094,2.648545980453491,3.265076875686646
ZMB,2018,national,consumption,22.56006622314453,2.591007709503174,3.215780258178711
ZMB,2019,national,consumption,22.80231475830078,2.535843133926392,3.113877296447754
ZMB,2020,national,consumption,23.66194152832031,2.465252161026001,2.917218685150146
ZMB,2021,national,consumption,23.17442512512207,2.407756090164185,2.909119367599487
ZMB,2022,national,consumption,22.85301976595635,2.332756519317627,2.858142302932
ZMB,2023,national,consumption,22.43619537353516,2.34541130065918,2.927034378051758
ZMB,2024,national,consumption,22.50252723693848,2.345206499099731,2.918151378631592
ZMB,2025,national,consumption,22.0059871673584,2.345882654190063,2.984856605529785
ZWE,1981,national,consumption,6.9742431640625,1.710620641708374,6.867753028869629
ZWE,1982,national,consumption,7.037559032440186,1.710597395896912,6.805871963500977
ZWE,1983,national,consumption,7.147646427154541,1.710634469985962,6.701193809509277
ZWE,1984,national,consumption,7.424905300140381,1.71062171459198,6.450911521911621
ZWE,1985,national,consumption,7.256828784942627,1.710548758506775,6.600040912628174
ZWE,1986,national,consumption,7.321505069732666,1.710592865943909,6.541906356811523
ZWE,1987,national,consumption,7.43274450302124,1.71057140827179,6.443918228149414
ZWE,1988,national,consumption,7.220537662506104,1.710587859153748,6.633364677429199
ZWE,1989,national,consumption,7.111327171325684,1.710617661476135,6.735352516174316
ZWE,1990,national,consumption,6.912124633789063,1.710590362548828,6.929349899291992
ZWE,1991,national,consumption,6.778467178344727,1.710626840591431,7.06613302230835
ZWE,1992,national,consumption,7.374467849731445,1.71059513092041,6.494931697845459
ZWE,1993,national,consumption,7.396061897277832,1.710604071617126,6.476002216339111
ZWE,1994,national,consumption,6.952764987945557,1.710607886314392,6.888916969299316
ZWE,1995,national,consumption,6.990469932556152,1.710669636726379,6.852006912231445
ZWE,1996,national,consumption,6.5961594581604,1.710616946220398,7.261388301849365
ZWE,1997,national,consumption,6.560539245605469,1.710624814033508,7.300847053527832
ZWE,1998,national,consumption,6.519794940948486,1.710631132125854,7.346499919891357
ZWE,1999,national,consumption,6.63163948059082,1.710635662078857,7.222618103027344
ZWE,2000,national,consumption,6.820061206817627,1.710596084594727,7.02291202545166
ZWE,2001,national,consumption,6.783737182617188,1.710591316223145,7.060497283935547
ZWE,2002,national,consumption,7.281481742858887,1.710622191429138,6.577977180480957
ZWE,2003,national,consumption,8.330904960632324,1.710821628570557,5.750036239624023
ZWE,2004,national,consumption,8.747932434082031,1.710646867752075,5.475363731384277
ZWE,2005,national,consumption,9.171160697937012,1.710569143295288,5.222450733184814
ZWE,2006,national,consumption,9.478678703308105,1.71069610118866,5.053393363952637
ZWE,2007,national,consumption,9.816302299499512,1.710616827011108,4.879359722137451
ZWE,2008,national,consumption,11.29031276702881,1.71061909198761,4.242339134216309
ZWE,2009,national,consumption,10.52106761932373,1.71064019203186,4.552572727203369
ZWE,2010,national,consumption,9.256095886230469,1.710509896278381,5.174349784851074
ZWE,2011,national,consumption,8.509817975523839,1.717278361320496,5.650390269733
ZWE,2012,national,consumption,8.112024307250977,1.727022171020508,5.961103916168213
ZWE,2013,national,consumption,8.373433113098145,1.740172386169434,5.818978309631348
ZWE,2014,national,consumption,8.728276252746582,1.751234173774719,5.617897033691406
ZWE,2015,national,consumption,9.045304298400879,1.7703617811203,5.48020601272583
ZWE,2016,national,consumption,9.436434745788574,1.765419363975525,5.238391876220703
ZWE,2017,national,consumption,9.633754498960172,1.741641163825989,5.06198840345
ZWE,2018,national,consumption,9.975193977355957,1.903539061546326,5.34316349029541
ZWE,2019,national,consumption,11.201323507172,2.066822528839111,5.166445861581
ZWE,2020,national,consumption,11.95642566680908,2.070846796035767,4.84958553314209
ZWE,2021,national,consumption,11.42699813842773,2.070776462554932,5.074100971221924
ZWE,2022,national,consumption,11.08966732025146,2.070785045623779,5.228468894958496
ZWE,2023,national,consumption,10.81869983673096,2.070870637893677,5.359643936157227
ZWE,2024,national,consumption,10.83682060241699,2.070554494857788,5.349864959716797
ZWE,2025,national,consumption,10.54165077209473,2.07087230682373,5.500507354736328
